id_kecamatan|id_kota|nama_kecamatan|slug|created_at
6023|414|Poleang Selatan|poleang-selatan|2026-05-13 22:19:10
2113|133|Kismantoro|kismantoro|2026-05-13 20:30:07
3737|257|Pagelaran|pagelaran|2026-05-13 21:19:13
6244|431|Passi Timur|passi-timur|2026-05-13 22:25:33
373|33|Sobang|sobang|2026-05-13 19:36:36
6801|480|Gandus|gandus|2026-05-13 22:41:37
484|39|Benda|benda|2026-05-13 19:40:40
1085|83|Banjaranyar|banjaranyar|2026-05-13 20:00:49
7076|498|Halongonan|halongonan|2026-05-13 22:50:17
6875|485|Bangun Purba|bangun-purba|2026-05-13 22:43:39
874|71|Bangko|bangko|2026-05-13 19:54:32
6809|480|Kemuning|kemuning|2026-05-13 22:41:49
1397|93|Serangpanjang|serangpanjang|2026-05-13 20:09:27
1526|97|Cibeunying Kaler|cibeunying-kaler|2026-05-13 20:12:32
6239|431|Dumoga Timur|dumoga-timur|2026-05-13 22:25:23
6952|491|Gebang|gebang|2026-05-13 22:46:10
5124|349|Passue Bawah|passue-bawah|2026-05-13 21:55:04
2782|169|Tanggunggunung|tanggunggunung|2026-05-13 20:49:42
1911|122|Batangan|batangan|2026-05-13 20:24:01
4592|324|Waropen Bawah|waropen-bawah|2026-05-13 21:41:49
5144|350|Semangga|semangga|2026-05-13 21:55:33
6060|419|Baula|baula|2026-05-13 22:20:15
5320|361|Pasir Penyu|pasir-penyu|2026-05-13 21:59:58
2145|136|Pekalongan Barat|pekalongan-barat|2026-05-13 20:31:03
2026|128|Suruh|suruh|2026-05-13 20:27:42
4274|299|Solor Selatan|solor-selatan|2026-05-13 21:33:26
6572|462|Payakumbuh Barat|payakumbuh-barat|2026-05-13 22:34:23
4717|334|Misool (Misool Utara)|misool-misool-utara|2026-05-13 21:44:53
3086|198|Amuntai Tengah|amuntai-tengah|2026-05-13 20:59:55
7206|506|Laguboti|laguboti|2026-05-13 22:54:44
4198|295|Mollo Barat|mollo-barat|2026-05-13 21:31:23
6130|423|Wawonii Tenggara|wawonii-tenggara|2026-05-13 22:22:18
6394|444|Tikala|tikala|2026-05-13 22:29:50
3224|210|Pulau Petak|pulau-petak|2026-05-13 21:04:17
6438|448|Sipora Selatan|sipora-selatan|2026-05-13 22:30:55
1320|90|Banjaran|banjaran|2026-05-13 20:07:32
1569|102|Harjamukti|harjamukti|2026-05-13 20:13:31
6171|425|Wiwirano|wiwirano|2026-05-13 22:23:35
2217|142|Srono|srono|2026-05-13 20:32:58
1598|105|Mangkubumi|mangkubumi|2026-05-13 20:14:11
6804|480|Ilir Timur I|ilir-timur-i|2026-05-13 22:41:41
7087|499|Pergetteng Getteng Sengkut|pergetteng-getteng-sengkut|2026-05-13 22:50:43
2373|149|Kras|kras|2026-05-13 20:37:25
3423|230|Tanjung Palas Utara|tanjung-palas-utara|2026-05-13 21:10:13
6351|439|Tompaso Baru|tompaso-baru|2026-05-13 22:28:35
364|33|Kalanganyar|kalanganyar|2026-05-13 19:36:15
4134|290|Pemenang|pemenang|2026-05-13 21:29:53
1424|94|Gunungguruh|gunungguruh|2026-05-13 20:10:05
2785|170|Bumiaji|bumiaji|2026-05-13 20:49:47
6100|422|Amonggedo|amonggedo|2026-05-13 22:21:25
1959|124|Pulosari|pulosari|2026-05-13 20:25:28
809|66|Buntulia|buntulia|2026-05-13 19:52:32
3425|231|Bahau Hulu|bahau-hulu|2026-05-13 21:10:17
155|11|Kuta Makmur|kuta-makmur|2026-05-13 19:25:24
4448|314|Katala Hamu Lingu|katala-hamu-lingu|2026-05-13 21:38:17
3107|199|Pulau Laut Selatan|pulau-laut-selatan|2026-05-13 21:00:37
6433|448|Siberut Barat Daya|siberut-barat-daya|2026-05-13 22:30:49
3255|213|Mentaya Hilir Utara|mentaya-hilir-utara|2026-05-13 21:05:15
1993|126|Kutoarjo|kutoarjo|2026-05-13 20:26:34
5646|385|Walenrang Barat|walenrang-barat|2026-05-13 22:08:29
5198|355|Napan|napan|2026-05-13 21:56:52
6812|480|Sako|sako|2026-05-13 22:41:54
4187|295|Fatukopa|fatukopa|2026-05-13 21:31:07
6074|420|Ladongi|ladongi|2026-05-13 22:20:39
2933|185|Belimbing Hulu|belimbing-hulu|2026-05-13 20:54:23
1937|123|Karanganyar|karanganyar|2026-05-13 20:24:52
2386|149|Ringinrejo|ringinrejo|2026-05-13 20:37:49
5928|408|Kasimbar|kasimbar|2026-05-13 22:16:29
438|35|Tunjung Teja|tunjung-teja|2026-05-13 19:39:00
4269|299|Ile Mandiri|ile-mandiri|2026-05-13 21:33:13
1972|125|Karangmoncol|karangmoncol|2026-05-13 20:25:51
1233|87|Gabuswetan|gabuswetan|2026-05-13 20:05:05
3670|252|Metro Kibang|metro-kibang|2026-05-13 21:17:11
5046|345|Seradala|seradala|2026-05-13 21:52:50
837|68|Muara Tembesi|muara-tembesi|2026-05-13 19:53:23
4462|314|Umalulu|umalulu|2026-05-13 21:38:36
5170|353|Sugapa|sugapa|2026-05-13 21:56:12
5483|373|Mamuju|mamuju|2026-05-13 22:04:11
4398|310|Alok|alok|2026-05-13 21:36:49
3585|247|Bengkong|bengkong|2026-05-13 21:14:41
6159|425|Andowia|andowia|2026-05-13 22:23:13
426|35|Kragilan|kragilan|2026-05-13 19:38:33
5267|358|Mewoluk|mewoluk|2026-05-13 21:58:29
5230|356|Youtadi|youtadi|2026-05-13 21:57:35
1296|89|Ciniru|ciniru|2026-05-13 20:06:50
3006|190|Tempunak|tempunak|2026-05-13 20:57:05
962|77|Kota Baru|kota-baru|2026-05-13 19:57:19
5019|345|Endomen|endomen|2026-05-13 21:52:12
6107|422|Konawe|konawe|2026-05-13 22:21:37
5703|390|Cempa|cempa|2026-05-13 22:10:04
5934|408|Parigi Barat|parigi-barat|2026-05-13 22:16:40
4752|335|Saengkeduk|saengkeduk|2026-05-13 21:45:40
3964|276|Gane Timur Selatan|gane-timur-selatan|2026-05-13 21:25:40
509|41|Pasar Manna|pasar-manna|2026-05-13 19:42:26
2955|187|Paloh|paloh|2026-05-13 20:55:13
3649|251|Seputih Mataram|seputih-mataram|2026-05-13 21:16:36
2849|179|Lumar|lumar|2026-05-13 20:51:29
7239|509|Medan Maimun|medan-maimun|2026-05-13 22:55:45
3396|227|Balikpapan Barat|balikpapan-barat|2026-05-13 21:09:29
6830|482|Buntu Pane|buntu-pane|2026-05-13 22:42:22
6452|449|Suliki|suliki|2026-05-13 22:31:16
664|52|Tanjungsari|tanjungsari|2026-05-13 19:48:05
5793|396|Tondon|tondon|2026-05-13 22:12:27
6747|475|Buay Runjung|buay-runjung|2026-05-13 22:39:58
4602|326|Fak-Fak Barat|fak-fak-barat|2026-05-13 21:42:04
3692|253|Bunga Mayang|bunga-mayang|2026-05-13 21:17:48
7149|502|Tapian Dolok|tapian-dolok|2026-05-13 22:52:41
6492|452|Talamau|talamau|2026-05-13 22:32:14
6015|414|Kabaena Timur|kabaena-timur|2026-05-13 22:18:58
6031|414|Rumbia Tengah|rumbia-tengah|2026-05-13 22:19:22
4636|329|Ransiki|ransiki|2026-05-13 21:43:00
2544|157|Gerih|gerih|2026-05-13 20:42:11
3656|251|Way Seputih|way-seputih|2026-05-13 21:16:47
2469|153|Sukomoro|sukomoro|2026-05-13 20:40:09
2986|189|Belitang|belitang|2026-05-13 20:56:09
6774|476|Madang Suku I|madang-suku-i|2026-05-13 22:40:48
5185|354|Mimika Barat Tengah|mimika-barat-tengah|2026-05-13 21:56:34
5109|348|Ninati|ninati|2026-05-13 21:54:33
2588|160|Gempol|gempol|2026-05-13 20:43:28
6198|427|Napano Kusambi|napano-kusambi|2026-05-13 22:24:17
642|51|Piyungan|piyungan|2026-05-13 19:47:18
6352|439|Tumpaan|tumpaan|2026-05-13 22:28:37
3821|263|Metro Barat|metro-barat|2026-05-13 21:21:44
6150|424|Moramo Utara|moramo-utara|2026-05-13 22:22:56
1452|95|Cimanggung|cimanggung|2026-05-13 20:10:47
6997|493|Idanogawo|idanogawo|2026-05-13 22:47:41
5002|344|Timori|timori|2026-05-13 21:51:45
4449|314|Kota Waingapu|kota-waingapu|2026-05-13 21:38:18
1787|115|Nalumsari|nalumsari|2026-05-13 20:20:06
5037|345|Ninia|ninia|2026-05-13 21:52:36
4049|283|Moti|moti|2026-05-13 21:27:40
5204|355|Wapoga|wapoga|2026-05-13 21:56:58
7229|509|Medan Area|medan-area|2026-05-13 22:55:31
1776|115|Bangsri|bangsri|2026-05-13 20:19:47
7114|501|Sipispis|sipispis|2026-05-13 22:51:34
4519|318|Kemtuk|kemtuk|2026-05-13 21:40:02
909|73|Air Hitam|air-hitam|2026-05-13 19:55:37
4735|335|Beraur|beraur|2026-05-13 21:45:17
3478|236|Jebus|jebus|2026-05-13 21:11:46
317|28|Jembrana|jembrana|2026-05-13 19:34:20
674|53|Pengasih|pengasih|2026-05-13 19:48:26
5605|383|Arungkeke|arungkeke|2026-05-13 22:07:22
2921|184|Jelimpo|jelimpo|2026-05-13 20:53:35
6426|447|Sitiung|sitiung|2026-05-13 22:30:40
2646|162|Pakuniran|pakuniran|2026-05-13 20:45:15
5376|365|Kuala Kampar|kuala-kampar|2026-05-13 22:01:31
1648|107|Wangon|wangon|2026-05-13 20:15:35
2590|160|Grati|grati|2026-05-13 20:43:33
6220|429|Wolio|wolio|2026-05-13 22:24:52
872|70|Siulak Mukai|siulak-mukai|2026-05-13 19:54:27
6682|470|Stl Ulu Terawas|stl-ulu-terawas|2026-05-13 22:37:55
5207|356|Aradide|aradide|2026-05-13 21:57:03
5063|345|Yogosem|yogosem|2026-05-13 21:53:15
5651|386|Kalaena|kalaena|2026-05-13 22:08:38
206|14|Dabun Gelang|dabun-gelang|2026-05-13 19:28:48
429|35|Mancak|mancak|2026-05-13 19:38:40
4737|335|Buk|buk|2026-05-13 21:45:19
2221|143|Bakung|bakung|2026-05-13 20:33:04
4627|328|Masni|masni|2026-05-13 21:42:43
6193|426|Watopute|watopute|2026-05-13 22:24:08
339|31|Pupuan|pupuan|2026-05-13 19:35:14
2678|164|Sedati|sedati|2026-05-13 20:46:11
3587|247|Galang|galang|2026-05-13 21:14:43
5595|382|Bungaya|bungaya|2026-05-13 22:07:06
1828|117|Poncowarno|poncowarno|2026-05-13 20:21:24
2572|158|Tulakan|tulakan|2026-05-13 20:42:55
372|33|Sajira|sajira|2026-05-13 19:36:33
1848|118|Pegandon|pegandon|2026-05-13 20:22:01
6846|482|Teluk Dalam|teluk-dalam|2026-05-13 22:42:48
2734|167|Gandusari|gandusari|2026-05-13 20:47:52
3762|259|Banjar Agung|banjar-agung|2026-05-13 21:20:05
521|42|Pondok Kubang|pondok-kubang|2026-05-13 19:42:56
1273|88|Majalaya|majalaya|2026-05-13 20:06:11
287|23|Penanggalan|penanggalan|2026-05-13 19:33:00
5608|383|Batang|batang|2026-05-13 22:07:26
2316|147|Bangsalsari|bangsalsari|2026-05-13 20:35:57
7214|506|Silaen|silaen|2026-05-13 22:55:01
7071|497|Ulu Barumun|ulu-barumun|2026-05-13 22:50:00
3213|210|Dadahup|dadahup|2026-05-13 21:03:56
2459|153|Lembeyan|lembeyan|2026-05-13 20:39:54
6732|474|Lengkiti|lengkiti|2026-05-13 22:39:31
2095|132|Pringsurat|pringsurat|2026-05-13 20:29:37
740|60|Ciracas|ciracas|2026-05-13 19:50:23
3395|226|Waru|waru|2026-05-13 21:09:28
4292|300|Amfoang Utara|amfoang-utara|2026-05-13 21:33:51
118|9|Lawe Alas|lawe-alas|2026-05-13 19:23:25
1999|127|Bulu|bulu|2026-05-13 20:26:52
4331|303|Reok|reok|2026-05-13 21:34:52
6292|437|Beo|beo|2026-05-13 22:26:59
2574|159|Galis|galis|2026-05-13 20:42:59
3851|266|Sir-Sir|sir-sir|2026-05-13 21:22:35
2578|159|Pakong|pakong|2026-05-13 20:43:08
6095|421|Tiwu|tiwu|2026-05-13 22:21:16
4705|333|Ayamaru Utara|ayamaru-utara|2026-05-13 21:44:38
4844|339|Trikora|trikora|2026-05-13 21:47:48
4646|330|Taige|taige|2026-05-13 21:43:18
6716|473|Lempuing Jaya|lempuing-jaya|2026-05-13 22:38:59
4114|289|Lenek|lenek|2026-05-13 21:29:22
2702|165|Suboh|suboh|2026-05-13 20:46:53
4773|336|Salkma|salkma|2026-05-13 21:46:11
6062|419|Kolaka|kolaka|2026-05-13 22:20:18
3240|211|Tewang Sangalang Garing|tewang-sangalang-garing|2026-05-13 21:04:47
3439|231|Sungai Tubu|sungai-tubu|2026-05-13 21:10:38
4936|343|Batani|batani|2026-05-13 21:50:06
5827|399|Wara|wara|2026-05-13 22:13:26
2086|132|Gemawang|gemawang|2026-05-13 20:29:22
6175|426|Duruka|duruka|2026-05-13 22:23:41
173|11|T. Jambo Aye|t-jambo-aye|2026-05-13 19:26:36
3515|241|Rangkui|rangkui|2026-05-13 21:12:53
5215|356|Ekadide|ekadide|2026-05-13 21:57:13
2517|155|Pungging|pungging|2026-05-13 20:41:27
6447|449|Luak|luak|2026-05-13 22:31:09
2794|173|Manguharjo|manguharjo|2026-05-13 20:50:05
467|36|Teluknaga|teluknaga|2026-05-13 19:40:03
3447|232|Lumbis Ogong|lumbis-ogong|2026-05-13 21:10:55
6645|468|Lembak|lembak|2026-05-13 22:36:44
7205|506|Habinsaran|habinsaran|2026-05-13 22:54:42
6333|438|Tondano Selatan|tondano-selatan|2026-05-13 22:28:05
3516|241|Taman Sari|taman-sari|2026-05-13 21:12:54
3772|259|Penawar Aji|penawar-aji|2026-05-13 21:20:22
755|62|Dulupi|dulupi|2026-05-13 19:50:48
5686|388|Tanralili|tanralili|2026-05-13 22:09:35
2506|155|Dlanggu|dlanggu|2026-05-13 20:41:06
2274|145|Cermee|cermee|2026-05-13 20:34:34
7225|508|Gunungsitoli Idanoi|gunungsitoli-idanoi|2026-05-13 22:55:22
5131|350|Ilwayab|ilwayab|2026-05-13 21:55:14
3558|245|Senayang|senayang|2026-05-13 21:14:02
7093|500|Harian|harian|2026-05-13 22:50:53
1867|119|Kebonarum|kebonarum|2026-05-13 20:22:41
1984|126|Banyuurip|banyuurip|2026-05-13 20:26:11
6692|471|Rawas Ulu|rawas-ulu|2026-05-13 22:38:12
2112|133|Karangtengah|karangtengah|2026-05-13 20:30:06
142|10|Peureulak Timur|peureulak-timur|2026-05-13 19:24:44
630|50|Sungai Serut|sungai-serut|2026-05-13 19:46:53
6180|426|Kontunaga|kontunaga|2026-05-13 22:23:50
2328|147|Panti|panti|2026-05-13 20:36:13
718|57|Taman Sari|taman-sari|2026-05-13 19:49:43
4686|333|Aifat Selatan|aifat-selatan|2026-05-13 21:44:10
428|35|Lebak Wangi|lebak-wangi|2026-05-13 19:38:38
7147|502|Silou Kahean|silou-kahean|2026-05-13 22:52:36
2165|138|Semarang Timur|semarang-timur|2026-05-13 20:31:34
378|34|Bojong|bojong|2026-05-13 19:36:49
136|10|Nurussalam|nurussalam|2026-05-13 19:24:25
3651|251|Seputih Surabaya|seputih-surabaya|2026-05-13 21:16:39
6462|450|Patamuan|patamuan|2026-05-13 22:31:31
385|34|Cikeusik|cikeusik|2026-05-13 19:37:04
4428|312|Kodi Utara|kodi-utara|2026-05-13 21:37:37
5119|349|Kaibar|kaibar|2026-05-13 21:54:55
2600|160|Purwodadi|purwodadi|2026-05-13 20:43:53
3401|227|Balikpapan Utara|balikpapan-utara|2026-05-13 21:09:36
3340|222|Kembang Janggut|kembang-janggut|2026-05-13 21:07:48
5842|401|Bunta|bunta|2026-05-13 22:13:52
332|30|Klungkung|klungkung|2026-05-13 19:34:55
2713|166|Gapura|gapura|2026-05-13 20:47:14
4950|343|Ok Aom|ok-aom|2026-05-13 21:50:30
6369|441|Kema|kema|2026-05-13 22:29:08
3557|245|Selayar|selayar|2026-05-13 21:14:01
784|64|Boliyohuto|boliyohuto|2026-05-13 19:51:40
4847|339|Walaik|walaik|2026-05-13 21:47:52
290|23|Sultan Daulat|sultan-daulat|2026-05-13 19:33:08
1616|106|Purworeja Klampok|purworeja-klampok|2026-05-13 20:14:41
2078|131|Suradadi|suradadi|2026-05-13 20:29:08
143|10|Rantau Peureulak|rantau-peureulak|2026-05-13 19:24:47
4120|289|Sakra Barat|sakra-barat|2026-05-13 21:29:31
3047|195|Anjir Muara|anjir-muara|2026-05-13 20:58:40
4829|339|Libarek|libarek|2026-05-13 21:47:26
4431|312|Wewewa Barat|wewewa-barat|2026-05-13 21:37:43
2148|136|Pekalongan Utara|pekalongan-utara|2026-05-13 20:31:07
5567|380|Bulukumpa|bulukumpa|2026-05-13 22:06:20
5749|394|Pattallassang|pattallassang|2026-05-13 22:11:19
3325|221|Bongan|bongan|2026-05-13 21:07:21
4573|322|Pantai Timur Bagian Barat|pantai-timur-bagian-barat|2026-05-13 21:41:22
6789|478|Lubuk Linggau Selatan Ii|lubuk-linggau-selatan-ii|2026-05-13 22:41:17
6079|420|Poli Polia|poli-polia|2026-05-13 22:20:47
1832|117|Sadang|sadang|2026-05-13 20:21:31
7061|497|Barumun Tengah|barumun-tengah|2026-05-13 22:49:37
5731|392|Sinjai Timur|sinjai-timur|2026-05-13 22:10:50
2458|153|Kawedanan|kawedanan|2026-05-13 20:39:52
2059|130|Nguter|nguter|2026-05-13 20:28:35
741|60|Duren Sawit|duren-sawit|2026-05-13 19:50:25
4024|280|Mangoli Utara|mangoli-utara|2026-05-13 21:27:03
2231|143|Ponggok|ponggok|2026-05-13 20:33:20
2792|172|Pesantren|pesantren|2026-05-13 20:50:00
3300|218|Balai Riam|balai-riam|2026-05-13 21:06:38
2821|178|Gunung Anyar|gunung-anyar|2026-05-13 20:50:47
2551|157|Kwadungan|kwadungan|2026-05-13 20:42:20
1722|112|Cilacap Selatan|cilacap-selatan|2026-05-13 20:18:03
3781|260|Pagar Dewa|pagar-dewa|2026-05-13 21:20:36
2645|162|Paiton|paiton|2026-05-13 20:45:13
4837|339|Pisugi|pisugi|2026-05-13 21:47:39
4940|343|Eipumek|eipumek|2026-05-13 21:50:12
5497|375|Baras|baras|2026-05-13 22:04:33
2441|152|Geger|geger|2026-05-13 20:39:25
6546|457|Sungai Tarab|sungai-tarab|2026-05-13 22:33:38
2236|143|Sutojayan|sutojayan|2026-05-13 20:33:28
2257|144|Malo|malo|2026-05-13 20:34:04
3917|271|Taniwel|taniwel|2026-05-13 21:24:23
6656|468|Sungai Rotan|sungai-rotan|2026-05-13 22:37:03
4136|291|Alas|alas|2026-05-13 21:29:56
3658|252|Batanghari|batanghari|2026-05-13 21:16:51
3749|258|Klumbayan Barat|klumbayan-barat|2026-05-13 21:19:37
4346|304|Ndoso|ndoso|2026-05-13 21:35:17
6795|479|Dempo Tengah|dempo-tengah|2026-05-13 22:41:27
3206|209|Rungan|rungan|2026-05-13 21:03:43
7078|498|Hulu Sihapas|hulu-sihapas|2026-05-13 22:50:22
6868|484|Siempat Nempu Hulu|siempat-nempu-hulu|2026-05-13 22:43:27
6613|467|Gumay Talang|gumay-talang|2026-05-13 22:35:43
1948|123|Wiradesa|wiradesa|2026-05-13 20:25:09
2873|180|Mentebah|mentebah|2026-05-13 20:52:09
2818|178|Gayungan|gayungan|2026-05-13 20:50:43
4127|289|Suralaga|suralaga|2026-05-13 21:29:41
3022|193|Lampihong|lampihong|2026-05-13 20:57:36
1523|97|Bojongloa Kaler|bojongloa-kaler|2026-05-13 20:12:28
5243|357|Ilaga Utara|ilaga-utara|2026-05-13 21:57:53
1595|105|Cipedes|cipedes|2026-05-13 20:14:07
1411|94|Cidahu|cidahu|2026-05-13 20:09:47
3910|271|Huamual|huamual|2026-05-13 21:24:14
1422|94|Curugkembar|curugkembar|2026-05-13 20:10:02
610|49|Ilir Talo|ilir-talo|2026-05-13 19:46:05
5828|399|Wara Barat|wara-barat|2026-05-13 22:13:27
73|6|Gunung Meriah|gunung-meriah|2026-05-13 19:21:28
2266|144|Sukosewu|sukosewu|2026-05-13 20:34:18
7040|495|Toma|toma|2026-05-13 22:49:00
236|16|Muara Tiga|muara-tiga|2026-05-13 19:30:17
4202|295|Noebana|noebana|2026-05-13 21:31:29
4611|326|Mbahamdandara|mbahamdandara|2026-05-13 21:42:17
1539|97|Regol|regol|2026-05-13 20:12:48
6892|485|Sibolangit|sibolangit|2026-05-13 22:44:17
1210|86|Pakenjeng|pakenjeng|2026-05-13 20:04:26
1916|122|Gunungwungkal|gunungwungkal|2026-05-13 20:24:09
3586|247|Bulang|bulang|2026-05-13 21:14:42
2234|143|Selorejo|selorejo|2026-05-13 20:33:25
636|51|Imogiri|imogiri|2026-05-13 19:47:07
3542|244|Jemaja Barat|jemaja-barat|2026-05-13 21:13:38
3570|246|Bunguran Utara|bunguran-utara|2026-05-13 21:14:20
3610|249|Suoh|suoh|2026-05-13 21:15:22
3565|246|Bunguran Batubi|bunguran-batubi|2026-05-13 21:14:13
6294|437|Beo Utara|beo-utara|2026-05-13 22:27:02
1770|114|Purwodadi|purwodadi|2026-05-13 20:19:36
2629|161|Sooko|sooko|2026-05-13 20:44:44
2626|161|Sawoo|sawoo|2026-05-13 20:44:39
1980|125|Pengadegan|pengadegan|2026-05-13 20:26:04
4864|340|Gamelia|gamelia|2026-05-13 21:48:16
1010|80|Cipatat|cipatat|2026-05-13 19:58:39
6397|444|Wenang|wenang|2026-05-13 22:29:55
1877|119|Trucuk|trucuk|2026-05-13 20:22:57
5652|386|Malili|malili|2026-05-13 22:08:39
4380|307|Wolomeze|wolomeze|2026-05-13 21:36:20
4687|333|Aifat Timur|aifat-timur|2026-05-13 21:44:11
6501|453|Linggo Sari Baganti|linggo-sari-baganti|2026-05-13 22:32:31
2959|187|Salatiga|salatiga|2026-05-13 20:55:20
6099|422|Abuki|abuki|2026-05-13 22:21:24
7264|512|Sibolga Sambas|sibolga-sambas|2026-05-13 22:56:27
5051|345|Sumo|sumo|2026-05-13 21:52:58
3799|261|Umpu Semenguk|umpu-semenguk|2026-05-13 21:21:10
6271|435|Nusa Tabukan|nusa-tabukan|2026-05-13 22:26:24
3141|202|Bajuin|bajuin|2026-05-13 21:01:40
739|60|Cipayung|cipayung|2026-05-13 19:50:21
7226|508|Gunungsitoli Selatan|gunungsitoli-selatan|2026-05-13 22:55:25
5070|347|Akat|akat|2026-05-13 21:53:42
6024|414|Poleang Tengah|poleang-tengah|2026-05-13 22:19:12
2385|149|Purwoasri|purwoasri|2026-05-13 20:37:47
463|36|Sindang Jaya|sindang-jaya|2026-05-13 19:39:55
6406|446|Baso|baso|2026-05-13 22:30:11
6570|461|Pariaman Utara|pariaman-utara|2026-05-13 22:34:20
1946|123|Talun|talun|2026-05-13 20:25:06
232|16|Keumala|keumala|2026-05-13 19:30:09
2376|149|Ngadiluwih|ngadiluwih|2026-05-13 20:37:31
2307|146|Sangkapura|sangkapura|2026-05-13 20:35:42
6963|491|Sei Lepan|sei-lepan|2026-05-13 22:46:30
5208|356|Aweida|aweida|2026-05-13 21:57:04
1655|108|Kandeman|kandeman|2026-05-13 20:15:50
5717|391|Maritengngae|maritengngae|2026-05-13 22:10:26
268|19|Kuta Alam|kuta-alam|2026-05-13 19:32:13
4516|318|Ebungfao|ebungfao|2026-05-13 21:39:59
3521|242|Mantang|mantang|2026-05-13 21:13:04
2492|154|Poncokusumo|poncokusumo|2026-05-13 20:40:44
4|1|Kaway Xvi|kaway-xvi|2026-05-13 19:18:16
4789|337|Kebar Timur|kebar-timur|2026-05-13 21:46:32
5691|389|Labakkang|labakkang|2026-05-13 22:09:43
3266|214|Bulik|bulik|2026-05-13 21:05:34
223|15|Tripa Makmur|tripa-makmur|2026-05-13 19:29:35
1374|93|Ciasem|ciasem|2026-05-13 20:08:55
1725|112|Cimanggu|cimanggu|2026-05-13 20:18:06
2833|178|Semampir|semampir|2026-05-13 20:51:04
217|15|Kuala|kuala|2026-05-13 19:29:16
1841|118|Kangkung|kangkung|2026-05-13 20:21:48
2050|129|Tangen|tangen|2026-05-13 20:28:20
3382|225|Batu Engau|batu-engau|2026-05-13 21:09:01
1696|110|Selo|selo|2026-05-13 20:17:10
7191|505|Pahae Julu|pahae-julu|2026-05-13 22:54:12
1589|104|Gunungpuyuh|gunungpuyuh|2026-05-13 20:13:58
4229|297|Atambua Barat|atambua-barat|2026-05-13 21:32:11
6377|442|Lembeh Selatan|lembeh-selatan|2026-05-13 22:29:23
6353|440|Belang|belang|2026-05-13 22:28:39
922|74|Bram Itam|bram-itam|2026-05-13 19:56:10
188|13|Jeumpa|jeumpa|2026-05-13 19:27:35
5139|350|Muting|muting|2026-05-13 21:55:26
4235|297|Lasiolat|lasiolat|2026-05-13 21:32:18
6485|452|Lembah Melintang|lembah-melintang|2026-05-13 22:32:04
6614|467|Gumay Ulu|gumay-ulu|2026-05-13 22:35:45
2609|160|Wonorejo|wonorejo|2026-05-13 20:44:11
4327|303|Cibal Barat|cibal-barat|2026-05-13 21:34:46
5831|399|Wara Utara|wara-utara|2026-05-13 22:13:31
4877|340|Melagi|melagi|2026-05-13 21:48:37
3367|223|Muara Ancalong|muara-ancalong|2026-05-13 21:08:33
5221|356|Paniai Timur|paniai-timur|2026-05-13 21:57:22
4026|280|Sanana|sanana|2026-05-13 21:27:05
7212|506|Siantar Narumonda|siantar-narumonda|2026-05-13 22:54:58
6143|424|Konda|konda|2026-05-13 22:22:43
2467|153|Poncol|poncol|2026-05-13 20:40:06
3174|206|Dusun Hilir|dusun-hilir|2026-05-13 21:02:45
7213|506|Sigumpar|sigumpar|2026-05-13 22:55:00
6710|472|Tanjung Raja|tanjung-raja|2026-05-13 22:38:46
1109|83|Sukadana|sukadana|2026-05-13 20:01:30
1978|125|Mrebet|mrebet|2026-05-13 20:26:00
4544|320|Anotaurei|anotaurei|2026-05-13 21:40:41
4139|291|Buer|buer|2026-05-13 21:29:59
85|7|Bendahara|bendahara|2026-05-13 19:21:50
4498|317|Biak Timur|biak-timur|2026-05-13 21:39:30
4437|313|Katiku Tana Selatan|katiku-tana-selatan|2026-05-13 21:37:57
6798|479|Pagar Alam Utara|pagar-alam-utara|2026-05-13 22:41:31
3678|252|Waway Karya|waway-karya|2026-05-13 21:17:25
4744|335|Klayili|klayili|2026-05-13 21:45:29
2526|156|Jatikalen|jatikalen|2026-05-13 20:41:43
363|33|Gunungkencana|gunungkencana|2026-05-13 19:36:12
5359|364|Gunungtoar|gunungtoar|2026-05-13 22:01:03
1994|126|Loano|loano|2026-05-13 20:26:37
6664|469|Keluang|keluang|2026-05-13 22:37:19
2837|178|Tambaksari|tambaksari|2026-05-13 20:51:10
2990|189|Nanga Taman|nanga-taman|2026-05-13 20:56:17
6437|448|Sikakap|sikakap|2026-05-13 22:30:54
2928|184|Ngabang|ngabang|2026-05-13 20:54:11
2820|178|Gubeng|gubeng|2026-05-13 20:50:45
6422|447|Koto Salak|koto-salak|2026-05-13 22:30:34
4471|315|Bikomi Selatan|bikomi-selatan|2026-05-13 21:38:48
2215|142|Singojuruh|singojuruh|2026-05-13 20:32:55
6132|423|Wawonii Timur Laut|wawonii-timur-laut|2026-05-13 22:22:21
473|37|Gerogol|gerogol|2026-05-13 19:40:17
5753|394|Sanrobone|sanrobone|2026-05-13 22:11:25
2846|179|Jagoi Babang|jagoi-babang|2026-05-13 20:51:24
3021|193|Juai|juai|2026-05-13 20:57:33
4027|280|Sanana Utara|sanana-utara|2026-05-13 21:27:07
2357|148|Perak|perak|2026-05-13 20:36:59
4853|339|Wita Waya|wita-waya|2026-05-13 21:48:00
1176|85|Sumber|sumber|2026-05-13 20:03:28
3603|249|Gedung Surian|gedung-surian|2026-05-13 21:15:10
5953|409|Lore Utara|lore-utara|2026-05-13 22:17:12
6834|482|Pulau Rakyat|pulau-rakyat|2026-05-13 22:42:29
5138|350|Merauke|merauke|2026-05-13 21:55:24
668|53|Girimulyo|girimulyo|2026-05-13 19:48:14
5039|345|Obio|obio|2026-05-13 21:52:39
131|10|Idi Timur|idi-timur|2026-05-13 19:24:09
1716|111|Tanjung|tanjung|2026-05-13 20:17:51
5266|358|Lumo|lumo|2026-05-13 21:58:28
3188|207|Pematang Karau|pematang-karau|2026-05-13 21:03:12
3620|250|Palas|palas|2026-05-13 21:15:43
3372|223|Sangatta Selatan|sangatta-selatan|2026-05-13 21:08:43
6156|424|Sabulakoa|sabulakoa|2026-05-13 22:23:07
3236|211|Petak Malai|petak-malai|2026-05-13 21:04:40
180|12|Mesidah|mesidah|2026-05-13 19:27:04
175|11|Tanah Pasir|tanah-pasir|2026-05-13 19:26:48
735|59|Pesanggrahan|pesanggrahan|2026-05-13 19:50:13
2764|168|Widang|widang|2026-05-13 20:49:07
5611|383|Kelara|kelara|2026-05-13 22:07:31
5897|405|Rio Pakava|rio-pakava|2026-05-13 22:15:30
5121|349|Minyamur|minyamur|2026-05-13 21:54:59
6526|455|Payung Sekaki|payung-sekaki|2026-05-13 22:33:11
7139|502|Pematang Bandar|pematang-bandar|2026-05-13 22:52:19
1627|107|Jatilawang|jatilawang|2026-05-13 20:15:00
6226|430|Kendari Barat|kendari-barat|2026-05-13 22:25:02
5660|387|Baebunta|baebunta|2026-05-13 22:08:53
6399|445|Tomohon Selatan|tomohon-selatan|2026-05-13 22:29:59
6894|485|Stm Hulu|stm-hulu|2026-05-13 22:44:22
6534|456|Sangir Batang Hari|sangir-batang-hari|2026-05-13 22:33:22
1677|109|Sambong|sambong|2026-05-13 20:16:37
2132|134|Kepil|kepil|2026-05-13 20:30:38
7161|503|Muara Batang Toru|muara-batang-toru|2026-05-13 22:53:11
5159|352|Kamu Timur|kamu-timur|2026-05-13 21:55:56
5639|385|Larompong Selatan|larompong-selatan|2026-05-13 22:08:17
6121|422|Tongauna Utara|tongauna-utara|2026-05-13 22:22:01
6201|427|Tiworo Selatan|tiworo-selatan|2026-05-13 22:24:22
6746|475|Buay Rawan|buay-rawan|2026-05-13 22:39:56
3459|232|Sembakung Atulai|sembakung-atulai|2026-05-13 21:11:14
3577|246|Serasan|serasan|2026-05-13 21:14:29
5962|409|Poso Kota Utara|poso-kota-utara|2026-05-13 22:17:26
4503|317|Numfor Timur|numfor-timur|2026-05-13 21:39:39
6217|429|Lea-Lea|lea-lea|2026-05-13 22:24:48
6818|481|Prabumulih Barat|prabumulih-barat|2026-05-13 22:42:03
125|10|Banda Alam|banda-alam|2026-05-13 19:23:48
4452|314|Mahu|mahu|2026-05-13 21:38:23
6653|468|Semende Darat Laut|semende-darat-laut|2026-05-13 22:36:58
3428|231|Kayan Selatan|kayan-selatan|2026-05-13 21:10:21
6956|491|Padang Tualang|padang-tualang|2026-05-13 22:46:17
2347|148|Jogoroto|jogoroto|2026-05-13 20:36:42
619|49|Sukaraja|sukaraja|2026-05-13 19:46:28
2606|160|Tosari|tosari|2026-05-13 20:44:06
4424|311|Wanokaka|wanokaka|2026-05-13 21:37:29
1798|116|Jumantono|jumantono|2026-05-13 20:20:24
5059|345|Walma|walma|2026-05-13 21:53:10
4720|334|Misool Timur|misool-timur|2026-05-13 21:44:56
4571|322|Pantai Barat|pantai-barat|2026-05-13 21:41:19
6705|472|Rambang Kuang|rambang-kuang|2026-05-13 22:38:37
6246|431|Sang Tombolang|sang-tombolang|2026-05-13 22:25:37
2905|182|Simpang Hulu|simpang-hulu|2026-05-13 20:53:04
3165|204|Banjarbaru Utara|banjarbaru-utara|2026-05-13 21:02:28
4284|300|Amarasi Barat|amarasi-barat|2026-05-13 21:33:42
2917|183|Teluk Pakedai|teluk-pakedai|2026-05-13 20:53:28
6022|414|Poleang Barat|poleang-barat|2026-05-13 22:19:08
4754|335|Salawati Selatan|salawati-selatan|2026-05-13 21:45:43
2064|131|Adiwerna|adiwerna|2026-05-13 20:28:44
4291|300|Amfoang Timur|amfoang-timur|2026-05-13 21:33:50
1404|94|Caringin|caringin|2026-05-13 20:09:38
1734|112|Kesugihan|kesugihan|2026-05-13 20:18:25
7062|497|Batang Lubu Sutam|batang-lubu-sutam|2026-05-13 22:49:40
6140|424|Buke|buke|2026-05-13 22:22:37
6947|491|Bahorok|bahorok|2026-05-13 22:46:02
4244|298|Ende Selatan|ende-selatan|2026-05-13 21:32:33
4249|298|Kota Baru|kota-baru|2026-05-13 21:32:39
1220|86|Sukaresmi|sukaresmi|2026-05-13 20:04:41
3498|239|Badau|badau|2026-05-13 21:12:22
5099|348|Iniyandit|iniyandit|2026-05-13 21:54:21
5492|374|Pangale|pangale|2026-05-13 22:04:26
3639|251|Kota Gajah|kota-gajah|2026-05-13 21:16:19
5855|401|Pagimana|pagimana|2026-05-13 22:14:14
6767|476|Buay Madang|buay-madang|2026-05-13 22:40:35
2204|142|Glenmore|glenmore|2026-05-13 20:32:40
737|59|Tebet|tebet|2026-05-13 19:50:17
793|64|Telaga|telaga|2026-05-13 19:52:00
1065|82|Jonggol|jonggol|2026-05-13 20:00:13
917|73|Pelawan|pelawan|2026-05-13 19:55:58
2389|149|Wates|wates|2026-05-13 20:37:54
5616|384|Benteng|benteng|2026-05-13 22:07:40
1491|96|Karang Jaya|karang-jaya|2026-05-13 20:11:45
4394|309|Sabu Barat|sabu-barat|2026-05-13 21:36:41
4709|334|Ayau|ayau|2026-05-13 21:44:44
1678|109|Todanan|todanan|2026-05-13 20:16:39
254|17|Ulim|ulim|2026-05-13 19:31:35
5816|398|Rappocini|rappocini|2026-05-13 22:13:09
1042|81|Tambun Selatan|tambun-selatan|2026-05-13 19:59:31
5209|356|Baya Biru|baya-biru|2026-05-13 21:57:06
6934|489|Kotapinang|kotapinang|2026-05-13 22:45:40
6374|441|Wori|wori|2026-05-13 22:29:17
3426|231|Kayan Hilir|kayan-hilir|2026-05-13 21:10:19
5572|380|Rilauale|rilauale|2026-05-13 22:06:28
4878|340|Melagineri|melagineri|2026-05-13 21:48:38
2780|169|Sendang|sendang|2026-05-13 20:49:38
231|16|Kembang Tanjong|kembang-tanjong|2026-05-13 19:30:03
6598|465|Suak Tapeh|suak-tapeh|2026-05-13 22:35:13
2285|145|Sumberwringin|sumberwringin|2026-05-13 20:34:52
3853|267|Molu Maru|molu-maru|2026-05-13 21:22:39
2484|154|Kromengan|kromengan|2026-05-13 20:40:33
651|52|Karangmojo|karangmojo|2026-05-13 19:47:35
681|54|Depok|depok|2026-05-13 19:48:41
5956|409|Pamona Selatan|pamona-selatan|2026-05-13 22:17:17
447|36|Jayanti|jayanti|2026-05-13 19:39:22
4971|344|Biuk|biuk|2026-05-13 21:50:58
608|48|Sindang Kelingi|sindang-kelingi|2026-05-13 19:45:59
3904|270|Kei Kecil Barat|kei-kecil-barat|2026-05-13 21:24:05
4845|339|Usilimo|usilimo|2026-05-13 21:47:49
4144|291|Lape|lape|2026-05-13 21:30:05
4315|302|Io Kufeu|io-kufeu|2026-05-13 21:34:28
4698|333|Ayamaru Barat|ayamaru-barat|2026-05-13 21:44:28
6206|428|Kaledupa|kaledupa|2026-05-13 22:24:30
4770|336|Matemani|matemani|2026-05-13 21:46:06
2577|159|Pademawu|pademawu|2026-05-13 20:43:05
1664|109|Banjarejo|banjarejo|2026-05-13 20:16:09
3590|247|Sagulung|sagulung|2026-05-13 21:14:48
1208|86|Malangbong|malangbong|2026-05-13 20:04:22
1559|99|Rawalumbu|rawalumbu|2026-05-13 20:13:15
27|3|Indrapuri|indrapuri|2026-05-13 19:19:29
4908|342|Kegayem|kegayem|2026-05-13 21:49:24
708|55|Umbulharjo|umbulharjo|2026-05-13 19:49:26
4534|319|Arso Timur|arso-timur|2026-05-13 21:40:24
3918|271|Taniwel Timur|taniwel-timur|2026-05-13 21:24:25
2712|166|Ganding|ganding|2026-05-13 20:47:13
4758|335|Seget|seget|2026-05-13 21:45:49
1540|97|Sukajadi|sukajadi|2026-05-13 20:12:49
7144|502|Siantar|siantar|2026-05-13 22:52:30
2443|152|Jiwan|jiwan|2026-05-13 20:39:28
6955|491|Kutambaru|kutambaru|2026-05-13 22:46:15
5710|390|Patampanua|patampanua|2026-05-13 22:10:15
1923|122|Pati|pati|2026-05-13 20:24:23
3215|210|Kapuas Hilir|kapuas-hilir|2026-05-13 21:03:59
5284|359|Bathin Solapan|bathin-solapan|2026-05-13 21:58:57
2550|157|Kendal|kendal|2026-05-13 20:42:19
1414|94|Cikakak|cikakak|2026-05-13 20:09:51
3551|245|Bakung Serumpun|bakung-serumpun|2026-05-13 21:13:52
4656|331|Kamundan|kamundan|2026-05-13 21:43:30
1471|95|Tanjungsari|tanjungsari|2026-05-13 20:11:16
4579|323|Supiori Barat|supiori-barat|2026-05-13 21:41:30
3133|201|Kusan Hilir|kusan-hilir|2026-05-13 21:01:24
2150|137|Sidomukti|sidomukti|2026-05-13 20:31:10
1431|94|Kebonpedes|kebonpedes|2026-05-13 20:10:14
2170|139|Jebres|jebres|2026-05-13 20:31:42
2229|143|Nglegok|nglegok|2026-05-13 20:33:17
5977|410|Palolo|palolo|2026-05-13 22:17:52
55|5|Bakongan Timur|bakongan-timur|2026-05-13 19:20:46
5488|373|Tapalang Barat|tapalang-barat|2026-05-13 22:04:19
6914|487|Mardingding|mardingding|2026-05-13 22:45:02
2711|166|Dungkek|dungkek|2026-05-13 20:47:11
5093|347|Unir Sirau|unir-sirau|2026-05-13 21:54:13
141|10|Peureulak Barat|peureulak-barat|2026-05-13 19:24:42
2741|167|Suruh|suruh|2026-05-13 20:48:06
2490|154|Pakis|pakis|2026-05-13 20:40:41
3689|253|Abung Tinggi|abung-tinggi|2026-05-13 21:17:44
1051|82|Cibinong|cibinong|2026-05-13 19:59:48
3911|271|Huamual Belakang|huamual-belakang|2026-05-13 21:24:16
1403|94|Bojonggenteng|bojonggenteng|2026-05-13 20:09:37
4983|344|Gundagi|gundagi|2026-05-13 21:51:17
4949|343|Nongme|nongme|2026-05-13 21:50:28
6625|467|Merapi Timur|merapi-timur|2026-05-13 22:36:08
2163|138|Semarang Selatan|semarang-selatan|2026-05-13 20:31:31
251|17|Meureudu|meureudu|2026-05-13 19:31:25
5518|376|Polewali|polewali|2026-05-13 22:05:02
2536|156|Prambon|prambon|2026-05-13 20:41:59
4969|344|Aweku|aweku|2026-05-13 21:50:55
6606|466|Pendopo|pendopo|2026-05-13 22:35:29
759|62|Tilamuta|tilamuta|2026-05-13 19:50:56
1883|120|Gebog|gebog|2026-05-13 20:23:08
2581|159|Pasean|pasean|2026-05-13 20:43:13
1910|121|Windusari|windusari|2026-05-13 20:23:59
449|36|Kemiri|kemiri|2026-05-13 19:39:25
7020|495|Lahusa|lahusa|2026-05-13 22:48:26
1919|122|Juwana|juwana|2026-05-13 20:24:14
1928|122|Tlogowungu|tlogowungu|2026-05-13 20:24:33
665|52|Tepus|tepus|2026-05-13 19:48:07
4334|303|Satar Mese|satar-mese|2026-05-13 21:34:57
123|9|Semadam|semadam|2026-05-13 19:23:42
3954|276|Bacan Barat|bacan-barat|2026-05-13 21:25:26
6935|489|Silangkitang|silangkitang|2026-05-13 22:45:41
6396|444|Wanea|wanea|2026-05-13 22:29:54
313|27|Sukawati|sukawati|2026-05-13 19:34:11
440|36|Balaraja|balaraja|2026-05-13 19:39:06
7192|505|Pangaribuan|pangaribuan|2026-05-13 22:54:14
6685|470|Tiang Pumpung Kepungut|tiang-pumpung-kepungut|2026-05-13 22:38:00
2336|147|Sumberbaru|sumberbaru|2026-05-13 20:36:24
3983|277|Patani|patani|2026-05-13 21:26:05
1661|108|Tulis|tulis|2026-05-13 20:16:01
3253|213|Mentawa Baru Ketapang|mentawa-baru-ketapang|2026-05-13 21:05:11
673|53|Panjatan|panjatan|2026-05-13 19:48:23
5830|399|Wara Timur|wara-timur|2026-05-13 22:13:29
569|46|Lebong Atas|lebong-atas|2026-05-13 19:44:40
6807|480|Jakabaring|jakabaring|2026-05-13 22:41:46
906|72|Sungai Bahar|sungai-bahar|2026-05-13 19:55:31
4203|295|Noebeba|noebeba|2026-05-13 21:31:31
1025|81|Cibarusah|cibarusah|2026-05-13 19:59:05
780|64|Batudaa|batudaa|2026-05-13 19:51:33
833|68|Maro Sebo Ilir|maro-sebo-ilir|2026-05-13 19:53:14
911|73|Bathin Viii|bathin-viii|2026-05-13 19:55:41
4295|300|Fatuleu Tengah|fatuleu-tengah|2026-05-13 21:33:55
5864|402|Liang|liang|2026-05-13 22:14:33
2420|151|Kedungjajang|kedungjajang|2026-05-13 20:38:53
3947|275|Jailolo|jailolo|2026-05-13 21:25:11
1899|121|Muntilan|muntilan|2026-05-13 20:23:40
2856|179|Sungai Raya|sungai-raya|2026-05-13 20:51:40
6267|435|Kendahe|kendahe|2026-05-13 22:26:18
3683|253|Abung Pekurun|abung-pekurun|2026-05-13 21:17:34
4974|344|Bokoneri|bokoneri|2026-05-13 21:51:03
981|79|Cikancung|cikancung|2026-05-13 19:57:50
890|71|Tabir|tabir|2026-05-13 19:54:59
847|69|Muko-Muko Bathin Vii|muko-muko-bathin-vii|2026-05-13 19:53:40
1555|99|Medansatria|medansatria|2026-05-13 20:13:10
2438|152|Balerejo|balerejo|2026-05-13 20:39:19
6216|429|Kokalukuna|kokalukuna|2026-05-13 22:24:47
133|10|Indra Makmu|indra-makmu|2026-05-13 19:24:15
3035|194|Martapura Barat|martapura-barat|2026-05-13 20:58:11
1694|110|Sambi|sambi|2026-05-13 20:17:07
6723|473|Pedamaran Timur|pedamaran-timur|2026-05-13 22:39:13
1718|111|Wanasari|wanasari|2026-05-13 20:17:54
5982|411|Ampana Tete|ampana-tete|2026-05-13 22:18:01
5049|345|Sobaham|sobaham|2026-05-13 21:52:54
891|71|Tabir Barat|tabir-barat|2026-05-13 19:55:01
6420|447|Koto Baru|koto-baru|2026-05-13 22:30:31
6575|462|Payakumbuh Utara|payakumbuh-utara|2026-05-13 22:34:28
1146|85|Babakan|babakan|2026-05-13 20:02:37
3548|244|Siantan Tengah|siantan-tengah|2026-05-13 21:13:47
7217|507|Binjai Barat|binjai-barat|2026-05-13 22:55:08
570|46|Lebong Sakti|lebong-sakti|2026-05-13 19:44:41
3453|232|Sebatik Tengah|sebatik-tengah|2026-05-13 21:11:06
1028|81|Cikarang Pusat|cikarang-pusat|2026-05-13 19:59:09
5516|376|Matakali|matakali|2026-05-13 22:04:59
3308|219|Rakumpit|rakumpit|2026-05-13 21:06:52
5532|378|Barru|barru|2026-05-13 22:05:23
4286|300|Amarasi Timur|amarasi-timur|2026-05-13 21:33:44
3048|195|Anjir Pasar|anjir-pasar|2026-05-13 20:58:43
6283|436|Siau Barat|siau-barat|2026-05-13 22:26:44
1715|111|Songgom|songgom|2026-05-13 20:17:49
5803|397|Sabangparu|sabangparu|2026-05-13 22:12:47
3051|195|Belawang|belawang|2026-05-13 20:58:49
840|69|Bathin Iii|bathin-iii|2026-05-13 19:53:30
1633|107|Kemranjen|kemranjen|2026-05-13 20:15:11
4304|300|Takari|takari|2026-05-13 21:34:08
1527|97|Cibeunying Kidul|cibeunying-kidul|2026-05-13 20:12:33
2695|165|Kapongan|kapongan|2026-05-13 20:46:43
4647|330|Testega|testega|2026-05-13 21:43:20
3260|213|Telaga Antang|telaga-antang|2026-05-13 21:05:23
1940|123|Kesesi|kesesi|2026-05-13 20:24:57
2159|138|Mijen|mijen|2026-05-13 20:31:24
5775|396|Bangkelekila|bangkelekila|2026-05-13 22:12:00
2985|188|Toba|toba|2026-05-13 20:56:07
5887|404|Paleleh Barat|paleleh-barat|2026-05-13 22:15:14
7234|509|Medan Denai|medan-denai|2026-05-13 22:55:38
5704|390|Duampanua|duampanua|2026-05-13 22:10:06
4332|303|Reok Barat|reok-barat|2026-05-13 21:34:54
3256|213|Mentaya Hulu|mentaya-hulu|2026-05-13 21:05:16
2412|150|Sugio|sugio|2026-05-13 20:38:39
4485|315|Naibenu|naibenu|2026-05-13 21:39:09
4973|344|Bokondini|bokondini|2026-05-13 21:51:01
1227|87|Arahan|arahan|2026-05-13 20:04:54
5467|372|Mambi|mambi|2026-05-13 22:03:47
2066|131|Bojong|bojong|2026-05-13 20:28:49
2074|131|Margasari|margasari|2026-05-13 20:29:02
6434|448|Siberut Selatan|siberut-selatan|2026-05-13 22:30:50
2062|130|Tawangsari|tawangsari|2026-05-13 20:28:40
6835|482|Pulo Bandring|pulo-bandring|2026-05-13 22:42:30
1223|86|Tarogong Kaler|tarogong-kaler|2026-05-13 20:04:46
1652|108|Bawang|bawang|2026-05-13 20:15:44
6366|441|Dimembe|dimembe|2026-05-13 22:29:03
3025|193|Tebing Tinggi|tebing-tinggi|2026-05-13 20:57:44
4537|319|Senggi|senggi|2026-05-13 21:40:28
5009|344|Wugi|wugi|2026-05-13 21:51:56
979|79|Cangkuang|cangkuang|2026-05-13 19:57:47
6998|493|Ma'u|mau|2026-05-13 22:47:44
5927|408|Bolano Lambunu|bolano-lambunu|2026-05-13 22:16:27
1897|121|Mertoyudan|mertoyudan|2026-05-13 20:23:37
5393|366|Pekaitan|pekaitan|2026-05-13 22:01:57
6707|472|Rantau Panjang|rantau-panjang|2026-05-13 22:38:40
2303|146|Kedamean|kedamean|2026-05-13 20:35:34
2125|133|Wonogiri|wonogiri|2026-05-13 20:30:25
3181|207|Banua Lima|banua-lima|2026-05-13 21:02:59
1116|84|Cianjur|cianjur|2026-05-13 20:01:42
6837|482|Rawang Panca Arga|rawang-panca-arga|2026-05-13 22:42:34
3341|222|Kenohan|kenohan|2026-05-13 21:07:50
3287|216|Maliku|maliku|2026-05-13 21:06:14
3951|275|Sahu|sahu|2026-05-13 21:25:20
4603|326|Fak-Fak Tengah|fak-fak-tengah|2026-05-13 21:42:06
3927|272|Siritaun Wida Timur|siritaun-wida-timur|2026-05-13 21:24:40
6663|469|Jirak Jaya|jirak-jaya|2026-05-13 22:37:17
2401|150|Laren|laren|2026-05-13 20:38:20
3422|230|Tanjung Palas Timur|tanjung-palas-timur|2026-05-13 21:10:11
1743|113|Bonang|bonang|2026-05-13 20:18:41
5812|398|Mamajang|mamajang|2026-05-13 22:13:02
1472|95|Tomo|tomo|2026-05-13 20:11:17
5140|350|Naukenjerai|naukenjerai|2026-05-13 21:55:27
1727|112|Dayeuhluhur|dayeuhluhur|2026-05-13 20:18:10
2360|148|Ploso|ploso|2026-05-13 20:37:05
2995|190|Dedai|dedai|2026-05-13 20:56:30
402|34|Panimbang|panimbang|2026-05-13 19:37:40
2978|188|Meliau|meliau|2026-05-13 20:55:55
3873|268|Pulau-Pulau Babar Timur|pulau-pulau-babar-timur|2026-05-13 21:23:11
563|45|Muara Kemumu|muara-kemumu|2026-05-13 19:44:28
448|36|Kelapa Dua|kelapa-dua|2026-05-13 19:39:23
5273|358|Pagaleme|pagaleme|2026-05-13 21:58:38
6787|478|Lubuk Linggau Barat Ii|lubuk-linggau-barat-ii|2026-05-13 22:41:14
3091|198|Haur Gading|haur-gading|2026-05-13 21:00:08
3316|220|Pulau Derawan|pulau-derawan|2026-05-13 21:07:05
1012|80|Cipongkor|cipongkor|2026-05-13 19:58:43
2094|132|Parakan|parakan|2026-05-13 20:29:36
1178|85|Susukan|susukan|2026-05-13 20:03:31
1564|100|Bogor Utara|bogor-utara|2026-05-13 20:13:24
2418|151|Gucialit|gucialit|2026-05-13 20:38:50
6173|426|Batukara|batukara|2026-05-13 22:23:39
6018|414|Lantari Jaya|lantari-jaya|2026-05-13 22:19:02
770|63|Kabila|kabila|2026-05-13 19:51:15
5381|365|Pelalawan|pelalawan|2026-05-13 22:01:39
2575|159|Kadur|kadur|2026-05-13 20:43:01
5474|372|Sumarorong|sumarorong|2026-05-13 22:03:57
6455|450|Batang Anai|batang-anai|2026-05-13 22:31:21
5402|367|Bangun Purba|bangun-purba|2026-05-13 22:02:10
3295|217|Seruyan Hilir Timur|seruyan-hilir-timur|2026-05-13 21:06:28
2976|188|Kapuas|kapuas|2026-05-13 20:55:50
6810|480|Kertapati|kertapati|2026-05-13 22:41:51
3700|253|Sungkai Selatan|sungkai-selatan|2026-05-13 21:18:03
6609|466|Sikap Dalam|sikap-dalam|2026-05-13 22:35:34
7026|495|Mazo|mazo|2026-05-13 22:48:36
2899|182|Matan Hilir Utara|matan-hilir-utara|2026-05-13 20:52:54
2202|142|Giri|giri|2026-05-13 20:32:37
163|11|Nisam|nisam|2026-05-13 19:25:57
5231|357|Agandugume|agandugume|2026-05-13 21:57:38
6586|465|Banyuasin Iii|banyuasin-iii|2026-05-13 22:34:49
4385|308|Pantai Baru|pantai-baru|2026-05-13 21:36:27
5450|370|Senapelan|senapelan|2026-05-13 22:03:19
6929|488|Panai Tengah|panai-tengah|2026-05-13 22:45:31
4599|326|Arguni|arguni|2026-05-13 21:42:00
980|79|Cicalengka|cicalengka|2026-05-13 19:57:48
2172|139|Pasar Kliwon|pasar-kliwon|2026-05-13 20:31:46
6148|424|Laonti|laonti|2026-05-13 22:22:52
2108|133|Giriwoyo|giriwoyo|2026-05-13 20:29:59
5736|393|Ganra|ganra|2026-05-13 22:10:59
6913|487|Laubaleng|laubaleng|2026-05-13 22:45:00
2858|179|Suti Semarang|suti-semarang|2026-05-13 20:51:43
2118|133|Pracimantoro|pracimantoro|2026-05-13 20:30:13
5308|360|Tanah Merah|tanah-merah|2026-05-13 21:59:37
7070|497|Sosopan|sosopan|2026-05-13 22:49:58
430|35|Pabuaran|pabuaran|2026-05-13 19:38:43
4607|326|Karas|karas|2026-05-13 21:42:12
6863|484|Parbuluan|parbuluan|2026-05-13 22:43:18
2507|155|Gedeg|gedeg|2026-05-13 20:41:08
5876|403|Bokan Kepulauan|bokan-kepulauan|2026-05-13 22:14:55
6388|444|Bunaken Kepulauan|bunaken-kepulauan|2026-05-13 22:29:41
2135|134|Mojotengah|mojotengah|2026-05-13 20:30:43
1238|87|Juntinyuat|juntinyuat|2026-05-13 20:05:13
1032|81|Karang Bahagia|karang-bahagia|2026-05-13 19:59:15
6718|473|Mesuji Makmur|mesuji-makmur|2026-05-13 22:39:03
4051|283|Pulau Hiri|pulau-hiri|2026-05-13 21:27:43
5843|401|Kintom|kintom|2026-05-13 22:13:54
1506|96|Sodonghilir|sodonghilir|2026-05-13 20:12:05
2859|179|Teriak|teriak|2026-05-13 20:51:45
5552|379|Mare|mare|2026-05-13 22:05:56
2402|150|Maduran|maduran|2026-05-13 20:38:22
2111|133|Jatisrono|jatisrono|2026-05-13 20:30:04
689|54|Ngemplak|ngemplak|2026-05-13 19:48:56
5524|377|Bissappu|bissappu|2026-05-13 22:05:12
3609|249|Sumber Jaya|sumber-jaya|2026-05-13 21:15:20
4956|343|Oklip|oklip|2026-05-13 21:50:37
6266|434|Sangkub|sangkub|2026-05-13 22:26:15
112|9|Badar|badar|2026-05-13 19:23:05
5318|361|Lirik|lirik|2026-05-13 21:59:55
1545|98|Langensari|langensari|2026-05-13 20:12:57
5333|362|Kampar Kiri Hilir|kampar-kiri-hilir|2026-05-13 22:00:23
2475|154|Dau|dau|2026-05-13 20:40:19
1181|85|Tengah Tani|tengah-tani|2026-05-13 20:03:37
4342|304|Lembor|lembor|2026-05-13 21:35:11
4990|344|Kuari|kuari|2026-05-13 21:51:27
1001|79|Pasirjambu|pasirjambu|2026-05-13 19:58:23
7003|494|Lolofitu Moi|lolofitu-moi|2026-05-13 22:47:54
4520|318|Kemtuk Gresi|kemtuk-gresi|2026-05-13 21:40:04
211|14|Rikit Gaib|rikit-gaib|2026-05-13 19:28:58
444|36|Curug|curug|2026-05-13 19:39:16
5644|385|Suli Barat|suli-barat|2026-05-13 22:08:26
825|67|Kota Barat|kota-barat|2026-05-13 19:52:58
6674|470|Bts. Ulu|bts-ulu|2026-05-13 22:37:39
5716|391|Kulo|kulo|2026-05-13 22:10:25
186|13|Gandapura|gandapura|2026-05-13 19:27:26
470|37|Cilegon|cilegon|2026-05-13 19:40:11
161|11|Muara Batu|muara-batu|2026-05-13 19:25:51
3346|222|Marang Kayu|marang-kayu|2026-05-13 21:07:58
5368|364|Pucuk Rantau|pucuk-rantau|2026-05-13 22:01:19
5025|345|Kayo|kayo|2026-05-13 21:52:19
4416|310|Tana Wawo|tana-wawo|2026-05-13 21:37:14
3066|196|Daha Utara|daha-utara|2026-05-13 20:59:15
3435|231|Mentarang|mentarang|2026-05-13 21:10:31
1597|105|Kawalu|kawalu|2026-05-13 20:14:09
216|15|Darul Makmur|darul-makmur|2026-05-13 19:29:11
6211|428|Wangi Wangi Selatan|wangi-wangi-selatan|2026-05-13 22:24:38
5199|355|Siriwo|siriwo|2026-05-13 21:56:53
6584|465|Banyuasin I|banyuasin-i|2026-05-13 22:34:45
2771|169|Karangrejo|karangrejo|2026-05-13 20:49:21
4761|335|Sunook|sunook|2026-05-13 21:45:53
6464|450|Sungai Garingging|sungai-garingging|2026-05-13 22:31:33
2464|153|Panekan|panekan|2026-05-13 20:40:01
2950|186|Sungai Pinyuh|sungai-pinyuh|2026-05-13 20:55:02
2365|149|Banyakan|banyakan|2026-05-13 20:37:13
866|70|Gunung Tujuh|gunung-tujuh|2026-05-13 19:54:13
2364|149|Badas|badas|2026-05-13 20:37:12
1736|112|Majenang|majenang|2026-05-13 20:18:29
5668|387|Rampi|rampi|2026-05-13 22:09:07
6590|465|Muara Padang|muara-padang|2026-05-13 22:34:57
4262|299|Adonara|adonara|2026-05-13 21:33:02
4609|326|Kokas|kokas|2026-05-13 21:42:14
5760|395|Makale Utara|makale-utara|2026-05-13 22:11:37
5337|362|Koto Kampar Hulu|koto-kampar-hulu|2026-05-13 22:00:29
1333|90|Ligung|ligung|2026-05-13 20:07:53
3185|207|Paju Epat|paju-epat|2026-05-13 21:03:08
2462|153|Ngariboyo|ngariboyo|2026-05-13 20:39:59
5228|356|Yagai|yagai|2026-05-13 21:57:33
2310|146|Ujungpangkah|ujungpangkah|2026-05-13 20:35:47
1952|124|Bantarbolang|bantarbolang|2026-05-13 20:25:16
3383|225|Batu Sopang|batu-sopang|2026-05-13 21:09:03
6179|426|Kontu Kowuna|kontu-kowuna|2026-05-13 22:23:48
1350|91|Mangunjaya|mangunjaya|2026-05-13 20:08:19
2716|166|Guluk-Guluk|guluk-guluk|2026-05-13 20:47:20
4566|321|Sawai|sawai|2026-05-13 21:41:11
15|2|Jeumpa|jeumpa|2026-05-13 19:18:53
1150|85|Depok|depok|2026-05-13 20:02:44
5591|382|Bontolempangang|bontolempangang|2026-05-13 22:06:59
17|2|Lembah Sabil|lembah-sabil|2026-05-13 19:18:59
6047|417|Gu|gu|2026-05-13 22:19:51
4082|286|Kempo|kempo|2026-05-13 21:28:31
2349|148|Kabuh|kabuh|2026-05-13 20:36:46
4150|291|Moyo Hulu|moyo-hulu|2026-05-13 21:30:12
6595|465|Rantau Bayur|rantau-bayur|2026-05-13 22:35:07
4192|295|Kolbano|kolbano|2026-05-13 21:31:14
5434|369|Dumai Kota|dumai-kota|2026-05-13 22:02:57
213|14|Teripe Jaya|teripe-jaya|2026-05-13 19:29:04
4504|317|Oridek|oridek|2026-05-13 21:39:40
3001|190|Ketungau Tengah|ketungau-tengah|2026-05-13 20:56:48
6532|456|Sangir|sangir|2026-05-13 22:33:19
2381|149|Pare|pare|2026-05-13 20:37:40
2259|144|Ngambon|ngambon|2026-05-13 20:34:07
2439|152|Dagangan|dagangan|2026-05-13 20:39:21
3793|261|Kasui|kasui|2026-05-13 21:20:59
4931|342|Yenggelo|yenggelo|2026-05-13 21:49:57
5111|348|Subur|subur|2026-05-13 21:54:40
4655|331|Kaitaro|kaitaro|2026-05-13 21:43:29
7248|509|Medan Tuntungan|medan-tuntungan|2026-05-13 22:55:59
1582|103|Sawangan|sawangan|2026-05-13 20:13:48
5735|393|Donri Donri|donri-donri|2026-05-13 22:10:57
690|54|Pakem|pakem|2026-05-13 19:48:57
2371|149|Kayen Kidul|kayen-kidul|2026-05-13 20:37:22
3876|268|Wetar Barat|wetar-barat|2026-05-13 21:23:16
2151|137|Sidorejo|sidorejo|2026-05-13 20:31:11
520|42|Pondok Kelapa|pondok-kelapa|2026-05-13 19:42:54
5271|358|Nioga|nioga|2026-05-13 21:58:34
6410|446|Lubuk Basung|lubuk-basung|2026-05-13 22:30:17
3124|200|Murung Pudak|murung-pudak|2026-05-13 21:01:08
1274|88|Pakisjaya|pakisjaya|2026-05-13 20:06:13
6190|426|Tongkuno Selatan|tongkuno-selatan|2026-05-13 22:24:04
1364|92|Pasawahan|pasawahan|2026-05-13 20:08:39
6418|446|Tilatang Kamang|tilatang-kamang|2026-05-13 22:30:28
5791|396|Tallunglipu|tallunglipu|2026-05-13 22:12:24
1263|88|Cilamaya Wetan|cilamaya-wetan|2026-05-13 20:05:54
4742|335|Klaso|klaso|2026-05-13 21:45:26
2738|167|Panggul|panggul|2026-05-13 20:48:00
4266|299|Demon Pagong|demon-pagong|2026-05-13 21:33:08
1772|114|Tawangharjo|tawangharjo|2026-05-13 20:19:39
4185|295|Batu Putih|batu-putih|2026-05-13 21:31:04
1137|84|Sindangbarang|sindangbarang|2026-05-13 20:02:20
1788|115|Pakis Aji|pakis-aji|2026-05-13 20:20:07
661|52|Saptosari|saptosari|2026-05-13 19:47:58
6041|416|Batu Atas|batu-atas|2026-05-13 22:19:42
1778|115|Donorojo|donorojo|2026-05-13 20:19:50
1248|87|Pasekan|pasekan|2026-05-13 20:05:30
5727|392|Sinjai Barat|sinjai-barat|2026-05-13 22:10:44
49|4|Panga|panga|2026-05-13 19:20:33
1504|96|Sariwangi|sariwangi|2026-05-13 20:12:02
4713|334|Kepulauan Sembilan|kepulauan-sembilan|2026-05-13 21:44:48
3081|197|Labuan Amas Selatan|labuan-amas-selatan|2026-05-13 20:59:44
5965|409|Poso Pesisir Utara|poso-pesisir-utara|2026-05-13 22:17:31
3503|240|Damar|damar|2026-05-13 21:12:32
1147|85|Beber|beber|2026-05-13 20:02:39
4116|289|Montong Gading|montong-gading|2026-05-13 21:29:24
5135|350|Kontuar|kontuar|2026-05-13 21:55:20
225|16|Delima|delima|2026-05-13 19:29:41
6102|422|Anggalomoare|anggalomoare|2026-05-13 22:21:29
3123|200|Muara Uya|muara-uya|2026-05-13 21:01:06
3803|262|Kedamaian|kedamaian|2026-05-13 21:21:17
2823|178|Karang Pilang|karang-pilang|2026-05-13 20:50:49
4324|302|Weliman|weliman|2026-05-13 21:34:40
45|4|Darul Hikmah|darul-hikmah|2026-05-13 19:20:23
3913|271|Kairatu|kairatu|2026-05-13 21:24:18
5223|356|Siriwo|siriwo|2026-05-13 21:57:26
720|58|Cempaka Putih|cempaka-putih|2026-05-13 19:49:47
4335|303|Satar Mese Barat|satar-mese-barat|2026-05-13 21:34:59
3003|190|Serawai|serawai|2026-05-13 20:56:55
5476|372|Tabulahan|tabulahan|2026-05-13 22:04:00
4881|340|Muara|muara|2026-05-13 21:48:42
3290|217|Batu Ampar|batu-ampar|2026-05-13 21:06:20
6146|424|Lalembuu|lalembuu|2026-05-13 22:22:48
738|60|Cakung|cakung|2026-05-13 19:50:19
222|15|Tadu Raya|tadu-raya|2026-05-13 19:29:32
326|29|Manggis|manggis|2026-05-13 19:34:40
6027|414|Poleang Utara|poleang-utara|2026-05-13 22:19:16
3819|262|Telukbetung Utara|telukbetung-utara|2026-05-13 21:21:41
6491|452|Sungaiberemas|sungaiberemas|2026-05-13 22:32:13
5808|398|Biringkanaya|biringkanaya|2026-05-13 22:12:56
5116|349|Citak-Mitak|citak-mitak|2026-05-13 21:54:51
7243|509|Medan Polonia|medan-polonia|2026-05-13 22:55:51
5303|360|Mandah|mandah|2026-05-13 21:59:28
2927|184|Meranti|meranti|2026-05-13 20:54:07
6497|453|Iv Jurai|iv-jurai|2026-05-13 22:32:23
2039|129|Masaran|masaran|2026-05-13 20:28:03
257|18|Simeulue Barat|simeulue-barat|2026-05-13 19:31:46
593|47|Xiv Koto|xiv-koto|2026-05-13 19:45:26
1058|82|Cisarua|cisarua|2026-05-13 20:00:00
4311|301|Nubatukan|nubatukan|2026-05-13 21:34:22
4079|285|Woha|woha|2026-05-13 21:28:26
5659|386|Wotu|wotu|2026-05-13 22:08:51
343|31|Tabanan|tabanan|2026-05-13 19:35:23
6269|435|Manganitu|manganitu|2026-05-13 22:26:20
5187|354|Mimika Tengah|mimika-tengah|2026-05-13 21:56:37
6866|484|Siempat Nempu|siempat-nempu|2026-05-13 22:43:23
6093|421|Porehu|porehu|2026-05-13 22:21:13
5045|345|Sela|sela|2026-05-13 21:52:48
1586|104|Cibeureum|cibeureum|2026-05-13 20:13:54
7150|502|Ujung Padang|ujung-padang|2026-05-13 22:52:44
2964|187|Selakau Timur|selakau-timur|2026-05-13 20:55:30
2198|142|Blimbingsari|blimbingsari|2026-05-13 20:32:32
4843|339|Tagineri|tagineri|2026-05-13 21:47:47
306|26|Sawan|sawan|2026-05-13 19:33:53
6240|431|Dumoga Utara|dumoga-utara|2026-05-13 22:25:24
579|47|Air Dikit|air-dikit|2026-05-13 19:44:58
1106|83|Rancah|rancah|2026-05-13 20:01:25
6379|442|Madidir|madidir|2026-05-13 22:29:26
6748|475|Buay Sandang Aji|buay-sandang-aji|2026-05-13 22:40:00
4070|285|Monta|monta|2026-05-13 21:28:13
869|70|Keliling Danau|keliling-danau|2026-05-13 19:54:20
859|70|Batang Merangin|batang-merangin|2026-05-13 19:54:01
1936|123|Kandangserang|kandangserang|2026-05-13 20:24:50
7121|502|Bandar Masilam|bandar-masilam|2026-05-13 22:51:47
6708|472|Sungai Pinang|sungai-pinang|2026-05-13 22:38:42
4565|321|Rufaer|rufaer|2026-05-13 21:41:10
4421|311|Lamboya|lamboya|2026-05-13 21:37:23
2193|141|Tanah Merah|tanah-merah|2026-05-13 20:32:23
6305|437|Moronge|moronge|2026-05-13 22:27:20
4435|312|Wewewa Utara|wewewa-utara|2026-05-13 21:37:53
4933|343|Aboy|aboy|2026-05-13 21:50:02
3479|236|Kelapa|kelapa|2026-05-13 21:11:48
950|76|Tebo Ilir|tebo-ilir|2026-05-13 19:56:59
2449|152|Saradan|saradan|2026-05-13 20:39:37
4050|283|Pulau Batang Dua|pulau-batang-dua|2026-05-13 21:27:41
5622|384|Pasilambena|pasilambena|2026-05-13 22:07:49
1844|118|Ngampel|ngampel|2026-05-13 20:21:54
3286|216|Kahayan Tengah|kahayan-tengah|2026-05-13 21:06:12
4475|315|Insana Barat|insana-barat|2026-05-13 21:38:54
5508|376|Anreapi|anreapi|2026-05-13 22:04:47
4466|315|Biboki Moenleu|biboki-moenleu|2026-05-13 21:38:42
6502|453|Lunang|lunang|2026-05-13 22:32:33
6611|466|Tebing Tinggi|tebing-tinggi|2026-05-13 22:35:37
4125|289|Sikur|sikur|2026-05-13 21:29:38
4138|291|Batu Lanteh|batu-lanteh|2026-05-13 21:29:58
2500|154|Turen|turen|2026-05-13 20:40:56
31|3|Krueng Barona Jaya|krueng-barona-jaya|2026-05-13 19:19:44
392|34|Karang Tanjung|karang-tanjung|2026-05-13 19:37:19
165|11|Paya Bakong|paya-bakong|2026-05-13 19:26:03
5068|346|Welarek|welarek|2026-05-13 21:53:35
59|5|Kluet Utara|kluet-utara|2026-05-13 19:20:55
1107|83|Sadananya|sadananya|2026-05-13 20:01:26
6254|433|Kotabunan|kotabunan|2026-05-13 22:25:52
1603|106|Banjarnegara|banjarnegara|2026-05-13 20:14:19
3214|210|Kapuas Barat|kapuas-barat|2026-05-13 21:03:58
4084|286|Manggalewa|manggalewa|2026-05-13 21:28:34
4234|297|Lamaknen Selatan|lamaknen-selatan|2026-05-13 21:32:16
2|1|Bubon|bubon|2026-05-13 19:18:12
1033|81|Kedung Waringin|kedung-waringin|2026-05-13 19:59:17
700|55|Jetis|jetis|2026-05-13 19:49:16
5398|366|Sinaboi|sinaboi|2026-05-13 22:02:04
1629|107|Karanglewas|karanglewas|2026-05-13 20:15:03
1762|114|Gubug|gubug|2026-05-13 20:19:20
83|7|Banda Mulia|banda-mulia|2026-05-13 19:21:46
3680|252|Way Jepara|way-jepara|2026-05-13 21:17:28
5699|389|Pangkajene|pangkajene|2026-05-13 22:09:56
2884|181|Kepulauan Karimata|kepulauan-karimata|2026-05-13 20:52:29
1381|93|Cisalak|cisalak|2026-05-13 20:09:04
5466|372|Mamasa|mamasa|2026-05-13 22:03:45
6082|420|Ueesi|ueesi|2026-05-13 22:20:53
5988|411|Tojo Barat|tojo-barat|2026-05-13 22:18:13
7173|504|Pandan|pandan|2026-05-13 22:53:41
5849|401|Luwuk Utara|luwuk-utara|2026-05-13 22:14:03
3201|209|Kurun|kurun|2026-05-13 21:03:36
415|35|Bojonegara|bojonegara|2026-05-13 19:38:08
6927|488|Panai Hilir|panai-hilir|2026-05-13 22:45:29
3040|194|Sambung Makmur|sambung-makmur|2026-05-13 20:58:23
4807|338|Klaurung|klaurung|2026-05-13 21:46:57
5107|348|Manggelum|manggelum|2026-05-13 21:54:31
7064|497|Huta Raja Tinggi|huta-raja-tinggi|2026-05-13 22:49:45
4103|288|Praya|praya|2026-05-13 21:29:04
2528|156|Lengkong|lengkong|2026-05-13 20:41:47
929|74|Senyerang|senyerang|2026-05-13 19:56:22
934|75|Dendang|dendang|2026-05-13 19:56:32
4121|289|Sakra Timur|sakra-timur|2026-05-13 21:29:33
3065|196|Daha Selatan|daha-selatan|2026-05-13 20:59:13
3591|247|Sei Beduk|sei-beduk|2026-05-13 21:14:49
6205|428|Binongko|binongko|2026-05-13 22:24:28
1168|85|Pabuaran|pabuaran|2026-05-13 20:03:14
503|41|Air Nipis|air-nipis|2026-05-13 19:42:10
871|70|Siulak|siulak|2026-05-13 19:54:24
2233|143|Selopuro|selopuro|2026-05-13 20:33:23
2071|131|Kedungbanteng|kedungbanteng|2026-05-13 20:28:57
4626|328|Manokwari Utara|manokwari-utara|2026-05-13 21:42:40
5033|345|Lolat|lolat|2026-05-13 21:52:31
7014|495|Gomo|gomo|2026-05-13 22:48:15
2595|160|Nguling|nguling|2026-05-13 20:43:43
2134|134|Leksono|leksono|2026-05-13 20:30:42
4780|337|Amberbaken Barat|amberbaken-barat|2026-05-13 21:46:21
492|39|Neglasari|neglasari|2026-05-13 19:40:56
328|29|Selat|selat|2026-05-13 19:34:45
2346|148|Gudo|gudo|2026-05-13 20:36:40
89|7|Manyak Payed|manyak-payed|2026-05-13 19:22:01
6505|453|Ranah Pesisir|ranah-pesisir|2026-05-13 22:32:37
4882|340|Nikogwe|nikogwe|2026-05-13 21:48:44
5078|347|Jetsy|jetsy|2026-05-13 21:53:52
971|78|Pondok Tinggi|pondok-tinggi|2026-05-13 19:57:32
1884|120|Jati|jati|2026-05-13 20:23:10
6999|493|Sogae'adu|sogaeadu|2026-05-13 22:47:46
3864|268|Kepulauan Romang|kepulauan-romang|2026-05-13 21:22:56
3480|236|Mentok|mentok|2026-05-13 21:11:50
6389|444|Malalayang|malalayang|2026-05-13 22:29:42
1459|95|Jatinangor|jatinangor|2026-05-13 20:10:57
4193|295|Kot Olin|kot-olin|2026-05-13 21:31:15
5405|367|Kepenuhan|kepenuhan|2026-05-13 22:02:14
4473|315|Bikomi Utara|bikomi-utara|2026-05-13 21:38:51
1316|89|Selajambe|selajambe|2026-05-13 20:07:26
5166|353|Agisiga|agisiga|2026-05-13 21:56:05
6272|435|Tabukan Selatan|tabukan-selatan|2026-05-13 22:26:26
3914|271|Kairatu Barat|kairatu-barat|2026-05-13 21:24:19
3777|260|Batu Putih|batu-putih|2026-05-13 21:20:30
3365|223|Kombeng|kombeng|2026-05-13 21:08:30
407|34|Sindangresmi|sindangresmi|2026-05-13 19:37:50
2636|162|Gending|gending|2026-05-13 20:44:58
1201|86|Kadungora|kadungora|2026-05-13 20:04:11
1576|103|Cilodong|cilodong|2026-05-13 20:13:40
1726|112|Cipari|cipari|2026-05-13 20:18:08
3791|261|Bumi Agung|bumi-agung|2026-05-13 21:20:55
4096|287|Narmada|narmada|2026-05-13 21:28:52
2014|128|Bancak|bancak|2026-05-13 20:27:23
2965|187|Semparuk|semparuk|2026-05-13 20:55:31
4967|344|Airgaram|airgaram|2026-05-13 21:50:53
4937|343|Batom|batom|2026-05-13 21:50:07
1758|114|Gabus|gabus|2026-05-13 20:19:12
3946|275|Ibu Utara|ibu-utara|2026-05-13 21:25:09
4056|284|Oba Tengah|oba-tengah|2026-05-13 21:27:51
6829|482|Bandar Pulau|bandar-pulau|2026-05-13 22:42:20
3041|194|Simpang Empat|simpang-empat|2026-05-13 20:58:25
1157|85|Jamblang|jamblang|2026-05-13 20:02:56
1466|95|Sumedang Selatan|sumedang-selatan|2026-05-13 20:11:07
404|34|Picung|picung|2026-05-13 19:37:43
4601|326|Fak-Fak|fak-fak|2026-05-13 21:42:03
2857|179|Sungai Raya Kepulauan|sungai-raya-kepulauan|2026-05-13 20:51:41
2831|178|Sambikerep|sambikerep|2026-05-13 20:51:01
1035|81|Pebayuran|pebayuran|2026-05-13 19:59:20
3327|221|Jempang|jempang|2026-05-13 21:07:26
6986|492|Puncak Sorik Marapi|puncak-sorik-marapi|2026-05-13 22:47:17
587|47|Pondok Suguh|pondok-suguh|2026-05-13 19:45:12
2351|148|Kudu|kudu|2026-05-13 20:36:49
2914|183|Sungai Ambawang|sungai-ambawang|2026-05-13 20:53:21
4214|296|Alor Selatan|alor-selatan|2026-05-13 21:31:51
4387|308|Rote Barat Daya|rote-barat-daya|2026-05-13 21:36:31
6101|422|Anggaberi|anggaberi|2026-05-13 22:21:27
2809|177|Kanigaran|kanigaran|2026-05-13 20:50:32
3432|231|Malinau Selatan Hilir|malinau-selatan-hilir|2026-05-13 21:10:26
2968|187|Tebas|tebas|2026-05-13 20:55:36
2466|153|Plaosan|plaosan|2026-05-13 20:40:05
5397|366|Simpang Kanan|simpang-kanan|2026-05-13 22:02:03
5160|352|Kamu Utara|kamu-utara|2026-05-13 21:55:57
1757|114|Brati|brati|2026-05-13 20:19:10
5008|344|Woniki|woniki|2026-05-13 21:51:55
244|16|Tangse|tangse|2026-05-13 19:30:59
965|77|Pelayangan|pelayangan|2026-05-13 19:57:23
1439|94|Purabaya|purabaya|2026-05-13 20:10:25
3615|250|Kalianda|kalianda|2026-05-13 21:15:31
3120|200|Jaro|jaro|2026-05-13 21:01:02
3296|217|Seruyan Hulu|seruyan-hulu|2026-05-13 21:06:30
724|58|Menteng|menteng|2026-05-13 19:49:53
4360|305|Rana Mese|rana-mese|2026-05-13 21:35:41
5295|360|Enok|enok|2026-05-13 21:59:15
1242|87|Kertasemaya|kertasemaya|2026-05-13 20:05:20
1904|121|Salaman|salaman|2026-05-13 20:23:49
723|58|Kemayoran|kemayoran|2026-05-13 19:49:51
744|60|Makasar|makasar|2026-05-13 19:50:30
1499|96|Parungponteng|parungponteng|2026-05-13 20:11:56
3877|268|Wetar Timur|wetar-timur|2026-05-13 21:23:17
481|38|Taktakan|taktakan|2026-05-13 19:40:33
3142|202|Bati Bati|bati-bati|2026-05-13 21:01:42
1484|96|Cipatujah|cipatujah|2026-05-13 20:11:35
3753|258|Limau|limau|2026-05-13 21:19:44
6049|417|Mawasangka|mawasangka|2026-05-13 22:19:55
4895|340|Yugungwi|yugungwi|2026-05-13 21:49:04
3657|252|Bandar Sribhawono|bandar-sribhawono|2026-05-13 21:16:50
5599|382|Parigi|parigi|2026-05-13 22:07:12
5679|388|Lau|lau|2026-05-13 22:09:25
6057|418|Kulisusu Barat|kulisusu-barat|2026-05-13 22:20:09
844|69|Jujuhan|jujuhan|2026-05-13 19:53:36
3841|265|Waesama|waesama|2026-05-13 21:22:18
5226|356|Wegee Bino|wegee-bino|2026-05-13 21:57:30
693|54|Sleman|sleman|2026-05-13 19:49:03
5133|350|Kaptel|kaptel|2026-05-13 21:55:17
5858|401|Toili Barat|toili-barat|2026-05-13 22:14:22
6290|436|Tagulandang Selatan|tagulandang-selatan|2026-05-13 22:26:55
7006|494|Mandrehe Utara|mandrehe-utara|2026-05-13 22:47:59
3164|204|Banjarbaru Selatan|banjarbaru-selatan|2026-05-13 21:02:27
3381|224|Long Pahangai|long-pahangai|2026-05-13 21:08:58
95|8|Atu Lintang|atu-lintang|2026-05-13 19:22:16
1349|91|Langkaplancar|langkaplancar|2026-05-13 20:08:17
4794|337|Miyah|miyah|2026-05-13 21:46:39
5918|407|Mori Atas|mori-atas|2026-05-13 22:16:10
3903|270|Kei Kecil|kei-kecil|2026-05-13 21:24:04
4025|280|Mangoli Utara Timur|mangoli-utara-timur|2026-05-13 21:27:05
1825|117|Padureso|padureso|2026-05-13 20:21:19
3111|199|Pulau Sebuku|pulau-sebuku|2026-05-13 21:00:44
5272|358|Nume|nume|2026-05-13 21:58:36
6221|430|Abeli|abeli|2026-05-13 22:24:54
6552|458|Guguak Panjang|guguak-panjang|2026-05-13 22:33:48
4629|328|Sidey|sidey|2026-05-13 21:42:47
6819|481|Prabumulih Selatan|prabumulih-selatan|2026-05-13 22:42:04
596|48|Binduriang|binduriang|2026-05-13 19:45:33
6739|474|Sinar Peninjauan|sinar-peninjauan|2026-05-13 22:39:43
1929|122|Trangkil|trangkil|2026-05-13 20:24:35
1213|86|Pangatikan|pangatikan|2026-05-13 20:04:31
4738|335|Hobard|hobard|2026-05-13 21:45:21
4988|344|Kembu|kembu|2026-05-13 21:51:24
2989|189|Nanga Mahap|nanga-mahap|2026-05-13 20:56:15
3468|234|Tarakan Timur|tarakan-timur|2026-05-13 21:11:29
6326|438|Sonder|sonder|2026-05-13 22:27:53
3238|211|Sanaman Mantikei|sanaman-mantikei|2026-05-13 21:04:43
1258|88|Batujaya|batujaya|2026-05-13 20:05:46
2791|172|Mojoroto|mojoroto|2026-05-13 20:49:58
4977|344|Dundu|dundu|2026-05-13 21:51:08
6553|458|Mandiangin K. Selayan|mandiangin-k-selayan|2026-05-13 22:33:49
5503|375|Pedongga|pedongga|2026-05-13 22:04:41
6320|438|Langowan Timur|langowan-timur|2026-05-13 22:27:44
5066|346|Benawa|benawa|2026-05-13 21:53:28
2701|165|Situbondo|situbondo|2026-05-13 20:46:52
5062|345|Yahuliambut|yahuliambut|2026-05-13 21:53:14
791|64|Tabongo|tabongo|2026-05-13 19:51:57
5459|371|Tammerodo Sendana|tammerodo-sendana|2026-05-13 22:03:35
4832|339|Muliama|muliama|2026-05-13 21:47:30
4159|291|Utan|utan|2026-05-13 21:30:24
3070|196|Padang Batung|padang-batung|2026-05-13 20:59:22
6108|422|Lalonggasumeeto|lalonggasumeeto|2026-05-13 22:21:38
1200|86|Garut Kota|garut-kota|2026-05-13 20:04:09
5247|357|Mage'abume|mageabume|2026-05-13 21:57:59
1344|90|Talaga|talaga|2026-05-13 20:08:10
3444|232|Krayan Timur|krayan-timur|2026-05-13 21:10:49
2194|141|Tanjung Bumi|tanjung-bumi|2026-05-13 20:32:25
4196|295|Kuanfatu|kuanfatu|2026-05-13 21:31:20
1034|81|Muaragembong|muaragembong|2026-05-13 19:59:18
3767|259|Gedung Aji Baru|gedung-aji-baru|2026-05-13 21:20:14
5|1|Meureubo|meureubo|2026-05-13 19:18:21
379|34|Cadasari|cadasari|2026-05-13 19:36:51
224|16|Batee|batee|2026-05-13 19:29:37
3613|250|Candipuro|candipuro|2026-05-13 21:15:27
6446|449|Lareh Sago Halaban|lareh-sago-halaban|2026-05-13 22:31:08
6731|474|Kedaton Peninjauan Raya|kedaton-peninjauan-raya|2026-05-13 22:39:30
3297|217|Seruyan Raya|seruyan-raya|2026-05-13 21:06:32
7052|496|Sawo|sawo|2026-05-13 22:49:22
3584|247|Belakang Padang|belakang-padang|2026-05-13 21:14:39
6087|421|Lambai|lambai|2026-05-13 22:21:01
1599|105|Purbaratu|purbaratu|2026-05-13 20:14:12
611|49|Lubuk Sandi|lubuk-sandi|2026-05-13 19:46:07
2570|158|Sudimoro|sudimoro|2026-05-13 20:42:52
6568|461|Pariaman Tengah|pariaman-tengah|2026-05-13 22:34:15
5571|380|Kindang|kindang|2026-05-13 22:06:27
3868|268|Pulau Lakor|pulau-lakor|2026-05-13 21:23:04
5821|398|Ujung Tanah|ujung-tanah|2026-05-13 22:13:17
2262|144|Padangan|padangan|2026-05-13 20:34:12
3100|199|Kelumpang Tengah|kelumpang-tengah|2026-05-13 21:00:26
5071|347|Aswi|aswi|2026-05-13 21:53:43
6247|432|Bolaang Uki|bolaang-uki|2026-05-13 22:25:39
1221|86|Sukawening|sukawening|2026-05-13 20:04:43
187|13|Jangka|jangka|2026-05-13 19:27:31
2292|145|Wonosari|wonosari|2026-05-13 20:35:04
3875|268|Wetar|wetar|2026-05-13 21:23:15
352|33|Cibeber|cibeber|2026-05-13 19:35:46
398|34|Menes|menes|2026-05-13 19:37:31
6001|412|Ogodeide|ogodeide|2026-05-13 22:18:36
2140|134|Watumalang|watumalang|2026-05-13 20:30:53
4581|323|Supiori Timur|supiori-timur|2026-05-13 21:41:33
1385|93|Kalijati|kalijati|2026-05-13 20:09:10
5685|388|Simbang|simbang|2026-05-13 22:09:34
2397|150|Karanggeneng|karanggeneng|2026-05-13 20:38:11
3958|276|Bacan Timur Selatan|bacan-timur-selatan|2026-05-13 21:25:31
7185|504|Tukka|tukka|2026-05-13 22:54:01
5443|370|Marpoyan Damai|marpoyan-damai|2026-05-13 22:03:10
4476|315|Insana Fafinesu|insana-fafinesu|2026-05-13 21:38:56
3317|220|Sambaliung|sambaliung|2026-05-13 21:07:07
1495|96|Manonjaya|manonjaya|2026-05-13 20:11:50
1846|118|Patean|patean|2026-05-13 20:21:57
6545|457|Salimpaung|salimpaung|2026-05-13 22:33:37
3691|253|Bukit Kemuning|bukit-kemuning|2026-05-13 21:17:47
6755|475|Runjung Agung|runjung-agung|2026-05-13 22:40:13
5726|392|Pulau Sembilan|pulau-sembilan|2026-05-13 22:10:42
953|76|Tengah Ilir|tengah-ilir|2026-05-13 19:57:04
3519|242|Bintan Utara|bintan-utara|2026-05-13 21:13:01
4219|296|Lembur|lembur|2026-05-13 21:31:58
4141|291|Labangka|labangka|2026-05-13 21:30:02
4574|322|Sarmi|sarmi|2026-05-13 21:41:23
4468|315|Biboki Tan Pah|biboki-tan-pah|2026-05-13 21:38:44
5113|348|Yaniruma|yaniruma|2026-05-13 21:54:44
5120|349|Mambioman Bapai|mambioman-bapai|2026-05-13 21:54:57
494|39|Pinang|pinang|2026-05-13 19:41:00
3529|243|Durai|durai|2026-05-13 21:13:19
2343|148|Bandarkedungmulyo|bandarkedungmulyo|2026-05-13 20:36:35
461|36|Sepatan|sepatan|2026-05-13 19:39:51
239|16|Padang Tiji|padang-tiji|2026-05-13 19:30:30
6694|471|Ulu Rawas|ulu-rawas|2026-05-13 22:38:15
4055|284|Oba Selatan|oba-selatan|2026-05-13 21:27:49
961|77|Jelutung|jelutung|2026-05-13 19:57:18
3728|256|Pesisir Selatan|pesisir-selatan|2026-05-13 21:18:57
4783|337|Bikar|bikar|2026-05-13 21:46:24
5776|396|Baruppu|baruppu|2026-05-13 22:12:01
722|58|Johar Baru|johar-baru|2026-05-13 19:49:50
2181|141|Burneh|burneh|2026-05-13 20:32:01
5895|405|Labuan|labuan|2026-05-13 22:15:27
144|10|Rantau Selamat|rantau-selamat|2026-05-13 19:24:50
5620|384|Bontosikuyu|bontosikuyu|2026-05-13 22:07:46
5952|409|Lore Timur|lore-timur|2026-05-13 22:17:11
3708|254|Simpang Pematang|simpang-pematang|2026-05-13 21:18:18
2751|168|Kerek|kerek|2026-05-13 20:48:30
178|12|Bukit|bukit|2026-05-13 19:26:58
4638|330|Anggi|anggi|2026-05-13 21:43:03
4661|331|Meyado|meyado|2026-05-13 21:43:36
500|40|Serpong|serpong|2026-05-13 19:42:00
7202|506|Balige|balige|2026-05-13 22:54:35
6504|453|Ranah Ampek Hulu Tapan|ranah-ampek-hulu-tapan|2026-05-13 22:32:36
6086|421|Kodeoha|kodeoha|2026-05-13 22:21:00
6882|485|Kutalimbaru|kutalimbaru|2026-05-13 22:43:54
7104|501|Dolok Masihul|dolok-masihul|2026-05-13 22:51:15
5407|367|Kunto Darussalam|kunto-darussalam|2026-05-13 22:02:17
3629|251|Anak Ratu Aji|anak-ratu-aji|2026-05-13 21:16:00
5957|409|Pamona Tenggara|pamona-tenggara|2026-05-13 22:17:19
1947|123|Tirto|tirto|2026-05-13 20:25:07
6885|485|Namorambe|namorambe|2026-05-13 22:43:59
2573|159|Batumarmar|batumarmar|2026-05-13 20:42:57
7049|496|Lahewa Timur|lahewa-timur|2026-05-13 22:49:17
692|54|Seyegan|seyegan|2026-05-13 19:49:01
6744|475|Buay Pemaca|buay-pemaca|2026-05-13 22:39:52
7032|495|Pulau-Pulau Batu Timur|pulau-pulau-batu-timur|2026-05-13 22:48:47
1642|107|Rawalo|rawalo|2026-05-13 20:15:25
4362|306|Aesesa|aesesa|2026-05-13 21:35:45
2352|148|Megaluh|megaluh|2026-05-13 20:36:51
6124|422|Wawotobi|wawotobi|2026-05-13 22:22:06
5583|381|Enrekang|enrekang|2026-05-13 22:06:45
6803|480|Ilir Barat Ii|ilir-barat-ii|2026-05-13 22:41:40
190|13|Juli|juli|2026-05-13 19:27:45
2930|184|Sengah Temila|sengah-temila|2026-05-13 20:54:16
5277|358|Waegi|waegi|2026-05-13 21:58:44
5916|407|Lembo Raya|lembo-raya|2026-05-13 22:16:07
40|3|Peukan Bada|peukan-bada|2026-05-13 19:20:07
5908|406|Bungku Pesisir|bungku-pesisir|2026-05-13 22:15:49
5696|389|Mandalle|mandalle|2026-05-13 22:09:51
2124|133|Tirtomoyo|tirtomoyo|2026-05-13 20:30:24
3162|203|Tapin Tengah|tapin-tengah|2026-05-13 21:02:21
4632|329|Dataran Isim|dataran-isim|2026-05-13 21:42:54
62|5|Labuhan Haji Barat|labuhan-haji-barat|2026-05-13 19:21:01
150|11|Baktiya Barat|baktiya-barat|2026-05-13 19:25:10
4169|293|Mpunda|mpunda|2026-05-13 21:30:40
2273|145|Botolinggo|botolinggo|2026-05-13 20:34:33
6636|467|Tanjungtebat|tanjungtebat|2026-05-13 22:36:28
1410|94|Cidadap|cidadap|2026-05-13 20:09:46
1076|82|Rumpin|rumpin|2026-05-13 20:00:32
4038|282|Lede|lede|2026-05-13 21:27:24
2611|161|Badegan|badegan|2026-05-13 20:44:15
842|69|Batin Ii Babeko|batin-ii-babeko|2026-05-13 19:53:33
855|69|Tanah Tumbuh|tanah-tumbuh|2026-05-13 19:53:52
277|20|Langsa Lama|langsa-lama|2026-05-13 19:32:34
3053|195|Jejangkit|jejangkit|2026-05-13 20:58:52
4133|290|Kayangan|kayangan|2026-05-13 21:29:51
6309|437|Salibabu|salibabu|2026-05-13 22:27:25
6725|473|Sungai Menang|sungai-menang|2026-05-13 22:39:16
662|52|Semanu|semanu|2026-05-13 19:48:00
4960|343|Oksop|oksop|2026-05-13 21:50:43
3360|223|Bengalon|bengalon|2026-05-13 21:08:23
1291|89|Cigandamekar|cigandamekar|2026-05-13 20:06:41
1159|85|Kapetakan|kapetakan|2026-05-13 20:02:59
6831|482|Kota Kisaran Barat|kota-kisaran-barat|2026-05-13 22:42:24
344|32|Denpasar Barat|denpasar-barat|2026-05-13 19:35:26
2666|163|Sreseh|sreseh|2026-05-13 20:45:47
736|59|Setiabudi|setiabudi|2026-05-13 19:50:15
532|43|Hulu Palik|hulu-palik|2026-05-13 19:43:21
1448|94|Warungkiara|warungkiara|2026-05-13 20:10:38
7001|493|Ulugawo|ulugawo|2026-05-13 22:47:49
4613|326|Teluk Patipi|teluk-patipi|2026-05-13 21:42:20
6717|473|Mesuji|mesuji|2026-05-13 22:39:01
6805|480|Ilir Timur Ii|ilir-timur-ii|2026-05-13 22:41:43
3830|264|Lolong Guba|lolong-guba|2026-05-13 21:21:58
5968|410|Dolo Selatan|dolo-selatan|2026-05-13 22:17:37
5470|372|Nosu|nosu|2026-05-13 22:03:51
4061|284|Tidore Utara|tidore-utara|2026-05-13 21:27:59
4848|339|Walelagama|walelagama|2026-05-13 21:47:53
2207|142|Kalipuro|kalipuro|2026-05-13 20:32:44
4658|331|Manimeri|manimeri|2026-05-13 21:43:33
357|33|Cileles|cileles|2026-05-13 19:35:58
4801|337|Senopi|senopi|2026-05-13 21:46:49
848|69|Pasar Muaro Bungo|pasar-muaro-bungo|2026-05-13 19:53:42
6896|485|Tanjung Morawa|tanjung-morawa|2026-05-13 22:44:27
4957|343|Oksamol|oksamol|2026-05-13 21:50:38
1756|113|Wonosalam|wonosalam|2026-05-13 20:19:07
4113|289|Labuhan Haji|labuhan-haji|2026-05-13 21:29:20
3167|204|Landasan Ulin|landasan-ulin|2026-05-13 21:02:30
919|73|Singkut|singkut|2026-05-13 19:56:02
2110|133|Jatiroto|jatiroto|2026-05-13 20:30:02
618|49|Semidang Alas Maras|semidang-alas-maras|2026-05-13 19:46:24
334|31|Baturiti|baturiti|2026-05-13 19:35:01
5820|398|Ujung Pandang|ujung-pandang|2026-05-13 22:13:15
6470|451|Bonjol|bonjol|2026-05-13 22:31:43
6907|487|Barusjahe|barusjahe|2026-05-13 22:44:50
2722|166|Masalembu|masalembu|2026-05-13 20:47:31
5645|385|Walenrang|walenrang|2026-05-13 22:08:28
6733|474|Lubuk Batang|lubuk-batang|2026-05-13 22:39:33
862|70|Danau Kerinci Barat|danau-kerinci-barat|2026-05-13 19:54:06
6055|418|Kambowa|kambowa|2026-05-13 22:20:05
5797|397|Keera|keera|2026-05-13 22:12:34
811|66|Duhiadaa|duhiadaa|2026-05-13 19:52:35
925|74|Muara Papalik|muara-papalik|2026-05-13 19:56:15
2018|128|Bergas|bergas|2026-05-13 20:27:29
3210|209|Tewah|tewah|2026-05-13 21:03:50
1812|117|Ayah|ayah|2026-05-13 20:20:51
1815|117|Buluspesantren|buluspesantren|2026-05-13 20:20:58
5999|412|Galang|galang|2026-05-13 22:18:32
7187|505|Garoga|garoga|2026-05-13 22:54:05
1419|94|Cireunghas|cireunghas|2026-05-13 20:09:58
4884|340|Nogi|nogi|2026-05-13 21:48:47
1461|95|Pamulihan|pamulihan|2026-05-13 20:11:00
1496|96|Padakembang|padakembang|2026-05-13 20:11:51
1062|82|Gunung Putri|gunung-putri|2026-05-13 20:00:07
3442|232|Krayan Selatan|krayan-selatan|2026-05-13 21:10:45
5496|375|Bambalamotu|bambalamotu|2026-05-13 22:04:31
3961|276|Gane Barat Selatan|gane-barat-selatan|2026-05-13 21:25:35
4998|344|Poganeri|poganeri|2026-05-13 21:51:40
3857|267|Tanimbar Utara|tanimbar-utara|2026-05-13 21:22:45
6380|442|Maesa|maesa|2026-05-13 22:29:28
5418|368|Bunga Raya|bunga-raya|2026-05-13 22:02:34
1375|93|Ciater|ciater|2026-05-13 20:08:56
505|41|Kedurang|kedurang|2026-05-13 19:42:16
1954|124|Bodeh|bodeh|2026-05-13 20:25:19
6483|452|Kinali|kinali|2026-05-13 22:32:01
5867|402|Tinangkung Selatan|tinangkung-selatan|2026-05-13 22:14:39
2426|151|Pasrujambe|pasrujambe|2026-05-13 20:39:01
5856|401|Simpang Raya|simpang-raya|2026-05-13 22:14:17
1837|118|Cepiring|cepiring|2026-05-13 20:21:41
1390|93|Pagaden Barat|pagaden-barat|2026-05-13 20:09:17
6535|456|Sangir Jujuan|sangir-jujuan|2026-05-13 22:33:23
6477|451|Rao|rao|2026-05-13 22:31:52
4556|320|Yapen Selatan|yapen-selatan|2026-05-13 21:40:57
4558|320|Yapen Utara|yapen-utara|2026-05-13 21:41:00
2885|181|Pulau Maya|pulau-maya|2026-05-13 20:52:30
5292|359|Talang Muandau|talang-muandau|2026-05-13 21:59:10
2974|188|Entikong|entikong|2026-05-13 20:55:48
4110|289|Aikmel|aikmel|2026-05-13 21:29:16
3600|249|Batu Brak|batu-brak|2026-05-13 21:15:05
4782|337|Bamusbama|bamusbama|2026-05-13 21:46:23
5825|399|Sendana|sendana|2026-05-13 22:13:23
345|32|Denpasar Selatan|denpasar-selatan|2026-05-13 19:35:28
948|76|Serai Serumpun|serai-serumpun|2026-05-13 19:56:55
1418|94|Ciracap|ciracap|2026-05-13 20:09:57
90|7|Rantau|rantau|2026-05-13 19:22:05
5889|405|Balaesang|balaesang|2026-05-13 22:15:17
767|63|Bulango Ulu|bulango-ulu|2026-05-13 19:51:10
6906|486|Tarabintang|tarabintang|2026-05-13 22:44:47
771|63|Kabila Bone|kabila-bone|2026-05-13 19:51:17
1708|111|Kersana|kersana|2026-05-13 20:17:35
1136|84|Pasirkuda|pasirkuda|2026-05-13 20:02:19
5153|351|Tigi|tigi|2026-05-13 21:55:46
5964|409|Poso Pesisir Selatan|poso-pesisir-selatan|2026-05-13 22:17:29
5879|404|Bokat|bokat|2026-05-13 22:15:00
3403|228|Bontang Selatan|bontang-selatan|2026-05-13 21:09:39
2633|162|Besuk|besuk|2026-05-13 20:44:53
2956|187|Pemangkat|pemangkat|2026-05-13 20:55:15
78|6|Simpang Kanan|simpang-kanan|2026-05-13 19:21:36
5127|349|Venaha|venaha|2026-05-13 21:55:08
3332|221|Muara Lawa|muara-lawa|2026-05-13 21:07:34
3276|215|Seribu Riam|seribu-riam|2026-05-13 21:05:54
2589|160|Gondangwetan|gondangwetan|2026-05-13 20:43:30
3991|277|Weda Timur|weda-timur|2026-05-13 21:26:15
7073|498|Batang Onang|batang-onang|2026-05-13 22:50:04
3890|269|Seram Utara Barat|seram-utara-barat|2026-05-13 21:23:38
3471|235|Belinyu|belinyu|2026-05-13 21:11:35
1795|116|Jatipuro|jatipuro|2026-05-13 20:20:19
988|79|Dayeuhkolot|dayeuhkolot|2026-05-13 19:58:01
4533|319|Arso Barat|arso-barat|2026-05-13 21:40:22
3624|250|Sragi|sragi|2026-05-13 21:15:51
2830|178|Rungkut|rungkut|2026-05-13 20:50:59
4451|314|Lewa Tidahu|lewa-tidahu|2026-05-13 21:38:22
3489|237|Simpang Rimba|simpang-rimba|2026-05-13 21:12:05
347|32|Denpasar Utara|denpasar-utara|2026-05-13 19:35:33
2958|187|Sajingan Besar|sajingan-besar|2026-05-13 20:55:18
4606|326|Furwagi|furwagi|2026-05-13 21:42:10
1976|125|Kertanegara|kertanegara|2026-05-13 20:25:57
7228|509|Medan Amplas|medan-amplas|2026-05-13 22:55:29
2898|182|Matan Hilir Selatan|matan-hilir-selatan|2026-05-13 20:52:53
3344|222|Loa Janan|loa-janan|2026-05-13 21:07:55
4935|343|Awinbon|awinbon|2026-05-13 21:50:05
4158|291|Unter Iwes|unter-iwes|2026-05-13 21:30:23
6737|474|Peninjauan|peninjauan|2026-05-13 22:39:39
4275|299|Solor Timur|solor-timur|2026-05-13 21:33:27
7137|502|Panei|panei|2026-05-13 22:52:15
2720|166|Lenteng|lenteng|2026-05-13 20:47:27
303|26|Busungbiu|busungbiu|2026-05-13 19:33:45
7196|505|Siborong-Borong|siborong-borong|2026-05-13 22:54:22
387|34|Cimanuk|cimanuk|2026-05-13 19:37:09
3778|260|Gunung Agung|gunung-agung|2026-05-13 21:20:32
1617|106|Rakit|rakit|2026-05-13 20:14:43
6154|424|Ranomeeto|ranomeeto|2026-05-13 22:23:03
5509|376|Balanipa|balanipa|2026-05-13 22:04:48
2199|142|Cluring|cluring|2026-05-13 20:32:34
7232|509|Medan Belawan|medan-belawan|2026-05-13 22:55:36
732|59|Mampang Prapatan|mampang-prapatan|2026-05-13 19:50:08
414|35|Binuang|binuang|2026-05-13 19:38:06
4987|344|Karubaga|karubaga|2026-05-13 21:51:22
990|79|Katapang|katapang|2026-05-13 19:58:04
6495|453|Batang Kapas|batang-kapas|2026-05-13 22:32:20
1186|86|Bayongbong|bayongbong|2026-05-13 20:03:47
838|68|Pemayung|pemayung|2026-05-13 19:53:24
5991|411|Walea Besar|walea-besar|2026-05-13 22:18:18
7002|494|Lahomi|lahomi|2026-05-13 22:47:52
58|5|Kluet Timur|kluet-timur|2026-05-13 19:20:53
4085|286|Pajo|pajo|2026-05-13 21:28:35
2337|147|Sumberjambe|sumberjambe|2026-05-13 20:36:26
1196|86|Cilawu|cilawu|2026-05-13 20:04:02
1279|88|Rengasdengklok|rengasdengklok|2026-05-13 20:06:21
1115|84|Campakamulya|campakamulya|2026-05-13 20:01:40
6533|456|Sangir Balai Janggo|sangir-balai-janggo|2026-05-13 22:33:20
1992|126|Kemiri|kemiri|2026-05-13 20:26:31
2984|188|Tayan Hulu|tayan-hulu|2026-05-13 20:56:05
252|17|Panteraja|panteraja|2026-05-13 19:31:29
5299|360|Kempas|kempas|2026-05-13 21:59:22
4511|317|Yawosi|yawosi|2026-05-13 21:39:52
3152|203|Bakarangan|bakarangan|2026-05-13 21:02:02
4583|324|Demba|demba|2026-05-13 21:41:36
2977|188|Kembayan|kembayan|2026-05-13 20:55:53
4526|318|Sentani Barat|sentani-barat|2026-05-13 21:40:13
5257|358|Dokome|dokome|2026-05-13 21:58:14
5515|376|Mapilli|mapilli|2026-05-13 22:04:58
6745|475|Buay Pematang Ribu Ranau Tengah|buay-pematang-ribu-ranau-tengah|2026-05-13 22:39:54
3632|251|Bandar Surabaya|bandar-surabaya|2026-05-13 21:16:06
3647|251|Seputih Agung|seputih-agung|2026-05-13 21:16:32
2409|150|Sarirejo|sarirejo|2026-05-13 20:38:34
1347|91|Cimerak|cimerak|2026-05-13 20:08:15
6701|472|Payaraman|payaraman|2026-05-13 22:38:29
2518|155|Puri|puri|2026-05-13 20:41:29
5900|405|Sindue Tombusabora|sindue-tombusabora|2026-05-13 22:15:35
6854|483|Medang Deras|medang-deras|2026-05-13 22:43:02
6081|420|Tirawuta|tirawuta|2026-05-13 22:20:51
366|33|Leuwidamar|leuwidamar|2026-05-13 19:36:19
6560|459|Padang Barat|padang-barat|2026-05-13 22:34:01
7122|502|Bosar Maligas|bosar-maligas|2026-05-13 22:51:49
3602|249|Belalau|belalau|2026-05-13 21:15:09
1995|126|Ngombol|ngombol|2026-05-13 20:26:39
4760|335|Sorong|sorong|2026-05-13 21:45:52
3377|224|Laham|laham|2026-05-13 21:08:51
6412|446|Matur|matur|2026-05-13 22:30:20
6551|458|Aur Birugo Tigo Baleh|aur-birugo-tigo-baleh|2026-05-13 22:33:46
6207|428|Kaledupa Selatan|kaledupa-selatan|2026-05-13 22:24:31
5790|396|Sopai|sopai|2026-05-13 22:12:23
1657|108|Pecalungan|pecalungan|2026-05-13 20:15:53
4272|299|Lewolema|lewolema|2026-05-13 21:33:22
3205|209|Miri Manasa|miri-manasa|2026-05-13 21:03:42
5778|396|Buntu Pepasan|buntu-pepasan|2026-05-13 22:12:04
4621|327|Teluk Etna|teluk-etna|2026-05-13 21:42:33
3490|237|Toboali|toboali|2026-05-13 21:12:06
6404|446|Ampek Nagari|ampek-nagari|2026-05-13 22:30:09
4303|300|Taebenu|taebenu|2026-05-13 21:34:07
3219|210|Kapuas Tengah|kapuas-tengah|2026-05-13 21:04:07
283|22|Sukajaya|sukajaya|2026-05-13 19:32:51
2391|150|Bluluk|bluluk|2026-05-13 20:37:59
4676|332|Roon|roon|2026-05-13 21:43:54
4100|288|Janapria|janapria|2026-05-13 21:28:59
4414|310|Palue|palue|2026-05-13 21:37:10
5237|357|Dervos|dervos|2026-05-13 21:57:45
5195|355|Moora|moora|2026-05-13 21:56:47
3233|211|Katingan Tengah|katingan-tengah|2026-05-13 21:04:35
3972|276|Kepulauan Botanglomang|kepulauan-botanglomang|2026-05-13 21:25:50
3894|269|Teluk Elpaputih|teluk-elpaputih|2026-05-13 21:23:46
5134|350|Kimaam|kimaam|2026-05-13 21:55:18
893|71|Tabir Lintas|tabir-lintas|2026-05-13 19:55:05
5343|362|Tambang|tambang|2026-05-13 22:00:37
4396|309|Sabu Tengah|sabu-tengah|2026-05-13 21:36:45
4001|278|Wasile Timur|wasile-timur|2026-05-13 21:26:29
2960|187|Sambas|sambas|2026-05-13 20:55:22
4089|287|Gerung|gerung|2026-05-13 21:28:42
5075|347|Betcbamu|betcbamu|2026-05-13 21:53:48
4042|282|Taliabu Selatan|taliabu-selatan|2026-05-13 21:27:29
1171|85|Panguragan|panguragan|2026-05-13 20:03:19
179|12|Gajah Putih|gajah-putih|2026-05-13 19:27:02
5128|349|Yakomi|yakomi|2026-05-13 21:55:09
2949|186|Sungai Kunyit|sungai-kunyit|2026-05-13 20:54:59
4090|287|Gunungsari|gunungsari|2026-05-13 21:28:43
2448|152|Pilangkenceng|pilangkenceng|2026-05-13 20:39:35
5146|350|Tabonji|tabonji|2026-05-13 21:55:35
973|78|Sungai Penuh|sungai-penuh|2026-05-13 19:57:35
2023|128|Pabelan|pabelan|2026-05-13 20:27:36
5940|408|Siniu|siniu|2026-05-13 22:16:49
6756|475|Simpang|simpang|2026-05-13 22:40:14
6813|480|Seberang Ulu I|seberang-ulu-i|2026-05-13 22:41:55
6466|450|Ulakan Tapakih|ulakan-tapakih|2026-05-13 22:31:36
6847|482|Tinggi Raja|tinggi-raja|2026-05-13 22:42:49
5680|388|Malllawa|malllawa|2026-05-13 22:09:27
1802|116|Kebakkramat|kebakkramat|2026-05-13 20:20:31
10|1|Woyla|woyla|2026-05-13 19:18:36
6966|491|Stabat|stabat|2026-05-13 22:46:35
5329|362|Gunung Sahilan|gunung-sahilan|2026-05-13 22:00:16
5627|385|Bajo|bajo|2026-05-13 22:07:57
6392|444|Sario|sario|2026-05-13 22:29:47
2731|167|Bendungan|bendungan|2026-05-13 20:47:47
2510|155|Jetis|jetis|2026-05-13 20:41:13
1542|97|Sumur Bandung|sumur-bandung|2026-05-13 20:12:52
754|62|Botumoita|botumoita|2026-05-13 19:50:46
789|64|Mootilango|mootilango|2026-05-13 19:51:51
6376|442|Girian|girian|2026-05-13 22:29:21
2501|154|Wagir|wagir|2026-05-13 20:40:58
5941|408|Taopa|taopa|2026-05-13 22:16:51
2222|143|Binangun|binangun|2026-05-13 20:33:06
5001|344|Telenggeme|telenggeme|2026-05-13 21:51:44
3797|261|Pakuan Ratu|pakuan-ratu|2026-05-13 21:21:07
5061|345|Wusama|wusama|2026-05-13 21:53:13
1927|122|Tayu|tayu|2026-05-13 20:24:31
5479|373|Bonehau|bonehau|2026-05-13 22:04:06
5152|351|Kapiraya|kapiraya|2026-05-13 21:55:45
6237|431|Dumoga Tengah|dumoga-tengah|2026-05-13 22:25:20
5280|358|Yamo|yamo|2026-05-13 21:58:49
3944|275|Ibu|ibu|2026-05-13 21:25:06
3549|244|Siantan Timur|siantan-timur|2026-05-13 21:13:48
1204|86|Kersamanah|kersamanah|2026-05-13 20:04:16
4400|310|Alok Timur|alok-timur|2026-05-13 21:36:51
3258|213|Pulau Hanaut|pulau-hanaut|2026-05-13 21:05:20
47|4|Jaya|jaya|2026-05-13 19:20:27
6671|469|Sungai Keruh|sungai-keruh|2026-05-13 22:37:33
137|10|Pante Bidari|pante-bidari|2026-05-13 19:24:30
585|47|Malin Deman|malin-deman|2026-05-13 19:45:08
5177|354|Hoya|hoya|2026-05-13 21:56:23
4925|342|Pasir Putih|pasir-putih|2026-05-13 21:49:49
3561|245|Singkep Pesisir|singkep-pesisir|2026-05-13 21:14:07
312|27|Payangan|payangan|2026-05-13 19:34:08
6602|465|Tungkal Ilir|tungkal-ilir|2026-05-13 22:35:20
4460|314|Rindi|rindi|2026-05-13 21:38:33
4695|333|Aitinyo Tengah|aitinyo-tengah|2026-05-13 21:44:23
3848|266|Aru Utara|aru-utara|2026-05-13 21:22:30
1989|126|Gebang|gebang|2026-05-13 20:26:24
1235|87|Haurgeulis|haurgeulis|2026-05-13 20:05:08
1383|93|Dawuan|dawuan|2026-05-13 20:09:07
6588|465|Karangagung Ilir|karangagung-ilir|2026-05-13 22:34:54
6020|414|Mata Usu|mata-usu|2026-05-13 22:19:05
801|65|Gentuma Raya|gentuma-raya|2026-05-13 19:52:18
5354|363|Tebing Tinggi|tebing-tinggi|2026-05-13 22:00:55
4894|340|Yiluk|yiluk|2026-05-13 21:49:02
2400|150|Lamongan|lamongan|2026-05-13 20:38:19
763|63|Bonepantai|bonepantai|2026-05-13 19:51:04
7096|500|Palipi|palipi|2026-05-13 22:50:59
3160|203|Salam Babaris|salam-babaris|2026-05-13 21:02:18
4433|312|Wewewa Tengah|wewewa-tengah|2026-05-13 21:37:48
3139|201|Sungai Loban|sungai-loban|2026-05-13 21:01:35
3414|229|Sungai Pinang|sungai-pinang|2026-05-13 21:09:57
3449|232|Nunukan|nunukan|2026-05-13 21:10:59
1438|94|Parungkuda|parungkuda|2026-05-13 20:10:24
2491|154|Pakisaji|pakisaji|2026-05-13 20:40:43
241|16|Pidie|pidie|2026-05-13 19:30:41
4034|281|Morotai Selatan Barat|morotai-selatan-barat|2026-05-13 21:27:18
4165|292|Sekongkang|sekongkang|2026-05-13 21:30:33
6219|429|Sorawolio|sorawolio|2026-05-13 22:24:51
1713|111|Salem|salem|2026-05-13 20:17:45
638|51|Kasihan|kasihan|2026-05-13 19:47:11
5183|354|Mimika Barat|mimika-barat|2026-05-13 21:56:31
4551|320|Raimbawi|raimbawi|2026-05-13 21:40:50
4704|333|Ayamaru Timur Selatan|ayamaru-timur-selatan|2026-05-13 21:44:37
4575|322|Sarmi Selatan|sarmi-selatan|2026-05-13 21:41:25
2359|148|Plandaan|plandaan|2026-05-13 20:37:03
3278|215|Sungai Babuat|sungai-babuat|2026-05-13 21:05:57
333|30|Nusa Penida|nusa-penida|2026-05-13 19:34:57
6424|447|Pulau Punjung|pulau-punjung|2026-05-13 22:30:36
648|51|Srandakan|srandakan|2026-05-13 19:47:29
25|3|Darul Kamal|darul-kamal|2026-05-13 19:19:23
6511|454|Kupitan|kupitan|2026-05-13 22:32:48
6627|467|Mulak Sebingkai|mulak-sebingkai|2026-05-13 22:36:11
2897|182|Marau|marau|2026-05-13 20:52:51
2673|164|Jabon|jabon|2026-05-13 20:46:01
3235|211|Mendawai|mendawai|2026-05-13 21:04:39
3996|278|Maba Tengah|maba-tengah|2026-05-13 21:26:22
5296|360|Gaung|gaung|2026-05-13 21:59:17
1308|89|Kuningan|kuningan|2026-05-13 20:07:11
6849|483|Datuk Lima Puluh|datuk-lima-puluh|2026-05-13 22:42:54
1391|93|Pamanukan|pamanukan|2026-05-13 20:09:18
5939|408|Sidoan|sidoan|2026-05-13 22:16:47
5004|344|Wakuwo|wakuwo|2026-05-13 21:51:48
4357|305|Lamba Leda Utara|lamba-leda-utara|2026-05-13 21:35:35
1969|125|Kalimanah|kalimanah|2026-05-13 20:25:47
6888|485|Pantai Labu|pantai-labu|2026-05-13 22:44:09
5010|344|Wunim|wunim|2026-05-13 21:51:58
864|70|Gunung Kerinci|gunung-kerinci|2026-05-13 19:54:09
3717|255|Tegineneng|tegineneng|2026-05-13 21:18:38
235|16|Mila|mila|2026-05-13 19:30:14
506|41|Kedurang Ilir|kedurang-ilir|2026-05-13 19:42:18
4941|343|Iwur|iwur|2026-05-13 21:50:14
490|39|Karawaci|karawaci|2026-05-13 19:40:52
3294|217|Seruyan Hilir|seruyan-hilir|2026-05-13 21:06:27
4472|315|Bikomi Tengah|bikomi-tengah|2026-05-13 21:38:49
3050|195|Barambai|barambai|2026-05-13 20:58:47
4188|295|Fatumnasi|fatumnasi|2026-05-13 21:31:08
5653|386|Mangkutana|mangkutana|2026-05-13 22:08:41
6202|427|Tiworo Tengah|tiworo-tengah|2026-05-13 22:24:23
6458|450|Iv Koto Aur Malintang|iv-koto-aur-malintang|2026-05-13 22:31:25
3355|222|Semboja Barat|semboja-barat|2026-05-13 21:08:13
2568|158|Pringkuku|pringkuku|2026-05-13 20:42:49
1737|112|Maos|maos|2026-05-13 20:18:30
7233|509|Medan Deli|medan-deli|2026-05-13 22:55:37
5282|359|Bandar Laksamana|bandar-laksamana|2026-05-13 21:58:53
5024|345|Kabianggama|kabianggama|2026-05-13 21:52:18
1267|88|Karawang Barat|karawang-barat|2026-05-13 20:06:02
4374|307|Golewa Selatan|golewa-selatan|2026-05-13 21:36:08
5234|357|Beoga Barat|beoga-barat|2026-05-13 21:57:41
2298|146|Driyorejo|driyorejo|2026-05-13 20:35:20
7183|504|Suka Bangun|suka-bangun|2026-05-13 22:53:58
4129|289|Terara|terara|2026-05-13 21:29:44
5712|390|Tiroang|tiroang|2026-05-13 22:10:18
6761|476|Belitang|belitang|2026-05-13 22:40:23
7253|510|Padangsidimpuan Tenggara|padangsidimpuan-tenggara|2026-05-13 22:56:09
3441|232|Krayan Barat|krayan-barat|2026-05-13 21:10:43
4582|323|Supiori Utara|supiori-utara|2026-05-13 21:41:34
3506|240|Kelapa Kampit|kelapa-kampit|2026-05-13 21:12:37
5486|373|Simboro Dan Kepulauan|simboro-dan-kepulauan|2026-05-13 22:04:16
1313|89|Nusaherang|nusaherang|2026-05-13 20:07:21
1420|94|Cisaat|cisaat|2026-05-13 20:09:59
5196|355|Nabire|nabire|2026-05-13 21:56:49
7157|503|Arse|arse|2026-05-13 22:53:01
3046|195|Alalak|alalak|2026-05-13 20:58:37
2157|138|Genuk|genuk|2026-05-13 20:31:20
3476|235|Riau Silip|riau-silip|2026-05-13 21:11:43
5018|345|Duram|duram|2026-05-13 21:52:11
876|71|Batang Masumai|batang-masumai|2026-05-13 19:54:35
6959|491|Salapian|salapian|2026-05-13 22:46:22
2796|174|Blimbing|blimbing|2026-05-13 20:50:09
4745|335|Konhir|konhir|2026-05-13 21:45:30
2312|147|Ajung|ajung|2026-05-13 20:35:51
6025|414|Poleang Tenggara|poleang-tenggara|2026-05-13 22:19:13
2973|188|Bonti|bonti|2026-05-13 20:55:46
2954|187|Jawai Selatan|jawai-selatan|2026-05-13 20:55:11
4507|317|Poiru|poiru|2026-05-13 21:39:45
177|12|Bener Kelipah|bener-kelipah|2026-05-13 19:26:55
5249|357|Omukia|omukia|2026-05-13 21:58:02
3245|212|Pangkalan Banteng|pangkalan-banteng|2026-05-13 21:04:57
1029|81|Cikarang Selatan|cikarang-selatan|2026-05-13 19:59:11
6562|459|Padang Timur|padang-timur|2026-05-13 22:34:04
6133|423|Wawonii Utara|wawonii-utara|2026-05-13 22:22:23
5773|396|Awan Rante Karua|awan-rante-karua|2026-05-13 22:11:57
6995|493|Hiliduho|hiliduho|2026-05-13 22:47:37
884|71|Pamenang Barat|pamenang-barat|2026-05-13 19:54:50
2495|154|Sumbermanjing Wetan|sumbermanjing-wetan|2026-05-13 20:40:49
5252|357|Sinak|sinak|2026-05-13 21:58:07
947|76|Rimbo Ulu|rimbo-ulu|2026-05-13 19:56:54
3247|213|Antang Kalang|antang-kalang|2026-05-13 21:05:01
5921|407|Petasia Barat|petasia-barat|2026-05-13 22:16:16
5640|385|Latimojong|latimojong|2026-05-13 22:08:19
309|26|Tejakula|tejakula|2026-05-13 19:34:01
3790|261|Buay Bahuga|buay-bahuga|2026-05-13 21:20:54
2737|167|Munjungan|munjungan|2026-05-13 20:47:58
1024|81|Cabangbungin|cabangbungin|2026-05-13 19:59:03
1560|100|Bogor Barat|bogor-barat|2026-05-13 20:13:17
2853|179|Seluas|seluas|2026-05-13 20:51:35
554|44|Padang Guci Hilir|padang-guci-hilir|2026-05-13 19:44:09
1583|103|Sukmajaya|sukmajaya|2026-05-13 20:13:49
4637|329|Tahota|tahota|2026-05-13 21:43:01
4238|297|Raimanuk|raimanuk|2026-05-13 21:32:21
7272|513|Teluk Nibung|teluk-nibung|2026-05-13 22:56:39
3026|194|Aluh Aluh|aluh-aluh|2026-05-13 20:57:48
2224|143|Gandusari|gandusari|2026-05-13 20:33:09
7097|500|Pangururan|pangururan|2026-05-13 22:51:01
2158|138|Gunungpati|gunungpati|2026-05-13 20:31:22
2997|190|Kayan Hulu|kayan-hulu|2026-05-13 20:56:37
3637|251|Gunung Sugih|gunung-sugih|2026-05-13 21:16:15
1382|93|Compreng|compreng|2026-05-13 20:09:05
6091|421|Pakue Tengah|pakue-tengah|2026-05-13 22:21:10
6058|418|Kulisusu Utara|kulisusu-utara|2026-05-13 22:20:10
3293|217|Hanau|hanau|2026-05-13 21:06:25
4322|302|Rinhat|rinhat|2026-05-13 21:34:37
3618|250|Merbau Mataram|merbau-mataram|2026-05-13 21:15:38
6654|468|Semende Darat Tengah|semende-darat-tengah|2026-05-13 22:37:00
6242|431|Lolayan|lolayan|2026-05-13 22:25:29
4258|298|Pulau Ende|pulau-ende|2026-05-13 21:32:54
4767|336|Kokoda|kokoda|2026-05-13 21:46:03
4328|303|Langke Rembong|langke-rembong|2026-05-13 21:34:47
6711|473|Air Sugihan|air-sugihan|2026-05-13 22:38:48
6800|480|Bukit Kecil|bukit-kecil|2026-05-13 22:41:35
4689|333|Aifat Timur Selatan|aifat-timur-selatan|2026-05-13 21:44:14
6405|446|Banuhampu|banuhampu|2026-05-13 22:30:10
3454|232|Sebatik Timur|sebatik-timur|2026-05-13 21:11:07
3547|244|Siantan Selatan|siantan-selatan|2026-05-13 21:13:45
3569|246|Bunguran Timur Laut|bunguran-timur-laut|2026-05-13 21:14:18
3854|267|Nirunmas|nirunmas|2026-05-13 21:22:41
4156|291|Sumbawa|sumbawa|2026-05-13 21:30:20
2883|180|Suhaid|suhaid|2026-05-13 20:52:26
7098|500|Ronggur Nihuta|ronggur-nihuta|2026-05-13 22:51:04
2548|157|Kasreman|kasreman|2026-05-13 20:42:17
2210|142|Pesanggaran|pesanggaran|2026-05-13 20:32:48
6917|487|Munte|munte|2026-05-13 22:45:07
4817|339|Asologaima|asologaima|2026-05-13 21:47:09
2604|160|Rembang|rembang|2026-05-13 20:44:01
1869|119|Klaten Selatan|klaten-selatan|2026-05-13 20:22:45
5349|363|Pulaumerbau|pulaumerbau|2026-05-13 22:00:47
1908|121|Tegalrejo|tegalrejo|2026-05-13 20:23:56
4321|302|Malaka Timur|malaka-timur|2026-05-13 21:34:36
6063|419|Latambaga|latambaga|2026-05-13 22:20:19
6411|446|Malalak|malalak|2026-05-13 22:30:18
4823|339|Hubikiak|hubikiak|2026-05-13 21:47:18
6503|453|Pancung Soal|pancung-soal|2026-05-13 22:32:34
1298|89|Ciwaru|ciwaru|2026-05-13 20:06:53
5663|387|Limbong|limbong|2026-05-13 22:08:58
46|4|Indra Jaya|indra-jaya|2026-05-13 19:20:25
5891|405|Banawa|banawa|2026-05-13 22:15:20
6291|436|Tagulandang Utara|tagulandang-utara|2026-05-13 22:26:57
5347|362|Xiii Koto Kampar|xiii-koto-kampar|2026-05-13 22:00:44
4922|342|Nenggeagin|nenggeagin|2026-05-13 21:49:45
1670|109|Jepon|jepon|2026-05-13 20:16:22
184|12|Timang Gajah|timang-gajah|2026-05-13 19:27:17
5319|361|Lubuk Batu Jaya|lubuk-batu-jaya|2026-05-13 21:59:57
288|23|Rundeng|rundeng|2026-05-13 19:33:02
5782|396|Nanggala|nanggala|2026-05-13 22:12:10
1306|89|Karang Kancana|karang-kancana|2026-05-13 20:07:07
4040|282|Taliabu Barat|taliabu-barat|2026-05-13 21:27:26
2754|168|Palang|palang|2026-05-13 20:48:38
644|51|Pundong|pundong|2026-05-13 19:47:22
4528|318|Unurum Guay|unurum-guay|2026-05-13 21:40:15
3163|203|Tapin Utara|tapin-utara|2026-05-13 21:02:24
6559|459|Nanggalo|nanggalo|2026-05-13 22:33:59
77|6|Pulau Banyak Barat|pulau-banyak-barat|2026-05-13 19:21:35
6858|483|Talawi|talawi|2026-05-13 22:43:10
3550|244|Siantan Utara|siantan-utara|2026-05-13 21:13:50
5578|381|Baroko|baroko|2026-05-13 22:06:38
1409|94|Cicurug|cicurug|2026-05-13 20:09:44
2724|166|Pasongsongan|pasongsongan|2026-05-13 20:47:34
1502|96|Salawu|salawu|2026-05-13 20:11:59
3614|250|Jati Agung|jati-agung|2026-05-13 21:15:29
1394|93|Pusakajaya|pusakajaya|2026-05-13 20:09:23
4722|334|Salawati Tengah|salawati-tengah|2026-05-13 21:44:58
6323|438|Mandolang|mandolang|2026-05-13 22:27:48
1384|93|Jalancagak|jalancagak|2026-05-13 20:09:08
7169|504|Barus Utara|barus-utara|2026-05-13 22:53:34
2313|147|Ambulu|ambulu|2026-05-13 20:35:53
1462|95|Paseh|paseh|2026-05-13 20:11:02
2007|127|Sale|sale|2026-05-13 20:27:10
1478|96|Ciawi|ciawi|2026-05-13 20:11:26
2900|182|Muara Pawan|muara-pawan|2026-05-13 20:52:55
5331|362|Kampar|kampar|2026-05-13 22:00:19
4397|309|Sabu Timur|sabu-timur|2026-05-13 21:36:46
6279|435|Tahuna Timur|tahuna-timur|2026-05-13 22:26:38
918|73|Sarolangun|sarolangun|2026-05-13 19:56:00
703|55|Mantrijeron|mantrijeron|2026-05-13 19:49:20
391|34|Kaduhejo|kaduhejo|2026-05-13 19:37:17
4338|304|Boleng|boleng|2026-05-13 21:35:04
4798|337|Mubrani|mubrani|2026-05-13 21:46:44
4920|342|Moba|moba|2026-05-13 21:49:41
1126|84|Cugenang|cugenang|2026-05-13 20:01:59
2085|132|Candiroto|candiroto|2026-05-13 20:29:21
6106|422|Kapoiala|kapoiala|2026-05-13 22:21:35
1443|94|Sukalarang|sukalarang|2026-05-13 20:10:31
4953|343|Okbemtau|okbemtau|2026-05-13 21:50:34
6881|485|Hamparan Perak|hamparan-perak|2026-05-13 22:43:52
5665|387|Malangke Barat|malangke-barat|2026-05-13 22:09:02
892|71|Tabir Ilir|tabir-ilir|2026-05-13 19:55:03
4502|317|Numfor Barat|numfor-barat|2026-05-13 21:39:38
4143|291|Lantung|lantung|2026-05-13 21:30:04
2832|178|Sawahan|sawahan|2026-05-13 20:51:03
3740|257|Pringsewu|pringsewu|2026-05-13 21:19:19
5229|356|Yatamo|yatamo|2026-05-13 21:57:34
6090|421|Pakue|pakue|2026-05-13 22:21:08
3097|199|Kelumpang Hilir|kelumpang-hilir|2026-05-13 21:00:21
2481|154|Karang Ploso|karang-ploso|2026-05-13 20:40:27
3299|217|Suling Tambun|suling-tambun|2026-05-13 21:06:35
4243|298|Ende|ende|2026-05-13 21:32:30
6827|482|Air Joman|air-joman|2026-05-13 22:42:17
3707|254|Rawa Jitu Utara|rawa-jitu-utara|2026-05-13 21:18:17
3896|269|Teon Nila Serua|teon-nila-serua|2026-05-13 21:23:48
2209|142|Muncar|muncar|2026-05-13 20:32:46
7255|511|Siantar Barat|siantar-barat|2026-05-13 22:56:14
3211|210|Basarang|basarang|2026-05-13 21:03:53
5817|398|Tallo|tallo|2026-05-13 22:13:10
4281|300|Amabi Oefeto|amabi-oefeto|2026-05-13 21:33:37
3905|270|Kei Kecil Timur|kei-kecil-timur|2026-05-13 21:24:07
7085|499|Kerajaan|kerajaan|2026-05-13 22:50:40
6771|476|Bunga Mayang|bunga-mayang|2026-05-13 22:40:44
4527|318|Sentani Timur|sentani-timur|2026-05-13 21:40:14
2241|143|Wonodadi|wonodadi|2026-05-13 20:33:35
1695|110|Sawit|sawit|2026-05-13 20:17:09
2659|163|Kedungdung|kedungdung|2026-05-13 20:45:36
5701|389|Tondong Tallasa|tondong-tallasa|2026-05-13 22:09:59
4008|279|Kao Barat|kao-barat|2026-05-13 21:26:40
4205|295|Nunkolo|nunkolo|2026-05-13 21:31:33
2822|178|Jambangan|jambangan|2026-05-13 20:50:48
5534|378|Pujananting|pujananting|2026-05-13 22:05:26
4078|285|Wera|wera|2026-05-13 21:28:24
282|21|Muara Satu|muara-satu|2026-05-13 19:32:48
1072|82|Pamijahan|pamijahan|2026-05-13 20:00:25
2042|129|Ngrampal|ngrampal|2026-05-13 20:28:08
4106|288|Praya Tengah|praya-tengah|2026-05-13 21:29:09
5269|358|Muara|muara|2026-05-13 21:58:32
3720|255|Way Lima|way-lima|2026-05-13 21:18:43
1558|99|Pondokmelati|pondokmelati|2026-05-13 20:13:14
3216|210|Kapuas Hulu|kapuas-hulu|2026-05-13 21:04:01
895|71|Tabir Timur|tabir-timur|2026-05-13 19:55:09
2045|129|Sambungmacan|sambungmacan|2026-05-13 20:28:13
4678|332|Rumberpon|rumberpon|2026-05-13 21:43:57
278|20|Langsa Timur|langsa-timur|2026-05-13 19:32:37
1623|107|Banyumas|banyumas|2026-05-13 20:14:53
124|9|Tanoh Alas|tanoh-alas|2026-05-13 19:23:45
969|78|Kumun Debai|kumun-debai|2026-05-13 19:57:29
7119|502|Bandar|bandar|2026-05-13 22:51:44
34|3|Lembah Seulawah|lembah-seulawah|2026-05-13 19:19:52
1192|86|Cigedug|cigedug|2026-05-13 20:03:57
798|65|Anggrek|anggrek|2026-05-13 19:52:13
1804|116|Matesih|matesih|2026-05-13 20:20:35
4450|314|Lewa|lewa|2026-05-13 21:38:20
3244|212|Kumai|kumai|2026-05-13 21:04:55
2987|189|Belitang Hilir|belitang-hilir|2026-05-13 20:56:11
1353|91|Parigi|parigi|2026-05-13 20:08:23
1538|97|Rancasari|rancasari|2026-05-13 20:12:46
3508|240|Simpang Pesak|simpang-pesak|2026-05-13 21:12:41
4901|342|Alama|alama|2026-05-13 21:49:15
4577|322|Tor Atas|tor-atas|2026-05-13 21:41:27
4259|298|Wewaria|wewaria|2026-05-13 21:32:56
4097|287|Sekotong|sekotong|2026-05-13 21:28:54
2253|144|Kasiman|kasiman|2026-05-13 20:33:57
1022|81|Babelan|babelan|2026-05-13 19:59:00
3719|255|Way Khilau|way-khilau|2026-05-13 21:18:41
2819|178|Genteng|genteng|2026-05-13 20:50:44
6808|480|Kalidoni|kalidoni|2026-05-13 22:41:48
1529|97|Cicendo|cicendo|2026-05-13 20:12:36
2425|151|Pasirian|pasirian|2026-05-13 20:39:00
1872|119|Manisrenggo|manisrenggo|2026-05-13 20:22:50
1|1|Arongan Lambalek|arongan-lambalek|2026-05-13 19:18:09
2493|154|Pujon|pujon|2026-05-13 20:40:46
2255|144|Kedungadem|kedungadem|2026-05-13 20:34:00
1662|108|Warungasem|warungasem|2026-05-13 20:16:03
3364|223|Kaubun|kaubun|2026-05-13 21:08:29
5854|401|Nuhon|nuhon|2026-05-13 22:14:12
6826|482|Air Batu|air-batu|2026-05-13 22:42:16
6990|492|Tambangan|tambangan|2026-05-13 22:47:26
6974|492|Lembah Sorik Marapi|lembah-sorik-marapi|2026-05-13 22:46:53
2395|150|Kalitengah|kalitengah|2026-05-13 20:38:07
2296|146|Bungah|bungah|2026-05-13 20:35:15
3405|229|Loa Janan Ilir|loa-janan-ilir|2026-05-13 21:09:43
2669|164|Balongbendo|balongbendo|2026-05-13 20:45:52
5969|410|Gumbasa|gumbasa|2026-05-13 22:17:39
4197|295|Kuatnana|kuatnana|2026-05-13 21:31:21
2865|180|Bunut Hilir|bunut-hilir|2026-05-13 20:51:55
2377|149|Ngancar|ngancar|2026-05-13 20:37:33
749|61|Kelapa Gading|kelapa-gading|2026-05-13 19:50:38
2091|132|Kledung|kledung|2026-05-13 20:29:31
5998|412|Dondo|dondo|2026-05-13 22:18:30
3269|214|Lamandau|lamandau|2026-05-13 21:05:40
6488|452|Ranah Batahan|ranah-batahan|2026-05-13 22:32:09
157|11|Lapang|lapang|2026-05-13 19:25:31
6655|468|Semende Darat Ulu|semende-darat-ulu|2026-05-13 22:37:01
6890|485|Percut Sei Tuan|percut-sei-tuan|2026-05-13 22:44:13
3250|213|Cempaga|cempaga|2026-05-13 21:05:07
2019|128|Bringin|bringin|2026-05-13 20:27:30
6786|478|Lubuk Linggau Barat I|lubuk-linggau-barat-i|2026-05-13 22:41:12
5422|368|Koto Gasib|koto-gasib|2026-05-13 22:02:40
625|50|Muara Bangka Hulu|muara-bangka-hulu|2026-05-13 19:46:43
6970|492|Batang Natal|batang-natal|2026-05-13 22:46:43
419|35|Cinangka|cinangka|2026-05-13 19:38:17
189|13|Jeunieb|jeunieb|2026-05-13 19:27:40
5951|409|Lore Tengah|lore-tengah|2026-05-13 22:17:09
6836|482|Rahunig|rahunig|2026-05-13 22:42:32
1371|92|Wanayasa|wanayasa|2026-05-13 20:08:49
2388|149|Tarokan|tarokan|2026-05-13 20:37:52
4835|339|Pelebaga|pelebaga|2026-05-13 21:47:35
6391|444|Paal Dua|paal-dua|2026-05-13 22:29:45
7086|499|Pagindar|pagindar|2026-05-13 22:50:41
3782|260|Tulang Bawang Tengah|tulang-bawang-tengah|2026-05-13 21:20:38
5848|401|Luwuk Timur|luwuk-timur|2026-05-13 22:14:02
3231|211|Katingan Hulu|katingan-hulu|2026-05-13 21:04:30
3324|221|Bentian Besar|bentian-besar|2026-05-13 21:07:19
1498|96|Pancatengah|pancatengah|2026-05-13 20:11:54
5513|376|Limboro|limboro|2026-05-13 22:04:55
5804|397|Sajoanging|sajoanging|2026-05-13 22:12:48
6075|420|Lalolae|lalolae|2026-05-13 22:20:41
1608|106|Madukara|madukara|2026-05-13 20:14:27
2705|166|Arjasa|arjasa|2026-05-13 20:46:59
6083|420|Uluiwoi|uluiwoi|2026-05-13 22:20:54
6911|487|Kabanjahe|kabanjahe|2026-05-13 22:44:57
4076|285|Tambora|tambora|2026-05-13 21:28:21
5314|361|Batang Gangsal|batang-gangsal|2026-05-13 21:59:49
2261|144|Ngraho|ngraho|2026-05-13 20:34:10
4841|339|Taelarek|taelarek|2026-05-13 21:47:44
5367|364|Pangean|pangean|2026-05-13 22:01:17
1128|84|Haurwangi|haurwangi|2026-05-13 20:02:03
2587|160|Beji|beji|2026-05-13 20:43:27
6260|433|Tutuyan|tutuyan|2026-05-13 22:26:02
3434|231|Malinau Utara|malinau-utara|2026-05-13 21:10:30
3338|221|Tering|tering|2026-05-13 21:07:43
26|3|Darussalam|darussalam|2026-05-13 19:19:25
3541|244|Jemaja|jemaja|2026-05-13 21:13:37
374|33|Wanasalam|wanasalam|2026-05-13 19:36:38
4088|287|Batu Layar|batu-layar|2026-05-13 21:28:40
1581|103|Pancoran Mas|pancoran-mas|2026-05-13 20:13:47
6539|457|Lima Kaum|lima-kaum|2026-05-13 22:33:29
4377|307|Riung|riung|2026-05-13 21:36:13
6311|438|Eris|eris|2026-05-13 22:27:29
6980|492|Pakantan|pakantan|2026-05-13 22:47:05
5305|360|Pulau Burung|pulau-burung|2026-05-13 21:59:32
4989|344|Konda/ Kondaga|konda-kondaga|2026-05-13 21:51:26
4469|315|Biboki Utara|biboki-utara|2026-05-13 21:38:45
3780|260|Lambu Kibang|lambu-kibang|2026-05-13 21:20:35
4411|310|Nelle|nelle|2026-05-13 21:37:05
3313|220|Gunung Tabur|gunung-tabur|2026-05-13 21:07:01
1087|83|Baregbeg|baregbeg|2026-05-13 20:00:52
3866|268|Mndona Hiera|mndona-hiera|2026-05-13 21:22:59
991|79|Kertasari|kertasari|2026-05-13 19:58:05
1331|90|Lemahsugih|lemahsugih|2026-05-13 20:07:49
6734|474|Lubuk Raja|lubuk-raja|2026-05-13 22:39:35
5959|409|Pamona Utara|pamona-utara|2026-05-13 22:17:22
1276|88|Pedes|pedes|2026-05-13 20:06:16
245|16|Tiro/Truseb|tirotruseb|2026-05-13 19:31:04
6604|466|Muara Pinang|muara-pinang|2026-05-13 22:35:25
6454|450|2 X 11 Kayu Tanam|2-x-11-kayu-tanam|2026-05-13 22:31:20
4513|318|Airu|airu|2026-05-13 21:39:56
3252|213|Kota Besi|kota-besi|2026-05-13 21:05:10
6587|465|Betung|betung|2026-05-13 22:34:52
4808|338|Maladum Mes|maladum-mes|2026-05-13 21:46:58
4541|319|Web|web|2026-05-13 21:40:36
7251|510|Padangsidimpuan Hutaimbaru|padangsidimpuan-hutaimbaru|2026-05-13 22:56:05
1786|115|Mlonggo|mlonggo|2026-05-13 20:20:04
7037|495|Susua|susua|2026-05-13 22:48:55
276|20|Langsa Kota|langsa-kota|2026-05-13 19:32:32
3909|271|Elpaputih|elpaputih|2026-05-13 21:24:13
6145|424|Lainea|lainea|2026-05-13 22:22:47
4879|340|Milimbo|milimbo|2026-05-13 21:48:40
3661|252|Bumi Agung|bumi-agung|2026-05-13 21:16:57
2603|160|Rejoso|rejoso|2026-05-13 20:43:59
2742|167|Trenggalek|trenggalek|2026-05-13 20:48:08
3562|245|Singkep Selatan|singkep-selatan|2026-05-13 21:14:08
5000|344|Tagineri|tagineri|2026-05-13 21:51:42
822|67|Dumbo Raya|dumbo-raya|2026-05-13 19:52:54
6851|483|Laut Tador|laut-tador|2026-05-13 22:42:57
6601|465|Tanjung Lago|tanjung-lago|2026-05-13 22:35:18
4029|280|Sulabesi Selatan|sulabesi-selatan|2026-05-13 21:27:09
3347|222|Muara Badak|muara-badak|2026-05-13 21:08:00
1121|84|Cikadu|cikadu|2026-05-13 20:01:51
942|75|Rantau Rasau|rantau-rasau|2026-05-13 19:56:45
4699|333|Ayamaru Jaya|ayamaru-jaya|2026-05-13 21:44:29
2788|171|Sananwetan|sananwetan|2026-05-13 20:49:52
2569|158|Punung|punung|2026-05-13 20:42:50
888|71|Renah Pembarap|renah-pembarap|2026-05-13 19:54:55
2625|161|Sampung|sampung|2026-05-13 20:44:37
1402|94|Bantargadung|bantargadung|2026-05-13 20:09:36
7116|501|Tebing Syahbandar|tebing-syahbandar|2026-05-13 22:51:37
5428|368|Siak|siak|2026-05-13 22:02:48
6629|467|Pagar Gunung|pagar-gunung|2026-05-13 22:36:14
818|66|Popayato Timur|popayato-timur|2026-05-13 19:52:47
2109|133|Jatipurno|jatipurno|2026-05-13 20:30:01
1217|86|Selaawi|selaawi|2026-05-13 20:04:37
7158|503|Batang Angkola|batang-angkola|2026-05-13 22:53:03
2680|164|Sukodono|sukodono|2026-05-13 20:46:15
7054|496|Tugala Oyo|tugala-oyo|2026-05-13 22:49:25
6415|446|Sungai Pua|sungai-pua|2026-05-13 22:30:24
5141|350|Ngguti|ngguti|2026-05-13 21:55:29
5385|366|Bagan Sinembah Raya|bagan-sinembah-raya|2026-05-13 22:01:45
2070|131|Jatinegara|jatinegara|2026-05-13 20:28:55
2745|168|Bancar|bancar|2026-05-13 20:48:16
2383|149|Plosoklaten|plosoklaten|2026-05-13 20:37:43
399|34|Munjul|munjul|2026-05-13 19:37:33
7223|508|Gunungsitoli Alo'oa|gunungsitoli-alooa|2026-05-13 22:55:19
3464|233|Sesayap Hilir|sesayap-hilir|2026-05-13 21:11:23
1398|93|Subang|subang|2026-05-13 20:09:28
2854|179|Siding|siding|2026-05-13 20:51:37
5416|367|Tandun|tandun|2026-05-13 22:02:31
3813|262|Tanjungkarang Barat|tanjungkarang-barat|2026-05-13 21:21:32
1067|82|Klapanunggal|klapanunggal|2026-05-13 20:00:17
5309|360|Teluk Belengkong|teluk-belengkong|2026-05-13 21:59:39
7209|506|Parmaksian|parmaksian|2026-05-13 22:54:50
3814|262|Tanjungkarang Pusat|tanjungkarang-pusat|2026-05-13 21:21:34
1160|85|Karangsembung|karangsembung|2026-05-13 20:03:01
1041|81|Tambelang|tambelang|2026-05-13 19:59:29
1808|116|Tawangmangu|tawangmangu|2026-05-13 20:20:41
5065|346|Apalapsili|apalapsili|2026-05-13 21:53:25
2732|167|Dongko|dongko|2026-05-13 20:47:48
3555|245|Lingga Timur|lingga-timur|2026-05-13 21:13:58
2860|179|Tujuh Belas|tujuh-belas|2026-05-13 20:51:47
6518|455|Gunung Talang|gunung-talang|2026-05-13 22:33:01
311|27|Gianyar|gianyar|2026-05-13 19:34:06
6859|483|Tanjung Tiram|tanjung-tiram|2026-05-13 22:43:11
5317|361|Kuala Cenaku|kuala-cenaku|2026-05-13 21:59:53
5382|365|Teluk Meranti|teluk-meranti|2026-05-13 22:01:40
1154|85|Gempol|gempol|2026-05-13 20:02:51
2060|130|Polokarto|polokarto|2026-05-13 20:28:37
1585|104|Baros|baros|2026-05-13 20:13:53
2281|145|Prajekan|prajekan|2026-05-13 20:34:46
899|72|Bahar Utara|bahar-utara|2026-05-13 19:55:16
5142|350|Okaba|okaba|2026-05-13 21:55:30
5456|371|Malunda|malunda|2026-05-13 22:03:30
2030|128|Ungaran Barat|ungaran-barat|2026-05-13 20:27:49
984|79|Cimaung|cimaung|2026-05-13 19:57:54
6043|416|Lapandewa|lapandewa|2026-05-13 22:19:45
1006|80|Batujajar|batujajar|2026-05-13 19:58:32
2999|190|Ketungau Hilir|ketungau-hilir|2026-05-13 20:56:42
72|6|Danau Paris|danau-paris|2026-05-13 19:21:25
6209|428|Tomia|tomia|2026-05-13 22:24:34
616|49|Seluma Utara|seluma-utara|2026-05-13 19:46:18
6642|468|Gunung Megang|gunung-megang|2026-05-13 22:36:39
6139|424|Benua|benua|2026-05-13 22:22:35
1142|84|Tanggeung|tanggeung|2026-05-13 20:02:29
933|75|Berbak|berbak|2026-05-13 19:56:30
2513|155|Mojoanyar|mojoanyar|2026-05-13 20:41:19
5415|367|Tambusai Utara|tambusai-utara|2026-05-13 22:02:30
7080|498|Padang Bolak Julu|padang-bolak-julu|2026-05-13 22:50:28
5313|361|Batang Cenaku|batang-cenaku|2026-05-13 21:59:47
1917|122|Jaken|jaken|2026-05-13 20:24:11
1579|103|Cipayung|cipayung|2026-05-13 20:13:44
2688|165|Asembagus|asembagus|2026-05-13 20:46:33
915|73|Mandiangin Timur|mandiangin-timur|2026-05-13 19:55:54
5623|384|Pasimarannu|pasimarannu|2026-05-13 22:07:50
2498|154|Tirtoyudo|tirtoyudo|2026-05-13 20:40:53
1938|123|Karangdadap|karangdadap|2026-05-13 20:24:54
6386|443|Kotamobagu Utara|kotamobagu-utara|2026-05-13 22:29:38
3321|220|Tanjung Redeb|tanjung-redeb|2026-05-13 21:07:14
704|55|Mergangsan|mergangsan|2026-05-13 19:49:21
2756|168|Plumpang|plumpang|2026-05-13 20:48:44
5633|385|Bua|bua|2026-05-13 22:08:07
3852|267|Kormomolin|kormomolin|2026-05-13 21:22:38
1043|81|Tambun Utara|tambun-utara|2026-05-13 19:59:32
3334|221|Nyuatan|nyuatan|2026-05-13 21:07:38
7095|500|Onan Runggu|onan-runggu|2026-05-13 22:50:57
5822|398|Wajo|wajo|2026-05-13 22:13:19
3409|229|Samarinda Seberang|samarinda-seberang|2026-05-13 21:09:49
6593|465|Pulau Rimau|pulau-rimau|2026-05-13 22:35:03
4162|292|Jereweh|jereweh|2026-05-13 21:30:30
6372|441|Likupang Timur|likupang-timur|2026-05-13 22:29:13
6214|429|Betoambari|betoambari|2026-05-13 22:24:44
2301|146|Gresik|gresik|2026-05-13 20:35:28
5792|396|Tikala|tikala|2026-05-13 22:12:26
3616|250|Katibung|katibung|2026-05-13 21:15:34
3702|253|Sungkai Utara|sungkai-utara|2026-05-13 21:18:06
6850|483|Datuk Tanah Datar|datuk-tanah-datar|2026-05-13 22:42:55
1866|119|Karangnongko|karangnongko|2026-05-13 20:22:39
2133|134|Kertek|kertek|2026-05-13 20:30:40
6779|476|Semendawai Suku Iii|semendawai-suku-iii|2026-05-13 22:40:58
641|51|Pandak|pandak|2026-05-13 19:47:17
5399|366|Tanah Putih|tanah-putih|2026-05-13 22:02:05
4531|318|Yokari|yokari|2026-05-13 21:40:19
6384|443|Kotamobagu Selatan|kotamobagu-selatan|2026-05-13 22:29:34
5512|376|Campalagian|campalagian|2026-05-13 22:04:53
5746|394|Laikang|laikang|2026-05-13 22:11:15
4037|281|Pulau Rao|pulau-rao|2026-05-13 21:27:22
3488|237|Pulaubesar|pulaubesar|2026-05-13 21:12:03
2423|151|Lumajang|lumajang|2026-05-13 20:38:57
1400|93|Tambakdahan|tambakdahan|2026-05-13 20:09:31
5541|379|Barebbo|barebbo|2026-05-13 22:05:37
6657|468|Tanjung Agung|tanjung-agung|2026-05-13 22:37:05
952|76|Tebo Ulu|tebo-ulu|2026-05-13 19:57:02
3669|252|Melinting|melinting|2026-05-13 21:17:10
6753|475|Muara Dua Kisam|muara-dua-kisam|2026-05-13 22:40:09
4755|335|Salawati Tengah|salawati-tengah|2026-05-13 21:45:44
6563|459|Padang Utara|padang-utara|2026-05-13 22:34:06
5336|362|Kampar Utara|kampar-utara|2026-05-13 22:00:28
5530|377|Uluere|uluere|2026-05-13 22:05:20
6349|439|Tatapaan|tatapaan|2026-05-13 22:28:31
627|50|Ratu Samban|ratu-samban|2026-05-13 19:46:47
7276|514|Rambutan|rambutan|2026-05-13 22:56:46
2616|161|Jetis|jetis|2026-05-13 20:44:24
7168|504|Barus|barus|2026-05-13 22:53:31
5289|359|Rupat|rupat|2026-05-13 21:59:06
3543|244|Jemaja Timur|jemaja-timur|2026-05-13 21:13:40
1520|97|Bandung Kulon|bandung-kulon|2026-05-13 20:12:24
1991|126|Kaligesing|kaligesing|2026-05-13 20:26:29
228|16|Glumpang Baro|glumpang-baro|2026-05-13 19:29:53
5316|361|Kelayang|kelayang|2026-05-13 21:59:51
7021|495|Lolomatua|lolomatua|2026-05-13 22:48:28
6991|492|Ulu Pungkut|ulu-pungkut|2026-05-13 22:47:28
6564|459|Pauh|pauh|2026-05-13 22:34:07
2557|157|Paron|paron|2026-05-13 20:42:29
1894|121|Grabag|grabag|2026-05-13 20:23:29
3638|251|Kalirejo|kalirejo|2026-05-13 21:16:16
6365|441|Airmadidi|airmadidi|2026-05-13 22:29:01
5683|388|Marusu|marusu|2026-05-13 22:09:31
2948|186|Siantan|siantan|2026-05-13 20:54:58
1318|89|Subang|subang|2026-05-13 20:07:29
6985|492|Panyabungan Utara|panyabungan-utara|2026-05-13 22:47:15
3257|213|Parenggean|parenggean|2026-05-13 21:05:18
5824|399|Mungkajang|mungkajang|2026-05-13 22:13:22
2243|144|Balen|balen|2026-05-13 20:33:39
7242|509|Medan Petisah|medan-petisah|2026-05-13 22:55:50
2179|141|Bangkalan|bangkalan|2026-05-13 20:31:58
6040|416|Batauga|batauga|2026-05-13 22:19:40
6197|427|Maginti|maginti|2026-05-13 22:24:15
1880|119|Wonosari|wonosari|2026-05-13 20:23:03
6580|464|Lubuk Sikarah|lubuk-sikarah|2026-05-13 22:34:37
4009|279|Kao Teluk|kao-teluk|2026-05-13 21:26:42
1690|110|Mojosongo|mojosongo|2026-05-13 20:17:00
1212|86|Pamulihan|pamulihan|2026-05-13 20:04:29
6925|488|Bilah Hilir|bilah-hilir|2026-05-13 22:45:24
6507|453|Sutera|sutera|2026-05-13 22:32:40
3019|193|Batu Mandi|batu-mandi|2026-05-13 20:57:29
4696|333|Aitinyo Utara|aitinyo-utara|2026-05-13 21:44:25
5628|385|Bajo Barat|bajo-barat|2026-05-13 22:07:59
3865|268|Kisar Utara|kisar-utara|2026-05-13 21:22:58
4003|279|Galela|galela|2026-05-13 21:26:33
4186|295|Boking|boking|2026-05-13 21:31:06
6463|450|Sintuak Toboh Gadang|sintuak-toboh-gadang|2026-05-13 22:31:32
6949|491|Berandan Barat|berandan-barat|2026-05-13 22:46:06
3044|194|Tatah Makmur|tatah-makmur|2026-05-13 20:58:32
1066|82|Kemang|kemang|2026-05-13 20:00:15
2275|145|Curahdami|curahdami|2026-05-13 20:34:36
4653|331|Dataran Beimes|dataran-beimes|2026-05-13 21:43:27
3374|223|Sangkulirang|sangkulirang|2026-05-13 21:08:45
908|72|Taman Rajo|taman-rajo|2026-05-13 19:55:34
2017|128|Bawen|bawen|2026-05-13 20:27:27
3581|247|Batam Kota|batam-kota|2026-05-13 21:14:35
323|29|Bebandem|bebandem|2026-05-13 19:34:33
96|8|Bebesen|bebesen|2026-05-13 19:22:17
3462|233|Muruk Rian|muruk-rian|2026-05-13 21:11:19
5521|376|Tutar|tutar|2026-05-13 22:05:06
4934|343|Alemsom|alemsom|2026-05-13 21:50:03
2878|180|Seberuang|seberuang|2026-05-13 20:52:17
584|47|Lubuk Pinang|lubuk-pinang|2026-05-13 19:45:07
493|39|Periuk|periuk|2026-05-13 19:40:58
3763|259|Banjar Baru|banjar-baru|2026-05-13 21:20:07
4048|283|Kota Ternate Utara|kota-ternate-utara|2026-05-13 21:27:39
5781|396|Kesu|kesu|2026-05-13 22:12:09
6515|454|Tanjung Gadang|tanjung-gadang|2026-05-13 22:32:56
3038|194|Paramasan|paramasan|2026-05-13 20:58:19
6702|472|Pemulutan|pemulutan|2026-05-13 22:38:31
6902|486|Paranginan|paranginan|2026-05-13 22:44:40
3881|269|Kota Masohi|kota-masohi|2026-05-13 21:23:24
4674|332|Nikiwar|nikiwar|2026-05-13 21:43:52
382|34|Cibitung|cibitung|2026-05-13 19:36:58
5548|379|Kajuara|kajuara|2026-05-13 22:05:49
3738|257|Pagelaran Utara|pagelaran-utara|2026-05-13 21:19:15
6641|468|Gelumbang|gelumbang|2026-05-13 22:36:37
5136|350|Kurik|kurik|2026-05-13 21:55:21
4171|293|Rasanae Barat|rasanae-barat|2026-05-13 21:30:43
4112|289|Keruak|keruak|2026-05-13 21:29:19
1282|88|Telukjambe Barat|telukjambe-barat|2026-05-13 20:06:26
5203|355|Wanggar|wanggar|2026-05-13 21:56:57
1112|84|Agrabinta|agrabinta|2026-05-13 20:01:35
14|2|Blang Pidie|blang-pidie|2026-05-13 19:18:50
1744|113|Demak|demak|2026-05-13 20:18:44
2186|141|Kokop|kokop|2026-05-13 20:32:11
2797|174|Kedungkandang|kedungkandang|2026-05-13 20:50:11
3924|272|Pulau Gorom|pulau-gorom|2026-05-13 21:24:36
3348|222|Muara Jawa|muara-jawa|2026-05-13 21:08:02
5730|392|Sinjai Tengah|sinjai-tengah|2026-05-13 22:10:48
4277|299|Titehena|titehena|2026-05-13 21:33:31
1407|94|Cibitung|cibitung|2026-05-13 20:09:42
1594|105|Cihideung|cihideung|2026-05-13 20:14:05
5594|382|Bontonompo Selatan|bontonompo-selatan|2026-05-13 22:07:04
1651|108|Batang|batang|2026-05-13 20:15:42
4850|339|Wamena|wamena|2026-05-13 21:47:56
645|51|Sanden|sanden|2026-05-13 19:47:24
5750|394|Polombangkeng Selatan|polombangkeng-selatan|2026-05-13 22:11:21
3919|272|Bula|bula|2026-05-13 21:24:27
4659|331|Masyeta|masyeta|2026-05-13 21:43:34
2871|180|Jongkong|jongkong|2026-05-13 20:52:05
3513|241|Girimaya|girimaya|2026-05-13 21:12:50
4194|295|Kota Soe|kota-soe|2026-05-13 21:31:17
3648|251|Seputih Banyak|seputih-banyak|2026-05-13 21:16:34
1130|84|Karangtengah|karangtengah|2026-05-13 20:02:08
487|39|Cipondoh|cipondoh|2026-05-13 19:40:45
158|11|Lhoksukon|lhoksukon|2026-05-13 19:25:33
2455|153|Karangrejo|karangrejo|2026-05-13 20:39:47
2998|190|Kelam Permai|kelam-permai|2026-05-13 20:56:40
3604|249|Kebun Tebu|kebun-tebu|2026-05-13 21:15:12
2057|130|Kartasura|kartasura|2026-05-13 20:28:32
4874|340|Kuyawage|kuyawage|2026-05-13 21:48:32
3079|197|Hantakan|hantakan|2026-05-13 20:59:40
712|57|Cengkareng|cengkareng|2026-05-13 19:49:33
4683|332|Windesi|windesi|2026-05-13 21:44:04
6600|465|Talang Kelapa|talang-kelapa|2026-05-13 22:35:16
6084|421|Batu Putih|batu-putih|2026-05-13 22:20:56
3892|269|Seram Utara Timur Seti|seram-utara-timur-seti|2026-05-13 21:23:42
1893|121|Dukun|dukun|2026-05-13 20:23:27
4256|298|Ndona Timur|ndona-timur|2026-05-13 21:32:52
2658|163|Karangpenang|karangpenang|2026-05-13 20:45:35
174|11|Tanah Luas|tanah-luas|2026-05-13 19:26:41
6338|439|Amurang Timur|amurang-timur|2026-05-13 22:28:14
5463|372|Balla|balla|2026-05-13 22:03:41
1836|118|Brangsong|brangsong|2026-05-13 20:21:39
274|20|Langsa Barat|langsa-barat|2026-05-13 19:32:27
3779|260|Gunung Terang|gunung-terang|2026-05-13 21:20:33
5838|401|Balantak Utara|balantak-utara|2026-05-13 22:13:44
7009|494|Ulu Moro'o|ulu-moroo|2026-05-13 22:48:05
6777|476|Martapura|martapura|2026-05-13 22:40:54
2147|136|Pekalongan Timur|pekalongan-timur|2026-05-13 20:31:05
3997|278|Maba Utara|maba-utara|2026-05-13 21:26:23
416|35|Carenang|carenang|2026-05-13 19:38:10
4618|327|Kambrau|kambrau|2026-05-13 21:42:28
4012|279|Loloda Utara|loloda-utara|2026-05-13 21:26:46
4518|318|Kaureh|kaureh|2026-05-13 21:40:01
6480|451|Simpang Alahan Mati|simpang-alahan-mati|2026-05-13 22:31:56
237|16|Mutiara|mutiara|2026-05-13 19:30:21
3315|220|Maratua|maratua|2026-05-13 21:07:05
105|8|Linge|linge|2026-05-13 19:22:40
5485|373|Sampaga|sampaga|2026-05-13 22:04:15
2104|133|Bulukerto|bulukerto|2026-05-13 20:29:53
2675|164|Krian|krian|2026-05-13 20:46:05
43|3|Simpang Tiga|simpang-tiga|2026-05-13 19:20:17
7195|505|Siatas Barita|siatas-barita|2026-05-13 22:54:21
4628|328|Prafi|prafi|2026-05-13 21:42:45
5632|385|Belopa Utara|belopa-utara|2026-05-13 22:08:05
6665|469|Lais|lais|2026-05-13 22:37:20
6522|455|Kubung|kubung|2026-05-13 22:33:05
5455|371|Banggae Timur|banggae-timur|2026-05-13 22:03:28
1973|125|Karangreja|karangreja|2026-05-13 20:25:53
341|31|Salemadeg Barat|salemadeg-barat|2026-05-13 19:35:18
1704|111|Brebes|brebes|2026-05-13 20:17:27
7138|502|Panombeian Pane|panombeian-pane|2026-05-13 22:52:18
3130|201|Batu Licin|batu-licin|2026-05-13 21:01:19
5236|357|Bina|bina|2026-05-13 21:57:44
2206|142|Kalibaru|kalibaru|2026-05-13 20:32:42
6893|485|Stm Hilir|stm-hilir|2026-05-13 22:44:20
5442|370|Lima Puluh|lima-puluh|2026-05-13 22:03:08
32|3|Kuta Baro|kuta-baro|2026-05-13 19:19:46
1705|111|Bulakamba|bulakamba|2026-05-13 20:17:29
4664|331|Moskona Timur|moskona-timur|2026-05-13 21:43:39
4383|308|Lobalain|lobalain|2026-05-13 21:36:25
110|9|Babul Rahmah|babul-rahmah|2026-05-13 19:22:58
1103|83|Panumbangan|panumbangan|2026-05-13 20:01:20
4250|298|Lepembusu Kelisoke|lepembusu-kelisoke|2026-05-13 21:32:41
2649|162|Sumber|sumber|2026-05-13 20:45:19
6550|457|X Koto|x-koto|2026-05-13 22:33:44
1653|108|Blado|blado|2026-05-13 20:15:46
4261|298|Wolowaru|wolowaru|2026-05-13 21:32:59
3331|221|Mook Manaar Bulatn|mook-manaar-bulatn|2026-05-13 21:07:32
6181|426|Lasalepa|lasalepa|2026-05-13 22:23:51
6860|484|Berampu|berampu|2026-05-13 22:43:14
2793|173|Kartoharjo|kartoharjo|2026-05-13 20:50:03
3203|209|Manuhing Raya|manuhing-raya|2026-05-13 21:03:39
6123|422|Unaaha|unaaha|2026-05-13 22:22:04
3446|232|Lumbis Hulu|lumbis-hulu|2026-05-13 21:10:54
6230|430|Puuwatu|puuwatu|2026-05-13 22:25:07
450|36|Kosambi|kosambi|2026-05-13 19:39:27
1339|90|Rajagaluh|rajagaluh|2026-05-13 20:08:02
2164|138|Semarang Tengah|semarang-tengah|2026-05-13 20:31:32
5371|364|Singingi Hilir|singingi-hilir|2026-05-13 22:01:24
2532|156|Ngluyu|ngluyu|2026-05-13 20:41:53
6883|485|Labuhan Deli|labuhan-deli|2026-05-13 22:43:56
4645|330|Sururey|sururey|2026-05-13 21:43:17
1288|89|Cibeureum|cibeureum|2026-05-13 20:06:37
4714|334|Kofiau|kofiau|2026-05-13 21:44:49
3718|255|Teluk Pandan|teluk-pandan|2026-05-13 21:18:40
5163|352|Mapia Tengah|mapia-tengah|2026-05-13 21:56:01
3878|268|Wetar Utara|wetar-utara|2026-05-13 21:23:18
1069|82|Leuwisadeng|leuwisadeng|2026-05-13 20:00:20
5662|387|Bone Bone|bone-bone|2026-05-13 22:08:57
4423|311|Tana Righu|tana-righu|2026-05-13 21:37:26
5255|357|Yugumuak|yugumuak|2026-05-13 21:58:11
1741|112|Sidareja|sidareja|2026-05-13 20:18:37
6908|487|Berastagi|berastagi|2026-05-13 22:44:52
1944|123|Siwalan|siwalan|2026-05-13 20:25:03
2235|143|Srengat|srengat|2026-05-13 20:33:26
4282|300|Amabi Oefeto Timur|amabi-oefeto-timur|2026-05-13 21:33:39
4995|344|Numba|numba|2026-05-13 21:51:34
2775|169|Ngunut|ngunut|2026-05-13 20:49:28
2522|156|Bagor|bagor|2026-05-13 20:41:35
191|13|Kota Juang|kota-juang|2026-05-13 19:27:50
6054|418|Bonegunu|bonegunu|2026-05-13 22:20:04
1486|96|Culamega|culamega|2026-05-13 20:11:38
2269|144|Temayang|temayang|2026-05-13 20:34:25
685|54|Minggir|minggir|2026-05-13 19:48:49
5619|384|Bontomatene|bontomatene|2026-05-13 22:07:44
5064|346|Abenaho|abenaho|2026-05-13 21:53:17
6667|469|Lawang Wetan|lawang-wetan|2026-05-13 22:37:25
219|15|Seunagan|seunagan|2026-05-13 19:29:22
4226|296|Pulau Pura|pulau-pura|2026-05-13 21:32:07
5570|380|Kajang|kajang|2026-05-13 22:06:25
2155|138|Gajahmungkur|gajahmungkur|2026-05-13 20:31:17
5910|406|Bungku Tengah|bungku-tengah|2026-05-13 22:15:54
4375|307|Inerie|inerie|2026-05-13 21:36:10
4479|315|Kota Kefamenanu|kota-kefamenanu|2026-05-13 21:39:00
3209|209|Sepang|sepang|2026-05-13 21:03:48
4412|310|Nita|nita|2026-05-13 21:37:06
2584|159|Tlanakan|tlanakan|2026-05-13 20:43:20
4241|298|Detukeli|detukeli|2026-05-13 21:32:26
628|50|Selebar|selebar|2026-05-13 19:46:49
6383|443|Kotamobagu Barat|kotamobagu-barat|2026-05-13 22:29:33
3208|209|Rungan Hulu|rungan-hulu|2026-05-13 21:03:47
705|55|Ngampilan|ngampilan|2026-05-13 19:49:22
1175|85|Sedong|sedong|2026-05-13 20:03:26
1014|80|Gununghalu|gununghalu|2026-05-13 19:58:46
1878|119|Tulung|tulung|2026-05-13 20:22:59
2247|144|Dander|dander|2026-05-13 20:33:47
1214|86|Pasirwangi|pasirwangi|2026-05-13 20:04:32
2183|141|Geger|geger|2026-05-13 20:32:05
548|44|Kinal|kinal|2026-05-13 19:43:57
1013|80|Cisarua|cisarua|2026-05-13 19:58:44
3846|266|Aru Tengah Selatan|aru-tengah-selatan|2026-05-13 21:22:27
5275|358|Tingginambut|tingginambut|2026-05-13 21:58:40
2299|146|Duduksampeyan|duduksampeyan|2026-05-13 20:35:22
6373|441|Talawaan|talawaan|2026-05-13 22:29:15
1246|87|Lohbener|lohbener|2026-05-13 20:05:26
5861|402|Bulagi|bulagi|2026-05-13 22:14:27
4857|340|Awina|awina|2026-05-13 21:48:07
1464|95|Situraja|situraja|2026-05-13 20:11:04
2896|182|Manis Mata|manis-mata|2026-05-13 20:52:49
2081|131|Warureja|warureja|2026-05-13 20:29:14
879|71|Lembah Masurai|lembah-masurai|2026-05-13 19:54:40
4563|321|Mamberamo Tengah|mamberamo-tengah|2026-05-13 21:41:07
401|34|Pandeglang|pandeglang|2026-05-13 19:37:38
1017|80|Padalarang|padalarang|2026-05-13 19:58:51
5538|379|Ajangale|ajangale|2026-05-13 22:05:32
5738|393|Liliraja|liliraja|2026-05-13 22:11:01
5501|375|Lariang|lariang|2026-05-13 22:04:38
335|31|Kediri|kediri|2026-05-13 19:35:03
3452|232|Sebatik Barat|sebatik-barat|2026-05-13 21:11:03
6318|438|Langowan Barat|langowan-barat|2026-05-13 22:27:40
361|33|Cirinten|cirinten|2026-05-13 19:36:08
6224|430|Kambu|kambu|2026-05-13 22:24:59
4237|297|Raihat|raihat|2026-05-13 21:32:20
1030|81|Cikarang Timur|cikarang-timur|2026-05-13 19:59:12
4739|335|Klabot|klabot|2026-05-13 21:45:22
7154|503|Angkola Sangkunur|angkola-sangkunur|2026-05-13 22:52:54
4539|319|Towe|towe|2026-05-13 21:40:31
4356|305|Lamba Leda|lamba-leda|2026-05-13 21:35:34
3697|253|Muara Sungkai|muara-sungkai|2026-05-13 21:17:57
5360|364|Hulu Kuantan|hulu-kuantan|2026-05-13 22:01:05
1392|93|Patokbeusi|patokbeusi|2026-05-13 20:09:20
1068|82|Leuwiliang|leuwiliang|2026-05-13 20:00:19
1591|104|Warudoyong|warudoyong|2026-05-13 20:14:01
517|42|Merigi Sakti|merigi-sakti|2026-05-13 19:42:47
5101|348|Kawagit|kawagit|2026-05-13 21:54:23
4415|310|Talibura|talibura|2026-05-13 21:37:12
5814|398|Mariso|mariso|2026-05-13 22:13:05
7245|509|Medan Sunggal|medan-sunggal|2026-05-13 22:55:54
795|64|Tibawa|tibawa|2026-05-13 19:52:04
945|76|Rimbo Bujang|rimbo-bujang|2026-05-13 19:56:50
4220|296|Mataru|mataru|2026-05-13 21:31:59
315|27|Tegallalang|tegallalang|2026-05-13 19:34:15
7041|495|Ulu Idanotae|ulu-idanotae|2026-05-13 22:49:02
3885|269|Pulau Haruku|pulau-haruku|2026-05-13 21:23:30
4985|344|Kamboneri|kamboneri|2026-05-13 21:51:20
4891|340|Wereka|wereka|2026-05-13 21:48:57
2834|178|Simokerto|simokerto|2026-05-13 20:51:06
18|2|Manggeng|manggeng|2026-05-13 19:19:03
3774|259|Rawa Jitu Selatan|rawa-jitu-selatan|2026-05-13 21:20:25
5851|401|Masama|masama|2026-05-13 22:14:06
5003|344|Umagi|umagi|2026-05-13 21:51:47
963|77|Paal Merah|paal-merah|2026-05-13 19:57:21
7029|495|Onolalu|onolalu|2026-05-13 22:48:41
1588|104|Citamiang|citamiang|2026-05-13 20:13:57
386|34|Cimanggu|cimanggu|2026-05-13 19:37:06
56|5|Kluet Selatan|kluet-selatan|2026-05-13 19:20:48
7259|511|Siantar Selatan|siantar-selatan|2026-05-13 22:56:20
1386|93|Kasomalang|kasomalang|2026-05-13 20:09:11
6978|492|Naga Juang|naga-juang|2026-05-13 22:47:01
5421|368|Kerinci Kanan|kerinci-kanan|2026-05-13 22:02:38
2485|154|Lawang|lawang|2026-05-13 20:40:34
2080|131|Tarub|tarub|2026-05-13 20:29:12
4930|342|Yal|yal|2026-05-13 21:49:55
1265|88|Jatisari|jatisari|2026-05-13 20:05:58
93|7|Tamiang Hulu|tamiang-hulu|2026-05-13 19:22:12
2811|177|Mayangan|mayangan|2026-05-13 20:50:34
5958|409|Pamona Timur|pamona-timur|2026-05-13 22:17:20
6554|459|Bungus Teluk Kabung|bungus-teluk-kabung|2026-05-13 22:33:51
2586|160|Bangil|bangil|2026-05-13 20:43:25
4232|297|Kota Atambua|kota-atambua|2026-05-13 21:32:14
6832|482|Kota Kisaran Timur|kota-kisaran-timur|2026-05-13 22:42:26
2406|150|Paciran|paciran|2026-05-13 20:38:29
3427|231|Kayan Hulu|kayan-hulu|2026-05-13 21:10:20
210|14|Puteri Betung|puteri-betung|2026-05-13 19:28:56
2870|180|Hulu Gurung|hulu-gurung|2026-05-13 20:52:03
6126|422|Wonggeduku Barat|wonggeduku-barat|2026-05-13 22:22:10
2479|154|Jabung|jabung|2026-05-13 20:40:25
5235|357|Beoga Timur|beoga-timur|2026-05-13 21:57:43
6340|439|Maesaan|maesaan|2026-05-13 22:28:17
4224|296|Pantar Tengah|pantar-tengah|2026-05-13 21:32:04
4039|282|Tabona|tabona|2026-05-13 21:27:25
639|51|Kretek|kretek|2026-05-13 19:47:13
3411|229|Samarinda Utara|samarinda-utara|2026-05-13 21:09:53
5091|347|Suru-Suru|suru-suru|2026-05-13 21:54:10
3320|220|Talisayan|talisayan|2026-05-13 21:07:12
6764|476|Belitang Jaya|belitang-jaya|2026-05-13 22:40:30
6592|465|Muara Telang|muara-telang|2026-05-13 22:35:01
3080|197|Haruyan|haruyan|2026-05-13 20:59:42
3345|222|Loa Kulu|loa-kulu|2026-05-13 21:07:56
255|18|Alapan|alapan|2026-05-13 19:31:41
647|51|Sewon|sewon|2026-05-13 19:47:27
1262|88|Cilamaya Kulon|cilamaya-kulon|2026-05-13 20:05:52
226|16|Geulumpang Tiga|geulumpang-tiga|2026-05-13 19:29:47
3641|251|Pubian|pubian|2026-05-13 21:16:22
7130|502|Gunung Maligas|gunung-maligas|2026-05-13 22:52:04
4550|320|Pulau Yerui|pulau-yerui|2026-05-13 21:40:49
5763|395|Masanda|masanda|2026-05-13 22:11:41
1647|107|Tambak|tambak|2026-05-13 20:15:33
5546|379|Dua Boccoe|dua-boccoe|2026-05-13 22:05:45
1747|113|Guntur|guntur|2026-05-13 20:18:49
5533|378|Mallusetasi|mallusetasi|2026-05-13 22:05:24
2028|128|Tengaran|tengaran|2026-05-13 20:27:45
5143|350|Padua|padua|2026-05-13 21:55:32
2331|147|Rambipuji|rambipuji|2026-05-13 20:36:18
3923|272|Kilmury|kilmury|2026-05-13 21:24:34
6632|467|Pulaupinang|pulaupinang|2026-05-13 22:36:20
985|79|Cimenyan|cimenyan|2026-05-13 19:57:56
865|70|Gunung Raya|gunung-raya|2026-05-13 19:54:11
702|55|Kraton|kraton|2026-05-13 19:49:19
5786|396|Sa'dan|sadan|2026-05-13 22:12:17
2749|168|Jenu|jenu|2026-05-13 20:48:26
6428|447|Timpeh|timpeh|2026-05-13 22:30:42
5096|348|Bomakia|bomakia|2026-05-13 21:54:17
2012|127|Sumber|sumber|2026-05-13 20:27:19
2248|144|Gayam|gayam|2026-05-13 20:33:48
44|3|Sukamakmur|sukamakmur|2026-05-13 19:20:19
1768|114|Penawangan|penawangan|2026-05-13 20:19:32
205|14|Blangpegayon|blangpegayon|2026-05-13 19:28:45
1673|109|Kradenan|kradenan|2026-05-13 20:16:28
1322|90|Cigasong|cigasong|2026-05-13 20:07:35
7178|504|Sirandorung|sirandorung|2026-05-13 22:53:49
504|41|Bunga Mas|bunga-mas|2026-05-13 19:42:13
4482|315|Miomafo Timur|miomafo-timur|2026-05-13 21:39:04
5179|354|Jila|jila|2026-05-13 21:56:26
3126|200|Tanjung|tanjung|2026-05-13 21:01:12
2342|147|Wuluhan|wuluhan|2026-05-13 20:36:32
5702|390|Batu Lappa|batu-lappa|2026-05-13 22:10:01
6004|413|Palu Barat|palu-barat|2026-05-13 22:18:41
7018|495|Huruna|huruna|2026-05-13 22:48:22
663|52|Semin|semin|2026-05-13 19:48:02
7179|504|Sitahuis|sitahuis|2026-05-13 22:53:51
3963|276|Gane Timur|gane-timur|2026-05-13 21:25:38
5698|389|Minasa Tene|minasa-tene|2026-05-13 22:09:54
559|45|Bermani Ilir|bermani-ilir|2026-05-13 19:44:20
6895|485|Sunggal|sunggal|2026-05-13 22:44:24
3496|238|Simpang Katis|simpang-katis|2026-05-13 21:12:18
6109|422|Lambuya|lambuya|2026-05-13 22:21:40
5674|387|Tana Lili|tana-lili|2026-05-13 22:09:17
5077|347|Fayit|fayit|2026-05-13 21:53:50
2320|147|Jombang|jombang|2026-05-13 20:36:02
6300|437|Kalongan|kalongan|2026-05-13 22:27:12
711|56|Kepulauan Seribu Utara|kepulauan-seribu-utara|2026-05-13 19:49:31
3594|248|Tanjung Pinang Barat|tanjung-pinang-barat|2026-05-13 21:14:54
3811|262|Sukarame|sukarame|2026-05-13 21:21:29
2265|144|Sugihwaras|sugihwaras|2026-05-13 20:34:16
128|10|Darul Falah|darul-falah|2026-05-13 19:24:00
2226|143|Kademangan|kademangan|2026-05-13 20:33:12
4209|295|Tobu|tobu|2026-05-13 21:31:40
3922|272|Kian Darat|kian-darat|2026-05-13 21:24:32
3000|190|Ketungau Hulu|ketungau-hulu|2026-05-13 20:56:45
1389|93|Pagaden|pagaden|2026-05-13 20:09:15
5006|344|Wenam|wenam|2026-05-13 21:51:52
4163|292|Maluk|maluk|2026-05-13 21:30:31
1614|106|Punggelan|punggelan|2026-05-13 20:14:38
6013|414|Kabaena Selatan|kabaena-selatan|2026-05-13 22:18:55
4562|321|Mamberamo Hulu|mamberamo-hulu|2026-05-13 21:41:05
2628|161|Slahung|slahung|2026-05-13 20:44:43
2482|154|Kasembon|kasembon|2026-05-13 20:40:29
3556|245|Lingga Utara|lingga-utara|2026-05-13 21:14:00
2694|165|Jatibanteng|jatibanteng|2026-05-13 20:46:41
2330|147|Puger|puger|2026-05-13 20:36:16
5819|398|Tamalate|tamalate|2026-05-13 22:13:14
5411|367|Rambah Hilir|rambah-hilir|2026-05-13 22:02:22
5015|345|Bomela|bomela|2026-05-13 21:52:07
2851|179|Samalantan|samalantan|2026-05-13 20:51:32
5554|379|Patimpeng|patimpeng|2026-05-13 22:05:59
2735|167|Kampak|kampak|2026-05-13 20:47:54
7198|505|Sipahutar|sipahutar|2026-05-13 22:54:26
2639|162|Krejengan|krejengan|2026-05-13 20:45:03
7172|504|Manduamas|manduamas|2026-05-13 22:53:39
5410|367|Rambah|rambah|2026-05-13 22:02:21
6961|491|Secanggang|secanggang|2026-05-13 22:46:26
1366|92|Pondoksalam|pondoksalam|2026-05-13 20:08:42
4597|325|Jayapura Utara|jayapura-utara|2026-05-13 21:41:56
2362|148|Tembelang|tembelang|2026-05-13 20:37:08
7252|510|Padangsidimpuan Selatan|padangsidimpuan-selatan|2026-05-13 22:56:07
1482|96|Cikatomas|cikatomas|2026-05-13 20:11:32
5721|391|Pitu Riawa|pitu-riawa|2026-05-13 22:10:33
2390|150|Babat|babat|2026-05-13 20:37:57
6900|486|Onan Ganjang|onan-ganjang|2026-05-13 22:44:36
1820|117|Kebumen|kebumen|2026-05-13 20:21:07
5613|383|Tamalatea|tamalatea|2026-05-13 22:07:35
5580|381|Buntu Batu|buntu-batu|2026-05-13 22:06:41
2218|142|Tegaldlimo|tegaldlimo|2026-05-13 20:33:00
1437|94|Parakansalak|parakansalak|2026-05-13 20:10:23
4231|297|Kakuluk Mesak|kakuluk-mesak|2026-05-13 21:32:13
3222|210|Mantangai|mantangai|2026-05-13 21:04:11
4540|319|Waris|waris|2026-05-13 21:40:32
2540|156|Tanjunganom|tanjunganom|2026-05-13 20:42:05
5642|385|Ponrang Selatan|ponrang-selatan|2026-05-13 22:08:23
418|35|Cikeusal|cikeusal|2026-05-13 19:38:14
1361|92|Jatiluhur|jatiluhur|2026-05-13 20:08:35
3760|258|Ulu Belu|ulu-belu|2026-05-13 21:19:59
2889|181|Teluk Batang|teluk-batang|2026-05-13 20:52:36
5176|354|Amar|amar|2026-05-13 21:56:22
4225|296|Pantar Timur|pantar-timur|2026-05-13 21:32:05
1703|111|Bantarkawung|bantarkawung|2026-05-13 20:17:25
4693|333|Aitinyo Barat|aitinyo-barat|2026-05-13 21:44:20
4741|335|Klasafet|klasafet|2026-05-13 21:45:25
3366|223|Long Mesangat|long-mesangat|2026-05-13 21:08:31
1719|112|Adipala|adipala|2026-05-13 20:17:57
3535|243|Meral Barat|meral-barat|2026-05-13 21:13:28
1253|87|Sukra|sukra|2026-05-13 20:05:37
1317|89|Sindang Agung|sindang-agung|2026-05-13 20:07:27
650|52|Girisubo|girisubo|2026-05-13 19:47:33
2848|179|Lembah Bawang|lembah-bawang|2026-05-13 20:51:27
6681|470|Selangit|selangit|2026-05-13 22:37:53
6945|490|Na Ix - X|na-ix-x|2026-05-13 22:45:58
4939|343|Borme|borme|2026-05-13 21:50:11
7025|495|Mazino|mazino|2026-05-13 22:48:35
4308|301|Ile Ape Timur|ile-ape-timur|2026-05-13 21:34:17
3105|199|Pulau Laut Barat|pulau-laut-barat|2026-05-13 21:00:34
4670|331|Wamesa|wamesa|2026-05-13 21:43:46
3275|215|Permata Intan|permata-intan|2026-05-13 21:05:52
2644|162|Maron|maron|2026-05-13 20:45:10
1691|110|Musuk|musuk|2026-05-13 20:17:02
5697|389|Marang|marang|2026-05-13 22:09:52
4410|310|Mego|mego|2026-05-13 21:37:03
4872|340|Kolawa|kolawa|2026-05-13 21:48:29
3243|212|Kotawaringin Lama|kotawaringin-lama|2026-05-13 21:04:53
4046|283|Kota Ternate Selatan|kota-ternate-selatan|2026-05-13 21:27:35
1513|96|Taraju|taraju|2026-05-13 20:12:15
1671|109|Jiken|jiken|2026-05-13 20:16:24
1780|115|Kalinyamatan|kalinyamatan|2026-05-13 20:19:54
4805|337|Wilhem Roumbouts|wilhem-roumbouts|2026-05-13 21:46:54
2225|143|Garum|garum|2026-05-13 20:33:11
4800|337|Selemkai|selemkai|2026-05-13 21:46:48
3564|246|Bunguran Barat|bunguran-barat|2026-05-13 21:14:12
3466|234|Tarakan Barat|tarakan-barat|2026-05-13 21:11:26
3794|261|Negara Batin|negara-batin|2026-05-13 21:21:01
318|28|Melaya|melaya|2026-05-13 19:34:22
6924|488|Bilah Barat|bilah-barat|2026-05-13 22:45:23
4109|288|Pujut|pujut|2026-05-13 21:29:13
3839|265|Leksula|leksula|2026-05-13 21:22:14
1164|85|Lemahabang|lemahabang|2026-05-13 20:03:07
6785|477|Tanah Abang|tanah-abang|2026-05-13 22:41:10
6496|453|Bayang|bayang|2026-05-13 22:32:22
5431|368|Tualang|tualang|2026-05-13 22:02:52
721|58|Gambir|gambir|2026-05-13 19:49:48
5769|395|Sangalla|sangalla|2026-05-13 22:11:50
2136|134|Sapuran|sapuran|2026-05-13 20:30:45
3184|207|Karusen Janang|karusen-janang|2026-05-13 21:03:04
1550|99|Bekasi Selatan|bekasi-selatan|2026-05-13 20:13:04
4707|333|Mare|mare|2026-05-13 21:44:40
4918|342|Mbuwa|mbuwa|2026-05-13 21:49:38
1895|121|Kajoran|kajoran|2026-05-13 20:23:32
6577|463|Lembah Segar|lembah-segar|2026-05-13 22:34:32
376|34|Angsana|angsana|2026-05-13 19:36:44
1088|83|Ciamis|ciamis|2026-05-13 20:00:54
396|34|Mandalawangi|mandalawangi|2026-05-13 19:37:27
836|68|Muara Bulian|muara-bulian|2026-05-13 19:53:20
305|26|Kubutambahan|kubutambahan|2026-05-13 19:33:50
7182|504|Sosorgadong|sosorgadong|2026-05-13 22:53:56
6828|482|Bandar Pasir Mandoge|bandar-pasir-mandoge|2026-05-13 22:42:19
114|9|Bukit Tusam|bukit-tusam|2026-05-13 19:23:12
6876|485|Batang Kuis|batang-kuis|2026-05-13 22:43:42
3938|273|Teluk Ambon|teluk-ambon|2026-05-13 21:24:56
3445|232|Lumbis|lumbis|2026-05-13 21:10:51
3394|226|Sepaku|sepaku|2026-05-13 21:09:26
7256|511|Siantar Marihat|siantar-marihat|2026-05-13 22:56:15
1285|88|Tirtajaya|tirtajaya|2026-05-13 20:06:30
4822|339|Bugi|bugi|2026-05-13 21:47:16
3746|258|Gisting|gisting|2026-05-13 21:19:32
5052|345|Suntamon|suntamon|2026-05-13 21:52:59
329|29|Sidemen|sidemen|2026-05-13 19:34:47
3674|252|Raman Utara|raman-utara|2026-05-13 21:17:17
1723|112|Cilacap Tengah|cilacap-tengah|2026-05-13 20:18:04
6459|450|Lubuk Alung|lubuk-alung|2026-05-13 22:31:27
5283|359|Bantan|bantan|2026-05-13 21:58:55
1729|112|Jeruklegi|jeruklegi|2026-05-13 20:18:16
2768|169|Campurdarat|campurdarat|2026-05-13 20:49:15
3089|198|Banjang|banjang|2026-05-13 21:00:03
5607|383|Bangkala Barat|bangkala-barat|2026-05-13 22:07:25
4098|288|Batukliang|batukliang|2026-05-13 21:28:56
5348|363|Merbau|merbau|2026-05-13 22:00:46
1879|119|Wedi|wedi|2026-05-13 20:23:01
696|55|Danurejan|danurejan|2026-05-13 19:49:09
6029|414|Rarowatu Utara|rarowatu-utara|2026-05-13 22:19:19
2993|190|Ambalau|ambalau|2026-05-13 20:56:24
336|31|Kerambitan|kerambitan|2026-05-13 19:35:06
1120|84|Cijati|cijati|2026-05-13 20:01:49
7271|513|Tanjung Balai Utara|tanjung-balai-utara|2026-05-13 22:56:38
568|46|Bingin Kuning|bingin-kuning|2026-05-13 19:44:38
7089|499|Siempat Rube|siempat-rube|2026-05-13 22:50:46
4099|288|Batukliang Utara|batukliang-utara|2026-05-13 21:28:58
4239|297|Tasifeto Barat|tasifeto-barat|2026-05-13 21:32:23
4945|343|Kiwirok|kiwirok|2026-05-13 21:50:23
5947|409|Lage|lage|2026-05-13 22:17:03
4263|299|Adonara Barat|adonara-barat|2026-05-13 21:33:03
4341|304|Kuwus Barat|kuwus-barat|2026-05-13 21:35:09
4177|294|Sekarbela|sekarbela|2026-05-13 21:30:51
3566|246|Bunguran Selatan|bunguran-selatan|2026-05-13 21:14:14
4425|312|Kodi|kodi|2026-05-13 21:37:32
2404|150|Modo|modo|2026-05-13 20:38:25
5626|384|Taka Bonerate|taka-bonerate|2026-05-13 22:07:55
3438|231|Sungai Boh|sungai-boh|2026-05-13 21:10:36
5970|410|Kinovaro|kinovaro|2026-05-13 22:17:40
5834|400|Soreang|soreang|2026-05-13 22:13:36
3155|203|Candi Laras Selatan|candi-laras-selatan|2026-05-13 21:02:08
80|6|Singkil Utara|singkil-utara|2026-05-13 19:21:41
5030|345|Kwelamdua|kwelamdua|2026-05-13 21:52:27
3392|226|Babulu|babulu|2026-05-13 21:09:22
2747|168|Grabagan|grabagan|2026-05-13 20:48:21
5202|355|Uwapa|uwapa|2026-05-13 21:56:56
1435|94|Pabuaran|pabuaran|2026-05-13 20:10:20
1532|97|Coblong|coblong|2026-05-13 20:12:39
4915|342|Mapenduma|mapenduma|2026-05-13 21:49:34
4447|314|Karera|karera|2026-05-13 21:38:15
900|72|Jambi Luar Kota|jambi-luar-kota|2026-05-13 19:55:18
5106|348|Mandobo|mandobo|2026-05-13 21:54:29
3063|196|Angkinang|angkinang|2026-05-13 20:59:09
2192|141|Socah|socah|2026-05-13 20:32:21
5446|370|Rumbai|rumbai|2026-05-13 22:03:14
4484|315|Mutis|mutis|2026-05-13 21:39:07
3605|249|Lumbok Seminung|lumbok-seminung|2026-05-13 21:15:13
4517|318|Gresi Selatan|gresi-selatan|2026-05-13 21:40:00
7090|499|Sitelu Tali Urang Jehe|sitelu-tali-urang-jehe|2026-05-13 22:50:47
3795|261|Negeri Agung|negeri-agung|2026-05-13 21:21:03
3845|266|Aru Tengah|aru-tengah|2026-05-13 21:22:25
6225|430|Kendari|kendari|2026-05-13 22:25:00
221|15|Suka Makmue|suka-makmue|2026-05-13 19:29:30
4736|335|Botain|botain|2026-05-13 21:45:18
6344|439|Motoling Timur|motoling-timur|2026-05-13 22:28:23
5346|362|Tapung Hulu|tapung-hulu|2026-05-13 22:00:43
1020|80|Saguling|saguling|2026-05-13 19:58:56
4921|342|Mugi|mugi|2026-05-13 21:49:43
1163|85|Klangenan|klangenan|2026-05-13 20:03:05
4083|286|Kilo|kilo|2026-05-13 21:28:33
5137|350|Malind|malind|2026-05-13 21:55:22
2607|160|Tutur|tutur|2026-05-13 20:44:07
6158|424|Wolasi|wolasi|2026-05-13 22:23:10
1822|117|Kutowinangun|kutowinangun|2026-05-13 20:21:12
3302|218|Pantai Lunci|pantai-lunci|2026-05-13 21:06:41
6750|475|Kisam Tinggi|kisam-tinggi|2026-05-13 22:40:03
3110|199|Pulau Laut Timur|pulau-laut-timur|2026-05-13 21:00:41
3312|220|Biduk-Biduk|biduk-biduk|2026-05-13 21:06:59
2326|147|Mumbulsari|mumbulsari|2026-05-13 20:36:10
1638|107|Purwokerto Barat|purwokerto-barat|2026-05-13 20:15:19
6048|417|Lakudo|lakudo|2026-05-13 22:19:53
6931|488|Rantau Selatan|rantau-selatan|2026-05-13 22:45:34
5690|389|Bungoro|bungoro|2026-05-13 22:09:42
3270|214|Menthobi Raya|menthobi-raya|2026-05-13 21:05:42
6371|441|Likupang Selatan|likupang-selatan|2026-05-13 22:29:12
6152|424|Palangga|palangga|2026-05-13 22:23:00
6684|470|Sumber Harta|sumber-harta|2026-05-13 22:37:58
5923|407|Soyo Jaya|soyo-jaya|2026-05-13 22:16:19
61|5|Labuhan Haji|labuhan-haji|2026-05-13 19:20:59
1570|102|Kejaksan|kejaksan|2026-05-13 20:13:32
6910|487|Juhar|juhar|2026-05-13 22:44:54
914|73|Mandiangin|mandiangin|2026-05-13 19:55:51
5802|397|Pitumpanua|pitumpanua|2026-05-13 22:12:43
3069|196|Loksado|loksado|2026-05-13 20:59:21
4184|295|Amanuban Timur|amanuban-timur|2026-05-13 21:31:03
624|50|Kampung Melayu|kampung-melayu|2026-05-13 19:46:41
5069|347|Agats|agats|2026-05-13 21:53:40
5016|345|Dekai|dekai|2026-05-13 21:52:08
2902|182|Pemahan|pemahan|2026-05-13 20:52:59
1654|108|Gringsing|gringsing|2026-05-13 20:15:48
4510|317|Warsa|warsa|2026-05-13 21:39:50
1343|90|Sumberjaya|sumberjaya|2026-05-13 20:08:08
1656|108|Limpung|limpung|2026-05-13 20:15:51
577|46|Topos|topos|2026-05-13 19:44:54
5694|389|Liukang Tupabbiring|liukang-tupabbiring|2026-05-13 22:09:48
4442|314|Haharu|haharu|2026-05-13 21:38:08
4345|304|Mbeliling|mbeliling|2026-05-13 21:35:16
406|34|Saketi|saketi|2026-05-13 19:37:48
397|34|Mekarjaya|mekarjaya|2026-05-13 19:37:29
6833|482|Meranti|meranti|2026-05-13 22:42:27
1631|107|Kedungbanteng|kedungbanteng|2026-05-13 20:15:07
4246|298|Ende Timur|ende-timur|2026-05-13 21:32:35
6727|473|Teluk Gelam|teluk-gelam|2026-05-13 22:39:21
571|46|Lebong Selatan|lebong-selatan|2026-05-13 19:44:43
6200|427|Tiworo Kepulauan|tiworo-kepulauan|2026-05-13 22:24:20
3007|191|Pontianak Barat|pontianak-barat|2026-05-13 20:57:08
4732|334|Warwarbomi|warwarbomi|2026-05-13 21:45:11
468|36|Tigaraksa|tigaraksa|2026-05-13 19:40:06
2106|133|Girimarto|girimarto|2026-05-13 20:29:56
5246|357|Mabugi|mabugi|2026-05-13 21:57:57
3633|251|Bangun Rejo|bangun-rejo|2026-05-13 21:16:07
5335|362|Kampar Kiri Tengah|kampar-kiri-tengah|2026-05-13 22:00:26
3298|217|Seruyan Tengah|seruyan-tengah|2026-05-13 21:06:33
1562|100|Bogor Tengah|bogor-tengah|2026-05-13 20:13:21
4512|317|Yendidori|yendidori|2026-05-13 21:39:53
2755|168|Parengan|parengan|2026-05-13 20:48:41
4382|308|Loaholu|loaholu|2026-05-13 21:36:23
6838|482|Sei Dadap|sei-dadap|2026-05-13 22:42:36
409|34|Sukaresmi|sukaresmi|2026-05-13 19:37:54
4999|344|Tagime|tagime|2026-05-13 21:51:41
666|52|Wonosari|wonosari|2026-05-13 19:48:09
5261|358|Ilamburawi|ilamburawi|2026-05-13 21:58:20
4153|291|Plampang|plampang|2026-05-13 21:30:16
5823|399|Bara|bara|2026-05-13 22:13:21
5794|397|Belawa|belawa|2026-05-13 22:12:30
6072|420|Aere|aere|2026-05-13 22:20:35
4455|314|Nggaha Ori Angu|nggaha-ori-angu|2026-05-13 21:38:26
3715|255|Padang Cermin|padang-cermin|2026-05-13 21:18:34
5810|398|Kepulauan Sangkarrang|kepulauan-sangkarrang|2026-05-13 22:12:59
479|38|Kasemen|kasemen|2026-05-13 19:40:28
1672|109|Kedungtuban|kedungtuban|2026-05-13 20:16:26
2920|184|Banyuke Hulu|banyuke-hulu|2026-05-13 20:53:34
2758|168|Semanding|semanding|2026-05-13 20:48:50
4137|291|Alas Barat|alas-barat|2026-05-13 21:29:57
6499|453|Koto Xi Tarusan|koto-xi-tarusan|2026-05-13 22:32:27
6982|492|Panyabungan Barat|panyabungan-barat|2026-05-13 22:47:10
4680|332|Teluk Duairi|teluk-duairi|2026-05-13 21:43:59
2069|131|Dukuhwaru|dukuhwaru|2026-05-13 20:28:54
2613|161|Bungkal|bungkal|2026-05-13 20:44:19
5040|345|Panggema|panggema|2026-05-13 21:52:41
1337|90|Palasah|palasah|2026-05-13 20:07:59
5688|388|Turikale|turikale|2026-05-13 22:09:38
1587|104|Cikole|cikole|2026-05-13 20:13:55
887|71|Renah Pamenang|renah-pamenang|2026-05-13 19:54:54
5536|378|Tanete Riaja|tanete-riaja|2026-05-13 22:05:28
3860|267|Wuar Labobar|wuar-labobar|2026-05-13 21:22:50
3262|213|Teluk Sampit|teluk-sampit|2026-05-13 21:05:27
3314|220|Kelay|kelay|2026-05-13 21:07:03
3527|243|Belat|belat|2026-05-13 21:13:16
3949|275|Loloda|loloda|2026-05-13 21:25:17
3709|254|Tanjung Raya|tanjung-raya|2026-05-13 21:18:20
5352|363|Rangsang Pesisir|rangsang-pesisir|2026-05-13 22:00:52
2250|144|Kalitidu|kalitidu|2026-05-13 20:33:51
3284|216|Kahayan Hilir|kahayan-hilir|2026-05-13 21:06:09
7135|502|Jorlang Hataran|jorlang-hataran|2026-05-13 22:52:12
4189|295|Fautmolo|fautmolo|2026-05-13 21:31:10
1241|87|Kedokan Bunder|kedokan-bunder|2026-05-13 20:05:18
4300|300|Semau|semau|2026-05-13 21:34:03
4075|285|Soromandi|soromandi|2026-05-13 21:28:20
575|46|Pinang Belapis|pinang-belapis|2026-05-13 19:44:51
2176|140|Tegal Selatan|tegal-selatan|2026-05-13 20:31:51
1328|90|Kadipaten|kadipaten|2026-05-13 20:07:45
607|48|Sindang Dataran|sindang-dataran|2026-05-13 19:45:57
1284|88|Tempuran|tempuran|2026-05-13 20:06:29
514|42|Bang Haji|bang-haji|2026-05-13 19:42:40
5614|383|Tarowang|tarowang|2026-05-13 22:07:37
6445|449|Kapur Ix|kapur-ix|2026-05-13 22:31:06
3481|236|Parittiga|parittiga|2026-05-13 21:11:52
7008|494|Sirombu|sirombu|2026-05-13 22:48:02
4834|339|Napua|napua|2026-05-13 21:47:34
7015|495|Hibala|hibala|2026-05-13 22:48:17
4347|304|Pacar|pacar|2026-05-13 21:35:19
4065|285|Donggo|donggo|2026-05-13 21:28:06
6169|425|Sawa|sawa|2026-05-13 22:23:32
1850|118|Ringinarum|ringinarum|2026-05-13 20:22:05
6003|413|Mantikulore|mantikulore|2026-05-13 22:18:39
6814|480|Seberang Ulu Ii|seberang-ulu-ii|2026-05-13 22:41:57
2327|147|Pakusari|pakusari|2026-05-13 20:36:12
2295|146|Benjeng|benjeng|2026-05-13 20:35:12
5162|352|Mapia Barat|mapia-barat|2026-05-13 21:56:00
5356|363|Tebing Tinggi Timur|tebing-tinggi-timur|2026-05-13 22:00:58
3353|222|Sanga Sanga|sanga-sanga|2026-05-13 21:08:10
676|53|Sentolo|sentolo|2026-05-13 19:48:30
5035|345|Musaik|musaik|2026-05-13 21:52:34
3056|195|Marabahan|marabahan|2026-05-13 20:58:57
6784|477|Talang Ubi|talang-ubi|2026-05-13 22:41:08
4991|344|Kubu|kubu|2026-05-13 21:51:29
5087|347|Sawa Erma|sawa-erma|2026-05-13 21:54:04
534|43|Ketahun|ketahun|2026-05-13 19:43:27
2410|150|Sekaran|sekaran|2026-05-13 20:38:36
3942|274|Pulau-Pulau Kur|pulau-pulau-kur|2026-05-13 21:25:02
1602|106|Banjarmangu|banjarmangu|2026-05-13 20:14:17
3451|232|Sebatik|sebatik|2026-05-13 21:11:02
2000|127|Gunem|gunem|2026-05-13 20:26:54
938|75|Mendahara Ulu|mendahara-ulu|2026-05-13 19:56:38
4210|295|Toianas|toianas|2026-05-13 21:31:42
1456|95|Darmaraja|darmaraja|2026-05-13 20:10:53
2447|152|Mejayan|mejayan|2026-05-13 20:39:33
2090|132|Kedu|kedu|2026-05-13 20:29:29
743|60|Kramatjati|kramatjati|2026-05-13 19:50:28
2278|145|Klabang|klabang|2026-05-13 20:34:42
1803|116|Kerjo|kerjo|2026-05-13 20:20:33
5250|357|Oneri|oneri|2026-05-13 21:58:04
2102|133|Baturetno|baturetno|2026-05-13 20:29:50
5800|397|Pammana|pammana|2026-05-13 22:12:40
6223|430|Kadia|kadia|2026-05-13 22:24:57
7030|495|Pulau-Pulau Batu|pulau-pulau-batu|2026-05-13 22:48:43
5053|345|Suru Suru|suru-suru|2026-05-13 21:53:01
4734|335|Bagun|bagun|2026-05-13 21:45:15
1091|83|Cijeungjing|cijeungjing|2026-05-13 20:00:59
1442|94|Sukabumi|sukabumi|2026-05-13 20:10:30
1865|119|Karangdowo|karangdowo|2026-05-13 20:22:37
5056|345|Ubahak|ubahak|2026-05-13 21:53:05
4819|339|Asotipo|asotipo|2026-05-13 21:47:12
3995|278|Maba Selatan|maba-selatan|2026-05-13 21:26:21
5989|411|Ulubongka|ulubongka|2026-05-13 22:18:15
1876|119|Prambanan|prambanan|2026-05-13 20:22:56
6296|437|Essang|essang|2026-05-13 22:27:05
51|4|Sampoiniet|sampoiniet|2026-05-13 19:20:37
5076|347|Der Koumur|der-koumur|2026-05-13 21:53:49
3148|202|Panyipatan|panyipatan|2026-05-13 21:01:54
1329|90|Kasokandel|kasokandel|2026-05-13 20:07:46
2054|130|Bulu|bulu|2026-05-13 20:28:27
1426|94|Jampangtengah|jampangtengah|2026-05-13 20:10:08
6987|492|Ranto Baek|ranto-baek|2026-05-13 22:47:19
434|35|Pontang|pontang|2026-05-13 19:38:52
5005|344|Wari/Taiyeve Ii|waritaiyeve-ii|2026-05-13 21:51:50
597|48|Curup|curup|2026-05-13 19:45:35
3339|222|Anggana|anggana|2026-05-13 21:07:47
3522|242|Seri Kuala Lobam|seri-kuala-lobam|2026-05-13 21:13:05
2882|180|Silat Hulu|silat-hulu|2026-05-13 20:52:25
2562|158|Bandar|bandar|2026-05-13 20:42:38
7254|510|Padangsidimpuan Utara|padangsidimpuan-utara|2026-05-13 22:56:11
5110|348|Sesnuk|sesnuk|2026-05-13 21:54:39
160|11|Meurah Mulia|meurah-mulia|2026-05-13 19:25:45
6061|419|Iwoimendaa|iwoimendaa|2026-05-13 22:20:16
5520|376|Tinambung|tinambung|2026-05-13 22:05:05
1613|106|Pejawaran|pejawaran|2026-05-13 20:14:36
4633|329|Momi Waren|momi-waren|2026-05-13 21:42:55
6310|437|Tampan' Amma|tampan-amma|2026-05-13 22:27:27
4365|306|Keo Tengah|keo-tengah|2026-05-13 21:35:51
4616|327|Buruway|buruway|2026-05-13 21:42:25
1785|115|Mayong|mayong|2026-05-13 20:20:02
1745|113|Dempet|dempet|2026-05-13 20:18:46
1179|85|Susukan Lebak|susukan-lebak|2026-05-13 20:03:32
5606|383|Bangkala|bangkala|2026-05-13 22:07:23
4227|296|Pureman|pureman|2026-05-13 21:32:08
508|41|Manna|manna|2026-05-13 19:42:23
6213|429|Batupoaro|batupoaro|2026-05-13 22:24:42
3977|276|Obi|obi|2026-05-13 21:25:56
1807|116|Tasikmadu|tasikmadu|2026-05-13 20:20:40
783|64|Biluhu|biluhu|2026-05-13 19:51:38
6042|416|Kadatua|kadatua|2026-05-13 22:19:43
5437|369|Medang Kampai|medang-kampai|2026-05-13 22:03:01
5114|349|Assue|assue|2026-05-13 21:54:48
4673|332|Naikere|naikere|2026-05-13 21:43:51
3993|278|Kota Maba|kota-maba|2026-05-13 21:26:18
2127|134|Garung|garung|2026-05-13 20:30:30
104|8|Laut Tawar|laut-tawar|2026-05-13 19:22:37
5322|361|Rakit Kulim|rakit-kulim|2026-05-13 22:00:02
3390|225|Tanah Grogot|tanah-grogot|2026-05-13 21:09:18
4951|343|Okbab|okbab|2026-05-13 21:50:31
3457|232|Sei Menggaris|sei-menggaris|2026-05-13 21:11:11
1264|88|Cilebar|cilebar|2026-05-13 20:05:56
5307|360|Sungai Batang|sungai-batang|2026-05-13 21:59:36
4102|288|Kopang|kopang|2026-05-13 21:29:02
1346|91|Cijulang|cijulang|2026-05-13 20:08:13
1489|96|Jatiwaras|jatiwaras|2026-05-13 20:11:42
6166|425|Molawe|molawe|2026-05-13 22:23:26
3528|243|Buru|buru|2026-05-13 21:13:18
5877|403|Labobo|labobo|2026-05-13 22:14:57
6994|493|Gido|gido|2026-05-13 22:47:35
4986|344|Kanggime|kanggime|2026-05-13 21:51:21
3326|221|Damai|damai|2026-05-13 21:07:23
5687|388|Tompobulu|tompobulu|2026-05-13 22:09:37
3540|243|Ungar|ungar|2026-05-13 21:13:35
539|43|Padang Jaya|padang-jaya|2026-05-13 19:43:38
2596|160|Pandaan|pandaan|2026-05-13 20:43:45
6017|414|Kep. Masaloka Raya|kep-masaloka-raya|2026-05-13 22:19:00
4111|289|Jerowaru|jerowaru|2026-05-13 21:29:17
5158|352|Kamu Selatan|kamu-selatan|2026-05-13 21:55:55
2743|167|Tugu|tugu|2026-05-13 20:48:10
7164|503|Sipirok|sipirok|2026-05-13 22:53:19
1912|122|Cluwak|cluwak|2026-05-13 20:24:03
5377|365|Langgam|langgam|2026-05-13 22:01:33
1765|114|Klambu|klambu|2026-05-13 20:19:26
3631|251|Bandar Mataram|bandar-mataram|2026-05-13 21:16:04
4578|323|Kepulauan Aruri|kepulauan-aruri|2026-05-13 21:41:29
1125|84|Ciranjang|ciranjang|2026-05-13 20:01:58
3085|198|Amuntai Selatan|amuntai-selatan|2026-05-13 20:59:51
4682|332|Wasior|wasior|2026-05-13 21:44:02
1753|113|Mranggen|mranggen|2026-05-13 20:19:01
1630|107|Kebasen|kebasen|2026-05-13 20:15:05
6368|441|Kauditan|kauditan|2026-05-13 22:29:06
3443|232|Krayan Tengah|krayan-tengah|2026-05-13 21:10:47
5321|361|Peranap|peranap|2026-05-13 22:00:00
2531|156|Ngetos|ngetos|2026-05-13 20:41:52
2010|127|Sluke|sluke|2026-05-13 20:27:16
1775|114|Wirosari|wirosari|2026-05-13 20:19:44
3186|207|Paku|paku|2026-05-13 21:03:09
91|7|Sekerak|sekerak|2026-05-13 19:22:07
5225|356|Topiyai|topiyai|2026-05-13 21:57:29
6724|473|Sirah Pulau Padang|sirah-pulau-padang|2026-05-13 22:39:14
4033|281|Morotai Selatan|morotai-selatan|2026-05-13 21:27:15
2378|149|Ngasem|ngasem|2026-05-13 20:37:34
1492|96|Karangnunggal|karangnunggal|2026-05-13 20:11:46
4665|331|Moskona Utara|moskona-utara|2026-05-13 21:43:40
1295|89|Cimahi|cimahi|2026-05-13 20:06:48
5872|403|Banggai Selatan|banggai-selatan|2026-05-13 22:14:48
3380|224|Long Hubung|long-hubung|2026-05-13 21:08:56
3232|211|Katingan Kuala|katingan-kuala|2026-05-13 21:04:32
6413|446|Palupuh|palupuh|2026-05-13 22:30:21
5092|347|Tomor Birip|tomor-birip|2026-05-13 21:54:12
1336|90|Malausma|malausma|2026-05-13 20:07:58
4264|299|Adonara Tengah|adonara-tengah|2026-05-13 21:33:05
5983|411|Batudaka|batudaka|2026-05-13 22:18:04
7129|502|Gunung Malela|gunung-malela|2026-05-13 22:52:02
6673|469|Tungkal Jaya|tungkal-jaya|2026-05-13 22:37:36
6693|471|Rupit|rupit|2026-05-13 22:38:14
3929|272|Teluk Waru|teluk-waru|2026-05-13 21:24:43
3121|200|Kelua|kelua|2026-05-13 21:01:03
2283|145|Sempol|sempol|2026-05-13 20:34:50
675|53|Samigaluh|samigaluh|2026-05-13 19:48:28
6218|429|Murhum|murhum|2026-05-13 22:24:49
2169|139|Banjarsari|banjarsari|2026-05-13 20:31:40
1544|98|Banjar|banjar|2026-05-13 20:12:55
7079|498|Padang Bolak|padang-bolak|2026-05-13 22:50:24
1541|97|Sukasari|sukasari|2026-05-13 20:12:50
7044|495|Umbunasi|umbunasi|2026-05-13 22:49:07
5788|396|Sesean|sesean|2026-05-13 22:12:20
7215|506|Tampahan|tampahan|2026-05-13 22:55:04
1174|85|Plumbon|plumbon|2026-05-13 20:03:24
5841|401|Bualemo|bualemo|2026-05-13 22:13:50
5123|349|Passue|passue|2026-05-13 21:55:02
1432|94|Lengkong|lengkong|2026-05-13 20:10:16
5985|411|Talatako|talatako|2026-05-13 22:18:08
4764|336|Inanwatan|inanwatan|2026-05-13 21:45:58
3721|255|Way Ratai|way-ratai|2026-05-13 21:18:45
2970|187|Teluk Keramat|teluk-keramat|2026-05-13 20:55:40
3289|216|Sebangau Kuala|sebangau-kuala|2026-05-13 21:06:18
512|41|Seginim|seginim|2026-05-13 19:42:34
6147|424|Landono|landono|2026-05-13 22:22:50
775|63|Suwawa Tengah|suwawa-tengah|2026-05-13 19:51:24
660|52|Rongkop|rongkop|2026-05-13 19:47:55
6862|484|Lae Parira|lae-parira|2026-05-13 22:43:16
3309|219|Sabangau|sabangau|2026-05-13 21:06:54
6431|448|Pagai Utara|pagai-utara|2026-05-13 22:30:46
1950|123|Wonopringgo|wonopringgo|2026-05-13 20:25:12
5082|347|Kopay|kopay|2026-05-13 21:53:57
5857|401|Toili|toili|2026-05-13 22:14:19
4373|307|Golewa Barat|golewa-barat|2026-05-13 21:36:07
3375|223|Telen|telen|2026-05-13 21:08:47
943|75|S A D U|s-a-d-u|2026-05-13 19:56:46
5083|347|Koroway Buluanop|koroway-buluanop|2026-05-13 21:53:58
1906|121|Secang|secang|2026-05-13 20:23:52
4812|338|Sorong Kepulauan|sorong-kepulauan|2026-05-13 21:47:03
1497|96|Pagerageung|pagerageung|2026-05-13 20:11:53
2478|154|Gondanglegi|gondanglegi|2026-05-13 20:40:23
6715|473|Lempuing|lempuing|2026-05-13 22:38:57
6561|459|Padang Selatan|padang-selatan|2026-05-13 22:34:03
3484|237|Air Gegas|air-gegas|2026-05-13 21:11:58
6168|425|Oheo|oheo|2026-05-13 22:23:29
4376|307|Jerebuu|jerebuu|2026-05-13 21:36:11
1553|99|Jatiasih|jatiasih|2026-05-13 20:13:08
3369|223|Muara Wahau|muara-wahau|2026-05-13 21:08:37
41|3|Pulo Aceh|pulo-aceh|2026-05-13 19:20:10
395|34|Majasari|majasari|2026-05-13 19:37:25
6677|470|Muara Beliti|muara-beliti|2026-05-13 22:37:45
3765|259|Dente Teladas|dente-teladas|2026-05-13 21:20:10
2631|162|Bantaran|bantaran|2026-05-13 20:44:48
4849|339|Wame|wame|2026-05-13 21:47:55
2477|154|Gedangan|gedangan|2026-05-13 20:40:22
4952|343|Okbape|okbape|2026-05-13 21:50:32
3417|230|Peso Hilir|peso-hilir|2026-05-13 21:10:03
266|19|Banda Raya|banda-raya|2026-05-13 19:32:09
269|19|Kuta Raja|kuta-raja|2026-05-13 19:32:16
6265|434|Pinogaluman|pinogaluman|2026-05-13 22:26:12
6355|440|Pusomaen|pusomaen|2026-05-13 22:28:43
719|57|Tambora|tambora|2026-05-13 19:49:44
381|34|Cibaliung|cibaliung|2026-05-13 19:36:56
6901|486|Pakkat|pakkat|2026-05-13 22:44:38
2740|167|Pule|pule|2026-05-13 20:48:05
975|79|Arjasari|arjasari|2026-05-13 19:57:40
762|63|Bone Raya|bone-raya|2026-05-13 19:51:02
464|36|Solear|solear|2026-05-13 19:39:57
733|59|Pancoran|pancoran|2026-05-13 19:50:10
1387|93|Legonkulon|legonkulon|2026-05-13 20:09:13
2519|155|Sooko|sooko|2026-05-13 20:41:30
199|13|Peusangan Selatan|peusangan-selatan|2026-05-13 19:28:23
7247|509|Medan Timur|medan-timur|2026-05-13 22:55:57
6607|466|Pendopo Barat|pendopo-barat|2026-05-13 22:35:31
3415|230|Bunyu|bunyu|2026-05-13 21:10:00
4166|292|Seteluk|seteluk|2026-05-13 21:30:35
3131|201|Karang Bintang|karang-bintang|2026-05-13 21:01:21
2433|151|Sumbersuko|sumbersuko|2026-05-13 20:39:11
1268|88|Karawang Timur|karawang-timur|2026-05-13 20:06:03
5151|351|Bowobado|bowobado|2026-05-13 21:55:43
6498|453|Iv Nagari Bayang Utara|iv-nagari-bayang-utara|2026-05-13 22:32:26
3145|202|Jorong|jorong|2026-05-13 21:01:47
6757|475|Sindang Danau|sindang-danau|2026-05-13 22:40:16
1856|119|Cawas|cawas|2026-05-13 20:22:17
518|42|Pagar Jati|pagar-jati|2026-05-13 19:42:49
6429|447|Tiumang|tiumang|2026-05-13 22:30:43
5944|408|Tomini|tomini|2026-05-13 22:16:56
2947|186|Segedong|segedong|2026-05-13 20:54:56
806|65|Sumalata Timur|sumalata-timur|2026-05-13 19:52:27
4045|282|Taliabu Utara|taliabu-utara|2026-05-13 21:27:33
1434|94|Nyalindung|nyalindung|2026-05-13 20:10:19
3149|202|Pelaihari|pelaihari|2026-05-13 21:01:56
6521|455|Junjung Sirih|junjung-sirih|2026-05-13 22:33:04
513|41|Ulu Manna|ulu-manna|2026-05-13 19:42:37
6510|454|Koto Vii|koto-vii|2026-05-13 22:32:46
2560|157|Widodaren|widodaren|2026-05-13 20:42:34
6811|480|Plaju|plaju|2026-05-13 22:41:52
1092|83|Cikoneng|cikoneng|2026-05-13 20:01:01
6675|470|Jayaloka|jayaloka|2026-05-13 22:37:41
1640|107|Purwokerto Timur|purwokerto-timur|2026-05-13 20:15:22
7109|501|Perbaungan|perbaungan|2026-05-13 22:51:24
5473|372|Sesenapadang|sesenapadang|2026-05-13 22:03:56
169|11|Seunuddon|seunuddon|2026-05-13 19:26:20
4474|315|Insana|insana|2026-05-13 21:38:52
6825|482|Aek Songsongan|aek-songsongan|2026-05-13 22:42:14
2534|156|Pace|pace|2026-05-13 20:41:56
3722|256|Bangkunat|bangkunat|2026-05-13 21:18:47
4317|302|Kobalima Timur|kobalima-timur|2026-05-13 21:34:31
3907|270|Manyeuw|manyeuw|2026-05-13 21:24:10
885|71|Pamenang Selatan|pamenang-selatan|2026-05-13 19:54:51
3858|267|Wer Maktian|wer-maktian|2026-05-13 21:22:46
99|8|Celala|celala|2026-05-13 19:22:27
6649|468|Muara Enim|muara-enim|2026-05-13 22:36:51
5922|407|Petasia Timur|petasia-timur|2026-05-13 22:16:17
5358|364|Cerenti|cerenti|2026-05-13 22:01:02
7100|500|Simanindo|simanindo|2026-05-13 22:51:07
5528|377|Sinoa|sinoa|2026-05-13 22:05:17
5493|374|Tobadak|tobadak|2026-05-13 22:04:27
6313|438|Kakas Barat|kakas-barat|2026-05-13 22:27:32
2806|176|Panggungrejo|panggungrejo|2026-05-13 20:50:26
3711|255|Gedong Tataan|gedong-tataan|2026-05-13 21:18:26
4914|342|Mam|mam|2026-05-13 21:49:32
6678|470|Muara Kelingi|muara-kelingi|2026-05-13 22:37:47
39|3|Montasik|montasik|2026-05-13 19:20:03
1634|107|Lumbir|lumbir|2026-05-13 20:15:12
502|40|Setu|setu|2026-05-13 19:42:05
3800|261|Way Tuba|way-tuba|2026-05-13 21:21:12
6409|446|Kamang Magek|kamang-magek|2026-05-13 22:30:15
3407|229|Samarinda Ilir|samarinda-ilir|2026-05-13 21:09:46
3538|243|Sugie Besar|sugie-besar|2026-05-13 21:13:32
4927|342|Wosak|wosak|2026-05-13 21:49:51
1987|126|Bruno|bruno|2026-05-13 20:26:19
7167|504|Badiri|badiri|2026-05-13 22:53:29
5523|377|Bantaeng|bantaeng|2026-05-13 22:05:11
5345|362|Tapung Hilir|tapung-hilir|2026-05-13 22:00:41
2895|182|Kendawangan|kendawangan|2026-05-13 20:52:47
3940|274|Pulau Dullah Selatan|pulau-dullah-selatan|2026-05-13 21:24:59
5205|355|Yaro|yaro|2026-05-13 21:56:59
4445|314|Kambera|kambera|2026-05-13 21:38:12
2454|153|Bendo|bendo|2026-05-13 20:39:46
5449|370|Sail|sail|2026-05-13 22:03:17
4586|324|Masirei|masirei|2026-05-13 21:41:40
2016|128|Banyubiru|banyubiru|2026-05-13 20:27:26
183|12|Syiah Utama|syiah-utama|2026-05-13 19:27:14
6009|413|Tawaeli|tawaeli|2026-05-13 22:18:48
1421|94|Cisolok|cisolok|2026-05-13 20:10:01
7088|499|Salak|salak|2026-05-13 22:50:44
3117|200|Banua Lawas|banua-lawas|2026-05-13 21:00:56
6370|441|Likupang Barat|likupang-barat|2026-05-13 22:29:10
6417|446|Tanjung Raya|tanjung-raya|2026-05-13 22:30:27
6650|468|Panang Enim|panang-enim|2026-05-13 22:36:53
3009|191|Pontianak Selatan|pontianak-selatan|2026-05-13 20:57:11
4863|340|Dimba|dimba|2026-05-13 21:48:15
6178|426|Katobu|katobu|2026-05-13 22:23:47
6182|426|Lohia|lohia|2026-05-13 22:23:52
2841|178|Wiyung|wiyung|2026-05-13 20:51:16
916|73|Pauh|pauh|2026-05-13 19:55:56
7084|498|Ujung Batu|ujung-batu|2026-05-13 22:50:38
3937|273|Sirimau|sirimau|2026-05-13 21:24:55
3755|258|Pugung|pugung|2026-05-13 21:19:48
6456|450|Batang Gasan|batang-gasan|2026-05-13 22:31:23
1304|89|Kadugede|kadugede|2026-05-13 20:07:04
3166|204|Cempaka|cempaka|2026-05-13 21:02:29
3399|227|Balikpapan Tengah|balikpapan-tengah|2026-05-13 21:09:34
653|52|Nglipar|nglipar|2026-05-13 19:47:40
2072|131|Kramat|kramat|2026-05-13 20:28:58
4122|289|Sambelia|sambelia|2026-05-13 21:29:34
4593|324|Wonti|wonti|2026-05-13 21:41:50
2559|157|Sine|sine|2026-05-13 20:42:32
1055|82|Cijeruk|cijeruk|2026-05-13 19:59:56
4639|330|Anggi Gida|anggi-gida|2026-05-13 21:43:05
6853|483|Lima Puluh Pesisir|lima-puluh-pesisir|2026-05-13 22:43:00
4222|296|Pantar Barat|pantar-barat|2026-05-13 21:32:02
1546|98|Pataruman|pataruman|2026-05-13 20:12:58
1510|96|Sukaratu|sukaratu|2026-05-13 20:12:11
5324|361|Rengat Barat|rengat-barat|2026-05-13 22:00:08
284|22|Sukakarya|sukakarya|2026-05-13 19:32:53
5525|377|Eremerasa|eremerasa|2026-05-13 22:05:13
2061|130|Sukoharjo|sukoharjo|2026-05-13 20:28:39
76|6|Pulau Banyak|pulau-banyak|2026-05-13 19:21:34
5441|370|Kulim|kulim|2026-05-13 22:03:07
5430|368|Sungai Mandau|sungai-mandau|2026-05-13 22:02:51
785|64|Bongomeme|bongomeme|2026-05-13 19:51:42
215|15|Beutong Ateuh Banggalang|beutong-ateuh-banggalang|2026-05-13 19:29:10
3494|238|Namang|namang|2026-05-13 21:12:14
6308|437|Rainis|rainis|2026-05-13 22:27:24
4028|280|Sulabesi Barat|sulabesi-barat|2026-05-13 21:27:08
2875|180|Puring Kencana|puring-kencana|2026-05-13 20:52:12
4598|325|Muara Tami|muara-tami|2026-05-13 21:41:57
3099|199|Kelumpang Selatan|kelumpang-selatan|2026-05-13 21:00:24
6643|468|Kelekar|kelekar|2026-05-13 22:36:42
7010|495|Amandraya|amandraya|2026-05-13 22:48:07
3643|251|Putra Rumbia|putra-rumbia|2026-05-13 21:16:26
3592|247|Sekupang|sekupang|2026-05-13 21:14:51
881|71|Muara Siau|muara-siau|2026-05-13 19:54:44
2714|166|Gayam|gayam|2026-05-13 20:47:17
1501|96|Rajapolah|rajapolah|2026-05-13 20:11:58
7261|511|Siantar Timur|siantar-timur|2026-05-13 22:56:22
5401|366|Tanjung Medan|tanjung-medan|2026-05-13 22:02:08
390|34|Jiput|jiput|2026-05-13 19:37:15
4483|315|Musi|musi|2026-05-13 21:39:06
5361|364|Inuman|inuman|2026-05-13 22:01:07
6937|489|Torgamba|torgamba|2026-05-13 22:45:44
1687|110|Karanggede|karanggede|2026-05-13 20:16:55
4756|335|Sayosa|sayosa|2026-05-13 21:45:46
6639|468|Benakat|benakat|2026-05-13 22:36:34
4404|310|Kangae|kangae|2026-05-13 21:36:56
5454|371|Banggae|banggae|2026-05-13 22:03:26
3283|216|Jabiren|jabiren|2026-05-13 21:06:07
589|47|Sungai Rumbai|sungai-rumbai|2026-05-13 19:45:17
2787|171|Kepanjenkidul|kepanjenkidul|2026-05-13 20:49:51
5707|390|Matirro Sompe|matirro-sompe|2026-05-13 22:10:11
555|44|Padang Guci Hulu|padang-guci-hulu|2026-05-13 19:44:10
5625|384|Pasimasunggu Timur|pasimasunggu-timur|2026-05-13 22:07:54
4399|310|Alok Barat|alok-barat|2026-05-13 21:36:50
1494|96|Mangunreja|mangunreja|2026-05-13 20:11:49
5012|344|Yuneri|yuneri|2026-05-13 21:52:01
6010|413|Ulujadi|ulujadi|2026-05-13 22:18:50
330|30|Banjarangkan|banjarangkan|2026-05-13 19:34:51
1557|99|Pondokgede|pondokgede|2026-05-13 20:13:13
6032|414|Tontonunu|tontonunu|2026-05-13 22:19:24
5669|387|Sabbang|sabbang|2026-05-13 22:09:08
6304|437|Miangas|miangas|2026-05-13 22:27:18
4690|333|Aifat Timur Tengah|aifat-timur-tengah|2026-05-13 21:44:15
1039|81|Sukatani|sukatani|2026-05-13 19:59:26
3005|190|Sungai Tebelian|sungai-tebelian|2026-05-13 20:57:02
7012|495|Boronadu|boronadu|2026-05-13 22:48:11
3731|256|Pulaupisang|pulaupisang|2026-05-13 21:19:03
6256|433|Modayag Barat|modayag-barat|2026-05-13 22:25:56
4524|318|Raveni Rara|raveni-rara|2026-05-13 21:40:10
3835|264|Waplau|waplau|2026-05-13 21:22:06
1111|83|Tambaksari|tambaksari|2026-05-13 20:01:32
1998|126|Purworejo|purworejo|2026-05-13 20:26:50
2893|182|Hulu Sungai|hulu-sungai|2026-05-13 20:52:43
469|37|Cibeber|cibeber|2026-05-13 19:40:09
4750|335|Mayamuk|mayamuk|2026-05-13 21:45:37
7118|501|Teluk Mengkudu|teluk-mengkudu|2026-05-13 22:51:41
6440|449|Akabiluru|akabiluru|2026-05-13 22:30:59
5695|389|Liukang Tupabbiring Utara|liukang-tupabbiring-utara|2026-05-13 22:09:50
2558|157|Pitu|pitu|2026-05-13 20:42:31
2784|170|Batu|batu|2026-05-13 20:49:45
4711|334|Batanta Utara|batanta-utara|2026-05-13 21:44:46
6203|427|Tiworo Utara|tiworo-utara|2026-05-13 22:24:24
4792|337|Manekar|manekar|2026-05-13 21:46:36
1036|81|Serang Baru|serang-baru|2026-05-13 19:59:22
5976|410|Nokilalaki|nokilalaki|2026-05-13 22:17:50
4643|330|Membey|membey|2026-05-13 21:43:12
1490|96|Kadipaten|kadipaten|2026-05-13 20:11:44
531|43|Giri Mulya|giri-mulya|2026-05-13 19:43:19
5392|366|Pasir Limau Kapas|pasir-limau-kapas|2026-05-13 22:01:56
4806|337|Yembun|yembun|2026-05-13 21:46:55
6766|476|Belitang Mulya|belitang-mulya|2026-05-13 22:40:33
2442|152|Gemarang|gemarang|2026-05-13 20:39:26
6981|492|Panyabungan|panyabungan|2026-05-13 22:47:06
3879|269|Amahai|amahai|2026-05-13 21:23:20
2630|161|Sukorejo|sukorejo|2026-05-13 20:44:45
4230|297|Atambua Selatan|atambua-selatan|2026-05-13 21:32:12
878|71|Jangkat Timur|jangkat-timur|2026-05-13 19:54:39
5311|360|Tembilahan Hulu|tembilahan-hulu|2026-05-13 21:59:42
2925|184|Menjalin|menjalin|2026-05-13 20:54:03
1199|86|Cisurupan|cisurupan|2026-05-13 20:04:07
2027|128|Susukan|susukan|2026-05-13 20:27:43
5286|359|Bukit Batu|bukit-batu|2026-05-13 21:59:01
6616|467|Kikim Barat|kikim-barat|2026-05-13 22:35:49
1577|103|Cimanggis|cimanggis|2026-05-13 20:13:42
4339|304|Komodo|komodo|2026-05-13 21:35:06
4086|286|Pekat|pekat|2026-05-13 21:28:37
1604|106|Batur|batur|2026-05-13 20:14:21
7277|514|Tebing Tinggi Kota|tebing-tinggi-kota|2026-05-13 22:56:47
547|44|Kelam Tengah|kelam-tengah|2026-05-13 19:43:55
351|33|Cibadak|cibadak|2026-05-13 19:35:44
2766|169|Besuki|besuki|2026-05-13 20:49:12
1814|117|Buayan|buayan|2026-05-13 20:20:56
3867|268|Moa Lakor|moa-lakor|2026-05-13 21:23:03
6520|455|Ix Koto Sungai Lasi|ix-koto-sungai-lasi|2026-05-13 22:33:03
3671|252|Pasir Sakti|pasir-sakti|2026-05-13 21:17:13
5868|402|Tinangkung Utara|tinangkung-utara|2026-05-13 22:14:41
6302|437|Melonguane|melonguane|2026-05-13 22:27:15
7048|496|Lahewa|lahewa|2026-05-13 22:49:14
6316|438|Kawangkoan Utara|kawangkoan-utara|2026-05-13 22:27:37
860|70|Bukitkerman|bukitkerman|2026-05-13 19:54:02
6343|439|Motoling Barat|motoling-barat|2026-05-13 22:28:21
802|65|Kwandang|kwandang|2026-05-13 19:52:20
2634|162|Dringu|dringu|2026-05-13 20:44:55
5258|358|Fawi|fawi|2026-05-13 21:58:16
5733|392|Tellu Limpoe|tellu-limpoe|2026-05-13 22:10:54
1572|102|Lemah Wungkuk|lemah-wungkuk|2026-05-13 20:13:35
3060|195|Tabunganen|tabunganen|2026-05-13 20:59:03
2284|145|Sukosari|sukosari|2026-05-13 20:34:51
1516|97|Arcamanik|arcamanik|2026-05-13 20:12:19
3660|252|Braja Selebah|braja-selebah|2026-05-13 21:16:56
2372|149|Kepung|kepung|2026-05-13 20:37:24
6228|430|Nambo|nambo|2026-05-13 22:25:04
7231|509|Medan Baru|medan-baru|2026-05-13 22:55:34
3500|239|Selat Nasik|selat-nasik|2026-05-13 21:12:26
7075|498|Dolok Sigompulon|dolok-sigompulon|2026-05-13 22:50:13
1044|81|Tarumajaya|tarumajaya|2026-05-13 19:59:34
6936|489|Sungai Kanan|sungai-kanan|2026-05-13 22:45:43
851|69|Rantau Pandan|rantau-pandan|2026-05-13 19:53:47
717|57|Pal Merah|pal-merah|2026-05-13 19:49:41
1862|119|Juwiring|juwiring|2026-05-13 20:22:31
4336|303|Satar Mese Utara|satar-mese-utara|2026-05-13 21:35:00
115|9|Darul Hasanah|darul-hasanah|2026-05-13 19:23:15
200|13|Peusangan Siblah Krueng|peusangan-siblah-krueng|2026-05-13 19:28:26
1477|96|Bojonggambir|bojonggambir|2026-05-13 20:11:25
3608|249|Sukau|sukau|2026-05-13 21:15:18
3520|242|Gunung Kijang|gunung-kijang|2026-05-13 21:13:02
2211|142|Purwoharjo|purwoharjo|2026-05-13 20:32:49
6951|491|Binjai|binjai|2026-05-13 22:46:09
2228|143|Kesamben|kesamben|2026-05-13 20:33:16
1053|82|Cigombong|cigombong|2026-05-13 19:59:52
3045|194|Telaga Bauntung|telaga-bauntung|2026-05-13 20:58:35
1794|116|Jaten|jaten|2026-05-13 20:20:18
2704|166|Ambunten|ambunten|2026-05-13 20:46:57
2272|145|Bondowoso|bondowoso|2026-05-13 20:34:32
3990|277|Weda Tengah|weda-tengah|2026-05-13 21:26:13
3473|235|Merawang|merawang|2026-05-13 21:11:38
507|41|Kota Manna|kota-manna|2026-05-13 19:42:21
4288|300|Amfoang Barat Laut|amfoang-barat-laut|2026-05-13 21:33:46
2622|161|Pudak|pudak|2026-05-13 20:44:33
6541|457|Lintau Buo Utara|lintau-buo-utara|2026-05-13 22:33:32
5279|358|Yambi|yambi|2026-05-13 21:58:47
5997|412|Dampal Utara|dampal-utara|2026-05-13 22:18:28
7058|497|Barumun Barat|barumun-barat|2026-05-13 22:49:32
431|35|Padarincang|padarincang|2026-05-13 19:38:45
4422|311|Loli|loli|2026-05-13 21:37:24
2123|133|Slogohimo|slogohimo|2026-05-13 20:30:21
3665|252|Labuhan Ratu|labuhan-ratu|2026-05-13 21:17:03
22|3|Baitussalam|baitussalam|2026-05-13 19:19:13
162|11|Nibong|nibong|2026-05-13 19:25:54
2470|153|Takeran|takeran|2026-05-13 20:40:11
6537|457|Batipuah Selatan|batipuah-selatan|2026-05-13 22:33:27
1189|86|Cibalong|cibalong|2026-05-13 20:03:52
3129|201|Angsana|angsana|2026-05-13 21:01:17
4319|302|Malaka Barat|malaka-barat|2026-05-13 21:34:33
1324|90|Cingambul|cingambul|2026-05-13 20:07:38
6489|452|Sasak Ranah Pesisir|sasak-ranah-pesisir|2026-05-13 22:32:10
1811|117|Ambal|ambal|2026-05-13 20:20:48
1847|118|Patebon|patebon|2026-05-13 20:21:59
1309|89|Lebakwangi|lebakwangi|2026-05-13 20:07:13
3829|264|Lilialy|lilialy|2026-05-13 21:21:57
5414|367|Tambusai|tambusai|2026-05-13 22:02:29
6033|415|Kapontori|kapontori|2026-05-13 22:19:27
6051|417|Mawasangka Timur|mawasangka-timur|2026-05-13 22:19:59
194|13|Makmur|makmur|2026-05-13 19:28:01
7140|502|Pematang Sidamanik|pematang-sidamanik|2026-05-13 22:52:21
558|44|Tetap|tetap|2026-05-13 19:44:17
405|34|Pulosari|pulosari|2026-05-13 19:37:46
691|54|Prambanan|prambanan|2026-05-13 19:48:59
6471|451|Duo Koto|duo-koto|2026-05-13 22:31:44
3806|262|Labuhan Ratu|labuhan-ratu|2026-05-13 21:21:22
1580|103|Limo|limo|2026-05-13 20:13:46
3239|211|Tasik Payawan|tasik-payawan|2026-05-13 21:04:45
3849|266|Aru Utara Timur Batuley|aru-utara-timur-batuley|2026-05-13 21:22:32
2795|173|Taman|taman|2026-05-13 20:50:06
6393|444|Singkil|singkil|2026-05-13 22:29:49
3828|264|Fena Leisela|fena-leisela|2026-05-13 21:21:55
2230|143|Panggungrejo|panggungrejo|2026-05-13 20:33:19
4700|333|Ayamaru Selatan|ayamaru-selatan|2026-05-13 21:44:31
4124|289|Sembalun|sembalun|2026-05-13 21:29:37
6712|473|Cengal|cengal|2026-05-13 22:38:51
5036|345|Nalca|nalca|2026-05-13 21:52:35
5896|405|Pinembani|pinembani|2026-05-13 22:15:29
5890|405|Balaesang Tanjung|balaesang-tanjung|2026-05-13 22:15:19
5981|411|Ampana Kota|ampana-kota|2026-05-13 22:18:00
4763|336|Fokour|fokour|2026-05-13 21:45:57
2829|178|Pakal|pakal|2026-05-13 20:50:58
538|43|Napal Putih|napal-putih|2026-05-13 19:43:36
3634|251|Bekri|bekri|2026-05-13 21:16:10
4859|340|Balingga|balingga|2026-05-13 21:48:09
3818|262|Telukbetung Timur|telukbetung-timur|2026-05-13 21:21:39
3475|235|Puding Besar|puding-besar|2026-05-13 21:11:41
829|67|Kota Utara|kota-utara|2026-05-13 19:53:05
2812|177|Wonoasih|wonoasih|2026-05-13 20:50:35
4007|279|Kao|kao|2026-05-13 21:26:38
4684|332|Wondiboy|wondiboy|2026-05-13 21:44:05
2131|134|Kejajar|kejajar|2026-05-13 20:30:36
2942|185|Tanah Pinoh Barat|tanah-pinoh-barat|2026-05-13 20:54:46
272|19|Syiah Kuala|syiah-kuala|2026-05-13 19:32:22
1004|79|Solokanjeruk|solokanjeruk|2026-05-13 19:58:28
2929|184|Sebangki|sebangki|2026-05-13 20:54:14
2143|135|Magelang Tengah|magelang-tengah|2026-05-13 20:31:00
2093|132|Ngadirejo|ngadirejo|2026-05-13 20:29:34
5353|363|Tasik Putri Puyu|tasik-putri-puyu|2026-05-13 22:00:53
5641|385|Ponrang|ponrang|2026-05-13 22:08:21
4535|319|Kaisenar|kaisenar|2026-05-13 21:40:25
5568|380|Gantorang|gantorang|2026-05-13 22:06:22
6120|422|Tongauna|tongauna|2026-05-13 22:21:59
7188|505|Muara|muara|2026-05-13 22:54:07
3725|256|Lemong|lemong|2026-05-13 21:18:53
4893|340|Yiginua|yiginua|2026-05-13 21:49:01
6630|467|Pajar Bulan|pajar-bulan|2026-05-13 22:36:16
1674|109|Kunduran|kunduran|2026-05-13 20:16:29
3259|213|Seranau|seranau|2026-05-13 21:05:22
436|35|Tanara|tanara|2026-05-13 19:38:56
6958|491|Pematang Jaya|pematang-jaya|2026-05-13 22:46:20
562|45|Merigi|merigi|2026-05-13 19:44:26
1269|88|Klari|klari|2026-05-13 20:06:05
6713|473|Jejawi|jejawi|2026-05-13 22:38:53
6992|493|Bawolato|bawolato|2026-05-13 22:47:30
1771|114|Tanggungharjo|tanggungharjo|2026-05-13 20:19:38
5555|379|Ponre|ponre|2026-05-13 22:06:01
5100|348|Jair|jair|2026-05-13 21:54:22
53|4|Teunom|teunom|2026-05-13 19:20:41
1341|90|Sindangwangi|sindangwangi|2026-05-13 20:08:05
480|38|Serang|serang|2026-05-13 19:40:30
6194|427|Barangka|barangka|2026-05-13 22:24:11
3193|208|Lahei Barat|lahei-barat|2026-05-13 21:03:22
2187|141|Konang|konang|2026-05-13 20:32:12
2567|158|Pacitan|pacitan|2026-05-13 20:42:46
4724|334|Supnin|supnin|2026-05-13 21:45:01
4117|289|Pringgabaya|pringgabaya|2026-05-13 21:29:26
2180|141|Blega|blega|2026-05-13 20:31:59
1521|97|Bandung Wetan|bandung-wetan|2026-05-13 20:12:26
1618|106|Sigaluh|sigaluh|2026-05-13 20:14:44
599|48|Curup Tengah|curup-tengah|2026-05-13 19:45:39
6585|465|Banyuasin Ii|banyuasin-ii|2026-05-13 22:34:47
7092|499|Tinada|tinada|2026-05-13 22:50:51
4862|340|Buguk Gona|buguk-gona|2026-05-13 21:48:13
3825|263|Metro Utara|metro-utara|2026-05-13 21:21:49
4903|342|Embetpen|embetpen|2026-05-13 21:49:17
2457|153|Kartoharjo|kartoharjo|2026-05-13 20:39:50
6928|488|Panai Hulu|panai-hulu|2026-05-13 22:45:30
5912|406|Menui Kepulauan|menui-kepulauan|2026-05-13 22:15:58
6719|473|Mesuji Raya|mesuji-raya|2026-05-13 22:39:05
4919|342|Mebarok|mebarok|2026-05-13 21:49:40
497|40|Ciputat Timur|ciputat-timur|2026-05-13 19:41:54
1571|102|Kesambi|kesambi|2026-05-13 20:13:33
6448|449|Mungka|mungka|2026-05-13 22:31:11
3533|243|Kundur Utara|kundur-utara|2026-05-13 21:13:25
3492|238|Koba|koba|2026-05-13 21:12:10
1073|82|Parung|parung|2026-05-13 20:00:27
185|12|Wih Pesam|wih-pesam|2026-05-13 19:27:21
3134|201|Kusan Hulu|kusan-hulu|2026-05-13 21:01:26
6768|476|Buay Madang Timur|buay-madang-timur|2026-05-13 22:40:37
2319|147|Jenggawah|jenggawah|2026-05-13 20:36:01
843|69|Bungo Dani|bungo-dani|2026-05-13 19:53:34
5869|402|Totikum|totikum|2026-05-13 22:14:43
6117|422|Routa|routa|2026-05-13 22:21:54
5409|367|Pendalian Iv Koto|pendalian-iv-koto|2026-05-13 22:02:19
6115|422|Pondidaha|pondidaha|2026-05-13 22:21:50
2938|185|Pinoh Utara|pinoh-utara|2026-05-13 20:54:36
1584|103|Tapos|tapos|2026-05-13 20:13:51
3759|258|Talang Padang|talang-padang|2026-05-13 21:19:57
3436|231|Mentarang Hulu|mentarang-hulu|2026-05-13 21:10:33
1469|95|Tanjungkerta|tanjungkerta|2026-05-13 20:11:12
1563|100|Bogor Timur|bogor-timur|2026-05-13 20:13:22
5452|370|Tenayan Raya|tenayan-raya|2026-05-13 22:03:22
3679|252|Way Bungur|way-bungur|2026-05-13 21:17:26
1096|83|Jatinagara|jatinagara|2026-05-13 20:01:08
5168|353|Hitadipa|hitadipa|2026-05-13 21:56:09
3501|239|Sijuk|sijuk|2026-05-13 21:12:27
446|36|Jambe|jambe|2026-05-13 19:39:20
108|8|Silih Nara|silih-nara|2026-05-13 19:22:49
4190|295|Ki'e|kie|2026-05-13 21:31:11
2665|163|Sokobanah|sokobanah|2026-05-13 20:45:46
1139|84|Sukanagara|sukanagara|2026-05-13 20:02:24
1615|106|Purwanegara|purwanegara|2026-05-13 20:14:39
5995|412|Dako Pemean|dako-pemean|2026-05-13 22:18:25
5350|363|Rangsang|rangsang|2026-05-13 22:00:49
5193|355|Makimi|makimi|2026-05-13 21:56:45
4019|279|Tobelo Utara|tobelo-utara|2026-05-13 21:26:56
4333|303|Ruteng|ruteng|2026-05-13 21:34:55
2022|128|Kaliwungu|kaliwungu|2026-05-13 20:27:35
652|52|Ngawen|ngawen|2026-05-13 19:47:38
4440|313|Umbu Ratu Nggay Barat|umbu-ratu-nggay-barat|2026-05-13 21:38:03
564|45|Seberang Musi|seberang-musi|2026-05-13 19:44:29
2535|156|Patianrowo|patianrowo|2026-05-13 20:41:58
2486|154|Ngajum|ngajum|2026-05-13 20:40:35
2765|169|Bandung|bandung|2026-05-13 20:49:10
4886|340|Poga|poga|2026-05-13 21:48:50
2314|147|Arjasa|arjasa|2026-05-13 20:35:54
371|33|Rangkasbitung|rangkasbitung|2026-05-13 19:36:31
4119|289|Sakra|sakra|2026-05-13 21:29:29
1396|93|Sagalaherang|sagalaherang|2026-05-13 20:09:26
5378|365|Pangkalan Kerinci|pangkalan-kerinci|2026-05-13 22:01:34
6137|424|Baito|baito|2026-05-13 22:22:32
5362|364|Kuantan Hilir|kuantan-hilir|2026-05-13 22:01:09
2761|168|Soko|soko|2026-05-13 20:48:58
966|77|Telanaipura|telanaipura|2026-05-13 19:57:24
4725|334|Teluk Mayalibit|teluk-mayalibit|2026-05-13 21:45:02
5514|376|Luyo|luyo|2026-05-13 22:04:56
5860|402|Buko Selatan|buko-selatan|2026-05-13 22:14:26
4353|305|Elar Selatan|elar-selatan|2026-05-13 21:35:29
5357|364|Benai|benai|2026-05-13 22:01:00
7186|505|Adian Koting|adian-koting|2026-05-13 22:54:04
764|63|Botupingge|botupingge|2026-05-13 19:51:06
2444|152|Kare|kare|2026-05-13 20:39:29
2191|141|Sepulu|sepulu|2026-05-13 20:32:19
6232|431|Bilalang|bilalang|2026-05-13 22:25:11
5744|394|Galesong Utara|galesong-utara|2026-05-13 22:11:12
2667|163|Tambelangan|tambelangan|2026-05-13 20:45:49
2805|176|Gadingrejo|gadingrejo|2026-05-13 20:50:25
4057|284|Oba Utara|oba-utara|2026-05-13 21:27:52
7240|509|Medan Marelan|medan-marelan|2026-05-13 22:55:47
7057|497|Barumun|barumun|2026-05-13 22:49:30
1114|84|Campaka|campaka|2026-05-13 20:01:39
3303|218|Permata Kecubung|permata-kecubung|2026-05-13 21:06:43
3563|245|Temiang Pesisir|temiang-pesisir|2026-05-13 21:14:10
3220|210|Kapuas Timur|kapuas-timur|2026-05-13 21:04:09
1628|107|Kalibagor|kalibagor|2026-05-13 20:15:02
5682|388|Maros Baru|maros-baru|2026-05-13 22:09:30
6897|486|Baktiraja|baktiraja|2026-05-13 22:44:30
6538|457|Batipuh|batipuh|2026-05-13 22:33:28
2160|138|Ngaliyan|ngaliyan|2026-05-13 20:31:26
3690|253|Blambangan Pagar|blambangan-pagar|2026-05-13 21:17:46
3545|244|Palmatak|palmatak|2026-05-13 21:13:42
7204|506|Borbor|borbor|2026-05-13 22:54:40
2653|162|Tongas|tongas|2026-05-13 20:45:26
7174|504|Pasaribu Tobing|pasaribu-tobing|2026-05-13 22:53:43
4824|339|Hubikosi|hubikosi|2026-05-13 21:47:19
2918|183|Terentang|terentang|2026-05-13 20:53:30
1907|121|Srumbung|srumbung|2026-05-13 20:23:54
3268|214|Delang|delang|2026-05-13 21:05:38
1509|96|Sukarame|sukarame|2026-05-13 20:12:09
2708|166|Batuputih|batuputih|2026-05-13 20:47:04
617|49|Semidang Alas|semidang-alas|2026-05-13 19:46:21
1095|83|Cisaga|cisaga|2026-05-13 20:01:06
976|79|Baleendah|baleendah|2026-05-13 19:57:42
2962|187|Sejangkung|sejangkung|2026-05-13 20:55:25
6824|482|Aek Ledong|aek-ledong|2026-05-13 22:42:13
3920|272|Bula Barat|bula-barat|2026-05-13 21:24:29
1057|82|Ciomas|ciomas|2026-05-13 19:59:59
7258|511|Siantar Martoba|siantar-martoba|2026-05-13 22:56:18
1530|97|Cidadap|cidadap|2026-05-13 20:12:37
3935|273|Leitimur Selatan|leitimur-selatan|2026-05-13 21:24:52
1514|97|Andir|andir|2026-05-13 20:12:17
3448|232|Lumbis Pansiangan|lumbis-pansiangan|2026-05-13 21:10:58
901|72|Kumpeh|kumpeh|2026-05-13 19:55:20
2394|150|Glagah|glagah|2026-05-13 20:38:04
3552|245|Katang Bidare|katang-bidare|2026-05-13 21:13:53
6950|491|Besitang|besitang|2026-05-13 22:46:07
2465|153|Parang|parang|2026-05-13 20:40:03
3146|202|Kintap|kintap|2026-05-13 21:01:49
7106|501|Kotarih|kotarih|2026-05-13 22:51:19
5978|410|Pipikoro|pipikoro|2026-05-13 22:17:54
707|55|Tegalrejo|tegalrejo|2026-05-13 19:49:25
3628|250|Way Sulan|way-sulan|2026-05-13 21:15:58
3195|208|Teweh Baru|teweh-baru|2026-05-13 21:03:25
1211|86|Pameungpeuk|pameungpeuk|2026-05-13 20:04:27
3371|223|Sandaran|sandaran|2026-05-13 21:08:40
5610|383|Bontoramba|bontoramba|2026-05-13 22:07:30
292|24|Kuta|kuta|2026-05-13 19:33:15
2988|189|Belitang Hulu|belitang-hulu|2026-05-13 20:56:13
2770|169|Kalidawir|kalidawir|2026-05-13 20:49:19
1449|95|Buahdua|buahdua|2026-05-13 20:10:41
3335|221|Penyinggahan|penyinggahan|2026-05-13 21:07:39
3482|236|Simpang Teritip|simpang-teritip|2026-05-13 21:11:53
2154|138|Candisari|candisari|2026-05-13 20:31:16
1903|121|Salam|salam|2026-05-13 20:23:47
3337|221|Siluq Ngurai|siluq-ngurai|2026-05-13 21:07:42
7019|495|Idanotae|idanotae|2026-05-13 22:48:24
2935|185|Menukung|menukung|2026-05-13 20:54:29
6698|472|Kandis|kandis|2026-05-13 22:38:24
6400|445|Tomohon Tengah|tomohon-tengah|2026-05-13 22:30:01
3246|212|Pangkalan Lada|pangkalan-lada|2026-05-13 21:04:59
699|55|Gondomanan|gondomanan|2026-05-13 19:49:14
3043|194|Sungai Tabuk|sungai-tabuk|2026-05-13 20:58:29
2677|164|Prambon|prambon|2026-05-13 20:46:09
6076|420|Lambandia|lambandia|2026-05-13 22:20:42
3664|252|Labuhan Maringgai|labuhan-maringgai|2026-05-13 21:17:02
6765|476|Belitang Madang Raya|belitang-madang-raya|2026-05-13 22:40:32
4236|297|Nanaet Duabesi|nanaet-duabesi|2026-05-13 21:32:19
5906|406|Bumi Raya|bumi-raya|2026-05-13 22:15:46
2502|154|Wajak|wajak|2026-05-13 20:40:59
6823|482|Aek Kuasan|aek-kuasan|2026-05-13 22:42:11
4221|296|Pantar|pantar|2026-05-13 21:32:00
2468|153|Sidorejo|sidorejo|2026-05-13 20:40:08
4870|340|Karu|karu|2026-05-13 21:48:27
3311|220|Biatan|biatan|2026-05-13 21:06:58
1149|85|Ciwaringin|ciwaringin|2026-05-13 20:02:42
857|70|Air Hangat Barat|air-hangat-barat|2026-05-13 19:53:57
1358|92|Campaka|campaka|2026-05-13 20:08:31
7007|494|Moro'o|moroo|2026-05-13 22:48:01
3732|256|Way Krui|way-krui|2026-05-13 21:19:04
3020|193|Halong|halong|2026-05-13 20:57:31
6066|419|Samaturu|samaturu|2026-05-13 22:20:24
2083|132|Bejen|bejen|2026-05-13 20:29:17
6873|484|Tanah Pinem|tanah-pinem|2026-05-13 22:43:35
1890|121|Bandongan|bandongan|2026-05-13 20:23:21
3698|253|Sungkai Barat|sungkai-barat|2026-05-13 21:17:59
1127|84|Gekbrong|gekbrong|2026-05-13 20:02:01
2563|158|Donorojo|donorojo|2026-05-13 20:42:40
285|22|Sukamakmue|sukamakmue|2026-05-13 19:32:55
629|50|Singaran Pati|singaran-pati|2026-05-13 19:46:51
2092|132|Kranggan|kranggan|2026-05-13 20:29:32
4152|291|Orong Telu|orong-telu|2026-05-13 21:30:15
2866|180|Bunut Hulu|bunut-hulu|2026-05-13 20:51:57
3580|246|Subi|subi|2026-05-13 21:14:33
5245|357|Lambewi|lambewi|2026-05-13 21:57:56
4155|291|Ropang|ropang|2026-05-13 21:30:19
3301|218|Jelai|jelai|2026-05-13 21:06:39
3169|205|Banjarmasin Barat|banjarmasin-barat|2026-05-13 21:02:33
3218|210|Kapuas Murung|kapuas-murung|2026-05-13 21:04:05
2130|134|Kaliwiro|kaliwiro|2026-05-13 20:30:34
1444|94|Sukaraja|sukaraja|2026-05-13 20:10:33
4218|296|Kabola|kabola|2026-05-13 21:31:57
4982|344|Goyage|goyage|2026-05-13 21:51:15
4091|287|Kediri|kediri|2026-05-13 21:28:45
6449|449|Pangkalan Koto Baru|pangkalan-koto-baru|2026-05-13 22:31:12
6704|472|Pemulutan Selatan|pemulutan-selatan|2026-05-13 22:38:35
1979|125|Padamara|padamara|2026-05-13 20:26:02
5529|377|Tompo Bulu|tompo-bulu|2026-05-13 22:05:18
2065|131|Balapulang|balapulang|2026-05-13 20:28:47
6375|442|Aertembaga|aertembaga|2026-05-13 22:29:20
4896|341|Eragayam|eragayam|2026-05-13 21:49:06
3751|258|Kota Agung Barat|kota-agung-barat|2026-05-13 21:19:40
6443|449|Gunuang Omeh|gunuang-omeh|2026-05-13 22:31:03
5233|357|Beoga|beoga|2026-05-13 21:57:40
4753|335|Salawati|salawati|2026-05-13 21:45:42
6626|467|Muarapayang|muarapayang|2026-05-13 22:36:10
756|62|Mananggu|mananggu|2026-05-13 19:50:50
813|66|Marisa|marisa|2026-05-13 19:52:38
5406|367|Kepenuhan Hulu|kepenuhan-hulu|2026-05-13 22:02:16
3108|199|Pulau Laut Tanjung Selayar|pulau-laut-tanjung-selayar|2026-05-13 21:00:38
684|54|Kalasan|kalasan|2026-05-13 19:48:47
1026|81|Cibitung|cibitung|2026-05-13 19:59:06
5475|372|Tabang|tabang|2026-05-13 22:03:59
1259|88|Ciampel|ciampel|2026-05-13 20:05:48
3764|259|Banjar Margo|banjar-margo|2026-05-13 21:20:09
7148|502|Tanah Jawa|tanah-jawa|2026-05-13 22:52:39
3769|259|Menggala|menggala|2026-05-13 21:20:17
6841|482|Sei Kepayang Timur|sei-kepayang-timur|2026-05-13 22:42:41
2757|168|Rengel|rengel|2026-05-13 20:48:47
4310|301|Naga Wutung|naga-wutung|2026-05-13 21:34:20
1266|88|Jayakerta|jayakerta|2026-05-13 20:06:01
6848|483|Air Putih|air-putih|2026-05-13 22:42:52
37|3|Lhoong|lhoong|2026-05-13 19:19:58
5304|360|Pelangiran|pelangiran|2026-05-13 21:59:29
4888|340|Tiom Ollo|tiom-ollo|2026-05-13 21:48:53
421|35|Ciruas|ciruas|2026-05-13 19:38:22
4538|319|Skanto|skanto|2026-05-13 21:40:29
3061|195|Tamban|tamban|2026-05-13 20:59:05
6199|427|Sawerigadi|sawerigadi|2026-05-13 22:24:18
368|33|Malingping|malingping|2026-05-13 19:36:24
1900|121|Ngablak|ngablak|2026-05-13 20:23:42
5566|380|Bonto Tiro|bonto-tiro|2026-05-13 22:06:18
7004|494|Mandrehe|mandrehe|2026-05-13 22:47:55
4248|298|Kelimutu|kelimutu|2026-05-13 21:32:38
1475|96|Bantarkalong|bantarkalong|2026-05-13 20:11:22
5167|353|Biandoga|biandoga|2026-05-13 21:56:07
3574|246|Pulau Seluan|pulau-seluan|2026-05-13 21:14:25
331|30|Dawan|dawan|2026-05-13 19:34:53
594|48|Bermani Ulu|bermani-ulu|2026-05-13 19:45:28
6329|438|Tombulu|tombulu|2026-05-13 22:27:59
3836|265|Ambalau|ambalau|2026-05-13 21:22:08
38|3|Mesjid Raya|mesjid-raya|2026-05-13 19:20:02
6322|438|Lembean Timur|lembean-timur|2026-05-13 22:27:47
2185|141|Klampis|klampis|2026-05-13 20:32:09
4032|281|Morotai Jaya|morotai-jaya|2026-05-13 21:27:14
6479|451|Rao Utara|rao-utara|2026-05-13 22:31:55
6432|448|Siberut Barat|siberut-barat|2026-05-13 22:30:48
1688|110|Kemusu|kemusu|2026-05-13 20:16:57
4022|280|Mangoli Tengah|mangoli-tengah|2026-05-13 21:27:01
4648|331|Aranday|aranday|2026-05-13 21:43:22
6472|451|Lubuk Sikaping|lubuk-sikaping|2026-05-13 22:31:45
601|48|Curup Utara|curup-utara|2026-05-13 19:45:43
2325|147|Mayang|mayang|2026-05-13 20:36:08
4600|326|Bomberay|bomberay|2026-05-13 21:42:01
1185|86|Banyuresmi|banyuresmi|2026-05-13 20:03:45
6174|426|Bone|bone|2026-05-13 22:23:40
2213|142|Sempu|sempu|2026-05-13 20:32:52
997|79|Pacet|pacet|2026-05-13 19:58:16
3491|237|Tukak Sadai|tukak-sadai|2026-05-13 21:12:08
5629|385|Basse Sangtempe|basse-sangtempe|2026-05-13 22:08:01
654|52|Paliyan|paliyan|2026-05-13 19:47:42
2679|164|Sidoarjo|sidoarjo|2026-05-13 20:46:13
3486|237|Lepar Pongok|lepar-pongok|2026-05-13 21:12:00
4875|340|Lannyna|lannyna|2026-05-13 21:48:33
6134|424|Andoolo|andoolo|2026-05-13 22:22:26
2369|149|Kandangan|kandangan|2026-05-13 20:37:19
2624|161|Sambit|sambit|2026-05-13 20:44:36
3358|222|Tenggarong Seberang|tenggarong-seberang|2026-05-13 21:08:18
3840|265|Namrole|namrole|2026-05-13 21:22:16
3330|221|Melak|melak|2026-05-13 21:07:31
460|36|Rajeg|rajeg|2026-05-13 19:39:49
4909|342|Kenyam|kenyam|2026-05-13 21:49:26
3052|195|Cerbon|cerbon|2026-05-13 20:58:51
242|16|Sakti|sakti|2026-05-13 19:30:48
614|49|Seluma Selatan|seluma-selatan|2026-05-13 19:46:14
6089|421|Ngapa|ngapa|2026-05-13 22:21:04
877|71|Jangkat|jangkat|2026-05-13 19:54:37
632|51|Bambanglipuro|bambanglipuro|2026-05-13 19:47:00
4151|291|Moyo Utara|moyo-utara|2026-05-13 21:30:14
820|66|Taluditi|taluditi|2026-05-13 19:52:50
1839|118|Kaliwungu|kaliwungu|2026-05-13 20:21:45
2002|127|Kragan|kragan|2026-05-13 20:26:58
248|17|Bandar Dua|bandar-dua|2026-05-13 19:31:15
5846|401|Luwuk|luwuk|2026-05-13 22:13:59
4095|287|Lingsar|lingsar|2026-05-13 21:28:50
6799|480|Alang-Alang Lebar|alang-alang-lebar|2026-05-13 22:41:34
6119|422|Soropia|soropia|2026-05-13 22:21:57
355|33|Cijaku|cijaku|2026-05-13 19:35:54
727|58|Tanah Abang|tanah-abang|2026-05-13 19:49:58
4207|295|Polen|polen|2026-05-13 21:31:37
87|7|Kejuruan Muda|kejuruan-muda|2026-05-13 19:21:58
147|10|Simpang Ulim|simpang-ulim|2026-05-13 19:24:57
6703|472|Pemulutan Barat|pemulutan-barat|2026-05-13 22:38:33
2189|141|Labang|labang|2026-05-13 20:32:16
6195|427|Kusambi|kusambi|2026-05-13 22:24:12
6319|438|Langowan Selatan|langowan-selatan|2026-05-13 22:27:42
2029|128|Tuntang|tuntang|2026-05-13 20:27:47
4419|311|Kota Waikabubak|kota-waikabubak|2026-05-13 21:37:20
167|11|Samudera|samudera|2026-05-13 19:26:10
6578|463|Silungkang|silungkang|2026-05-13 22:34:34
5471|372|Pana|pana|2026-05-13 22:03:53
2804|176|Bugul Kidul|bugul-kidul|2026-05-13 20:50:24
3805|262|Kemiling|kemiling|2026-05-13 21:21:20
4813|338|Sorong Kota|sorong-kota|2026-05-13 21:47:04
1151|85|Dukupuntang|dukupuntang|2026-05-13 20:02:45
1481|96|Cikalong|cikalong|2026-05-13 20:11:31
2411|150|Solokuro|solokuro|2026-05-13 20:38:37
2353|148|Mojoagung|mojoagung|2026-05-13 20:36:52
1428|94|Kadudampit|kadudampit|2026-05-13 20:10:10
3221|210|Mandau Talawang|mandau-talawang|2026-05-13 21:04:10
3617|250|Ketapang|ketapang|2026-05-13 21:15:36
4612|326|Pariwari|pariwari|2026-05-13 21:42:19
5021|345|Hilipuk|hilipuk|2026-05-13 21:52:14
5994|412|Basidondo|basidondo|2026-05-13 22:18:24
4851|339|Welesi|welesi|2026-05-13 21:47:57
6157|424|Tinanggea|tinanggea|2026-05-13 22:23:08
2340|147|Tempurejo|tempurejo|2026-05-13 20:36:30
1806|116|Ngargoyoso|ngargoyoso|2026-05-13 20:20:38
1249|87|Patrol|patrol|2026-05-13 20:05:31
4320|302|Malaka Tengah|malaka-tengah|2026-05-13 21:34:35
6315|438|Kawangkoan Barat|kawangkoan-barat|2026-05-13 22:27:35
2692|165|Bungatan|bungatan|2026-05-13 20:46:38
495|39|Tangerang|tangerang|2026-05-13 19:41:02
3808|262|Panjang|panjang|2026-05-13 21:21:25
4287|300|Amfoang Barat Daya|amfoang-barat-daya|2026-05-13 21:33:45
6658|468|Ujan Mas|ujan-mas|2026-05-13 22:37:07
1925|122|Sukolilo|sukolilo|2026-05-13 20:24:27
5946|408|Torue|torue|2026-05-13 22:17:00
2453|153|Barat|barat|2026-05-13 20:39:44
5505|375|Sarudu|sarudu|2026-05-13 22:04:43
6243|431|Passi Barat|passi-barat|2026-05-13 22:25:31
1689|110|Klego|klego|2026-05-13 20:16:59
1777|115|Batealit|batealit|2026-05-13 20:19:49
7023|495|Luahagundre Maniamolo|luahagundre-maniamolo|2026-05-13 22:48:31
411|35|Anyar|anyar|2026-05-13 19:37:59
1896|121|Kaliangkrik|kaliangkrik|2026-05-13 20:23:35
5079|347|Joerat|joerat|2026-05-13 21:53:53
2585|159|Waru|waru|2026-05-13 20:43:22
6131|423|Wawonii Timur|wawonii-timur|2026-05-13 22:22:20
5815|398|Panakkukang|panakkukang|2026-05-13 22:13:07
6493|453|Airpura|airpura|2026-05-13 22:32:17
6887|485|Pancur Batu|pancur-batu|2026-05-13 22:44:04
4681|332|Wamesa|wamesa|2026-05-13 21:44:01
7145|502|Sidamanik|sidamanik|2026-05-13 22:52:32
4747|335|Malabotom|malabotom|2026-05-13 21:45:33
2767|169|Boyolangu|boyolangu|2026-05-13 20:49:13
5547|379|Kahu|kahu|2026-05-13 22:05:47
2451|152|Wonoasri|wonoasri|2026-05-13 20:39:40
591|47|Teras Terunjam|teras-terunjam|2026-05-13 19:45:22
560|45|Kebawetan|kebawetan|2026-05-13 19:44:22
5081|347|Kolf Braza|kolf-braza|2026-05-13 21:53:56
5725|392|Bulupoddo|bulupoddo|2026-05-13 22:10:41
6104|422|Besulutu|besulutu|2026-05-13 22:21:31
3824|263|Metro Timur|metro-timur|2026-05-13 21:21:48
4379|307|Soa|soa|2026-05-13 21:36:18
5604|382|Tompobullu|tompobullu|2026-05-13 22:07:20
7035|495|Simuk|simuk|2026-05-13 22:48:52
4677|332|Roswar|roswar|2026-05-13 21:43:56
6270|435|Manganitu Selatan|manganitu-selatan|2026-05-13 22:26:22
765|63|Bulango Selatan|bulango-selatan|2026-05-13 19:51:07
5098|348|Fofi|fofi|2026-05-13 21:54:20
6423|447|Padang Laweh|padang-laweh|2026-05-13 22:30:35
2013|128|Ambarawa|ambarawa|2026-05-13 20:27:22
1799|116|Jumapolo|jumapolo|2026-05-13 20:20:26
4766|336|Kais Darat|kais-darat|2026-05-13 21:46:01
5171|353|Tomosiga|tomosiga|2026-05-13 21:56:14
5014|345|Anggruk|anggruk|2026-05-13 21:52:05
3687|253|Abung Tengah|abung-tengah|2026-05-13 21:17:41
6802|480|Ilir Barat I|ilir-barat-i|2026-05-13 22:41:38
6006|413|Palu Timur|palu-timur|2026-05-13 22:18:44
4386|308|Rote Barat|rote-barat|2026-05-13 21:36:29
5638|385|Larompong|larompong|2026-05-13 22:08:16
3981|276|Obi Utara|obi-utara|2026-05-13 21:26:01
3042|194|Sungai Pinang|sungai-pinang|2026-05-13 20:58:27
6460|450|Nan Sabaris|nan-sabaris|2026-05-13 22:31:28
1207|86|Limbangan|limbangan|2026-05-13 20:04:21
3194|208|Montallat|montallat|2026-05-13 21:03:24
3568|246|Bunguran Timur|bunguran-timur|2026-05-13 21:14:17
5671|387|Seko|seko|2026-05-13 22:09:12
2137|134|Selomerto|selomerto|2026-05-13 20:30:47
182|12|Pintu Rime Gayo|pintu-rime-gayo|2026-05-13 19:27:11
5464|372|Bambang|bambang|2026-05-13 22:03:42
1234|87|Gantar|gantar|2026-05-13 20:05:07
907|72|Sungai Gelam|sungai-gelam|2026-05-13 19:55:32
6791|478|Lubuk Linggau Timur Ii|lubuk-linggau-timur-ii|2026-05-13 22:41:20
384|34|Cikedal|cikedal|2026-05-13 19:37:02
3101|199|Kelumpang Utara|kelumpang-utara|2026-05-13 21:00:28
1084|82|Tenjolaya|tenjolaya|2026-05-13 20:00:45
3242|212|Arut Utara|arut-utara|2026-05-13 21:04:51
4350|305|Borong|borong|2026-05-13 21:35:24
6281|435|Tatoareng|tatoareng|2026-05-13 22:26:41
4721|334|Salawati Barat|salawati-barat|2026-05-13 21:44:57
3502|239|Tanjung Pandan|tanjung-pandan|2026-05-13 21:12:29
4481|315|Miomafo Barat|miomafo-barat|2026-05-13 21:39:03
4004|279|Galela Barat|galela-barat|2026-05-13 21:26:34
1345|91|Cigugur|cigugur|2026-05-13 20:08:12
2246|144|Bubulan|bubulan|2026-05-13 20:33:46
2471|154|Ampelgading|ampelgading|2026-05-13 20:40:13
6335|438|Tondano Utara|tondano-utara|2026-05-13 22:28:08
4430|312|Loura|loura|2026-05-13 21:37:42
6414|446|Pelembayan|pelembayan|2026-05-13 22:30:22
3272|215|Barito Tuhup Raya|barito-tuhup-raya|2026-05-13 21:05:45
4154|291|Rhee|rhee|2026-05-13 21:30:18
5511|376|Bulo|bulo|2026-05-13 22:04:52
6172|426|Batalaiwaru|batalaiwaru|2026-05-13 22:23:38
6337|439|Amurang Barat|amurang-barat|2026-05-13 22:28:12
4840|339|Silo Karno Doga|silo-karno-doga|2026-05-13 21:47:43
389|34|Cisata|cisata|2026-05-13 19:37:13
4981|344|Gilubandu|gilubandu|2026-05-13 21:51:13
2315|147|Balung|balung|2026-05-13 20:35:55
5239|357|Erelmakawia|erelmakawia|2026-05-13 21:57:48
659|52|Purwosari|purwosari|2026-05-13 19:47:53
496|40|Ciputat|ciputat|2026-05-13 19:41:52
1303|89|Japara|japara|2026-05-13 20:07:02
4675|332|Rasiei|rasiei|2026-05-13 21:43:53
1363|92|Maniis|maniis|2026-05-13 20:08:38
982|79|Cilengkrang|cilengkrang|2026-05-13 19:57:52
6088|421|Lasusua|lasusua|2026-05-13 22:21:03
2043|129|Plupuh|plupuh|2026-05-13 20:28:09
1858|119|Delanggu|delanggu|2026-05-13 20:22:22
2915|183|Sungai Kakap|sungai-kakap|2026-05-13 20:53:24
2676|164|Porong|porong|2026-05-13 20:46:07
7013|495|Fanayama|fanayama|2026-05-13 22:48:12
2276|145|Grujugan|grujugan|2026-05-13 20:34:38
3653|251|Terusan Nunyai|terusan-nunyai|2026-05-13 21:16:43
4359|305|Poco Ranaka Timur|poco-ranaka-timur|2026-05-13 21:35:39
582|47|Ipuh|ipuh|2026-05-13 19:45:03
1074|82|Parung Panjang|parung-panjang|2026-05-13 20:00:29
5798|397|Majauleng|majauleng|2026-05-13 22:12:36
525|43|Air Besi|air-besi|2026-05-13 19:43:06
2333|147|Silo|silo|2026-05-13 20:36:20
4149|291|Moyo Hilir|moyo-hilir|2026-05-13 21:30:11
5837|401|Balantak Selatan|balantak-selatan|2026-05-13 22:13:42
3668|252|Mataram Baru|mataram-baru|2026-05-13 21:17:09
5427|368|Sabak Auh|sabak-auh|2026-05-13 22:02:46
432|35|Pamarayan|pamarayan|2026-05-13 19:38:47
5949|409|Lore Piore|lore-piore|2026-05-13 22:17:06
3456|232|Sebuku|sebuku|2026-05-13 21:11:09
5094|348|Ambatkwi|ambatkwi|2026-05-13 21:54:15
6769|476|Buay Pemuka Bangsa Raja|buay-pemuka-bangsa-raja|2026-05-13 22:40:41
7110|501|Sei Bamban|sei-bamban|2026-05-13 22:51:27
474|37|Jombang|jombang|2026-05-13 19:40:18
4316|302|Kobalima|kobalima|2026-05-13 21:34:29
2520|155|Trawas|trawas|2026-05-13 20:41:32
1362|92|Kiarapedes|kiarapedes|2026-05-13 20:08:36
2286|145|Taman Krocok|taman-krocok|2026-05-13 20:34:54
1669|109|Jati|jati|2026-05-13 20:16:21
5095|348|Arimop|arimop|2026-05-13 21:54:16
6264|434|Kaidipang|kaidipang|2026-05-13 22:26:11
4135|290|Tanjung|tanjung|2026-05-13 21:29:54
2379|149|Pagu|pagu|2026-05-13 20:37:36
6153|424|Palangga Selatan|palangga-selatan|2026-05-13 22:23:02
550|44|Lungkang Kule|lungkang-kule|2026-05-13 19:44:01
214|15|Beutong|beutong|2026-05-13 19:29:07
7024|495|Maniamolo|maniamolo|2026-05-13 22:48:33
5433|369|Dumai Barat|dumai-barat|2026-05-13 22:02:55
682|54|Gamping|gamping|2026-05-13 19:48:43
4523|318|Nimboran|nimboran|2026-05-13 21:40:08
1612|106|Pandanarum|pandanarum|2026-05-13 20:14:35
930|74|Tebing Tinggi|tebing-tinggi|2026-05-13 19:56:24
5048|345|Soba|soba|2026-05-13 21:52:53
768|63|Bulango Utara|bulango-utara|2026-05-13 19:51:12
3606|249|Pagar Dewa|pagar-dewa|2026-05-13 21:15:15
4021|280|Mangoli Selatan|mangoli-selatan|2026-05-13 21:27:00
1763|114|Karangrayung|karangrayung|2026-05-13 20:19:22
5635|385|Kamanre|kamanre|2026-05-13 22:08:10
1117|84|Cibeber|cibeber|2026-05-13 20:01:43
1511|96|Sukaresik|sukaresik|2026-05-13 20:12:12
2399|150|Kembangbahu|kembangbahu|2026-05-13 20:38:17
5300|360|Kemuning|kemuning|2026-05-13 21:59:23
2992|189|Sekadau Hulu|sekadau-hulu|2026-05-13 20:56:21
4439|313|Umbu Ratu Nggay|umbu-ratu-nggay|2026-05-13 21:38:01
6865|484|Sidikalang|sidikalang|2026-05-13 22:43:21
1129|84|Kadupandak|kadupandak|2026-05-13 20:02:06
1245|87|Lelea|lelea|2026-05-13 20:05:25
4954|343|Okbibab|okbibab|2026-05-13 21:50:35
4279|299|Wotan Ulumando|wotan-ulumando|2026-05-13 21:33:34
6880|485|Gunung Meriah|gunung-meriah|2026-05-13 22:43:50
970|78|Pesisir Bukit|pesisir-bukit|2026-05-13 19:57:30
4364|306|Boawae|boawae|2026-05-13 21:35:48
472|37|Ciwandan|ciwandan|2026-05-13 19:40:15
3531|243|Kundur|kundur|2026-05-13 21:13:22
3016|192|Singkawang Timur|singkawang-timur|2026-05-13 20:57:21
3607|249|Sekincau|sekincau|2026-05-13 21:15:17
6286|436|Siau Tengah|siau-tengah|2026-05-13 22:26:49
246|16|Titeue|titeue|2026-05-13 19:31:06
5911|406|Bungku Timur|bungku-timur|2026-05-13 22:15:56
3966|276|Kasiruta Barat|kasiruta-barat|2026-05-13 21:25:42
2546|157|Karanganyar|karanganyar|2026-05-13 20:42:14
1568|101|Cimahi Utara|cimahi-utara|2026-05-13 20:13:30
5852|401|Moilong|moilong|2026-05-13 22:14:08
4866|340|Goa Balim|goa-balim|2026-05-13 21:48:20
730|59|Kebayoran Baru|kebayoran-baru|2026-05-13 19:50:04
6517|455|Danau Kembar|danau-kembar|2026-05-13 22:33:00
3032|194|Karang Intan|karang-intan|2026-05-13 20:58:01
1835|118|Boja|boja|2026-05-13 20:21:37
57|5|Kluet Tengah|kluet-tengah|2026-05-13 19:20:50
6425|447|Sembilan Koto|sembilan-koto|2026-05-13 22:30:38
3575|246|Pulau Tiga|pulau-tiga|2026-05-13 21:14:26
256|18|Salang|salang|2026-05-13 19:31:43
3014|192|Singkawang Selatan|singkawang-selatan|2026-05-13 20:57:18
6542|457|Padang Ganting|padang-ganting|2026-05-13 22:33:33
6877|485|Beringin|beringin|2026-05-13 22:43:44
356|33|Cikulur|cikulur|2026-05-13 19:35:56
3612|250|Bakauheni|bakauheni|2026-05-13 21:15:26
4140|291|Empang|empang|2026-05-13 21:30:01
1231|87|Cantigi|cantigi|2026-05-13 20:05:00
5637|385|Lamasi Timur|lamasi-timur|2026-05-13 22:08:14
489|39|Karang Tengah|karang-tengah|2026-05-13 19:40:50
2405|150|Ngimbang|ngimbang|2026-05-13 20:38:27
4846|339|Wadangku|wadangku|2026-05-13 21:47:51
3391|225|Tanjung Harapan|tanjung-harapan|2026-05-13 21:09:20
643|51|Pleret|pleret|2026-05-13 19:47:20
5517|376|Matangnga|matangnga|2026-05-13 22:05:01
4432|312|Wewewa Selatan|wewewa-selatan|2026-05-13 21:37:46
1097|83|Kawali|kawali|2026-05-13 20:01:10
4679|332|Soug Jaya|soug-jaya|2026-05-13 21:43:58
6933|489|Kampung Rakyat|kampung-rakyat|2026-05-13 22:45:38
3714|255|Negeri Katon|negeri-katon|2026-05-13 21:18:32
4073|285|Sanggar|sanggar|2026-05-13 21:28:17
383|34|Cigeulis|cigeulis|2026-05-13 19:37:00
5885|404|Momunu|momunu|2026-05-13 22:15:10
6252|432|Posigadan|posigadan|2026-05-13 22:25:48
4496|317|Biak Barat|biak-barat|2026-05-13 21:39:26
3217|210|Kapuas Kuala|kapuas-kuala|2026-05-13 21:04:03
1236|87|Indramayu|indramayu|2026-05-13 20:05:10
2197|142|Banyuwangi|banyuwangi|2026-05-13 20:32:31
4542|319|Yaffi|yaffi|2026-05-13 21:40:37
1099|83|Lumbung|lumbung|2026-05-13 20:01:13
5756|395|Gandangbatu Sillanan|gandangbatu-sillanan|2026-05-13 22:11:31
2698|165|Mlandingan|mlandingan|2026-05-13 20:46:48
2894|182|Jelai Hulu|jelai-hulu|2026-05-13 20:52:45
273|19|Ulee Kareng|ulee-kareng|2026-05-13 19:32:25
1543|97|Ujungberung|ujungberung|2026-05-13 20:12:53
4996|344|Nunggawi|nunggawi|2026-05-13 21:51:36
4552|320|Teluk Ampimoi|teluk-ampimoi|2026-05-13 21:40:51
5609|383|Binamu|binamu|2026-05-13 22:07:28
4168|293|Asakota|asakota|2026-05-13 21:30:38
3989|277|Weda Selatan|weda-selatan|2026-05-13 21:26:12
5396|366|Rimba Melintang|rimba-melintang|2026-05-13 22:02:02
4917|342|Mbulmu Yalma|mbulmu-yalma|2026-05-13 21:49:37
4283|300|Amarasi|amarasi|2026-05-13 21:33:40
7227|508|Gunungsitoli Utara|gunungsitoli-utara|2026-05-13 22:55:27
6096|421|Tolala|tolala|2026-05-13 22:21:18
995|79|Margahayu|margahayu|2026-05-13 19:58:12
5522|376|Wonomulyo|wonomulyo|2026-05-13 22:05:08
5408|367|Pagaran Tapah Darussalam|pagaran-tapah-darussalam|2026-05-13 22:02:19
3686|253|Abung Surakarta|abung-surakarta|2026-05-13 21:17:40
3798|261|Rebang Tangkas|rebang-tangkas|2026-05-13 21:21:09
5161|352|Mapia|mapia|2026-05-13 21:55:59
6151|424|Mowila|mowila|2026-05-13 22:22:58
6328|438|Tombariri Timur|tombariri-timur|2026-05-13 22:27:57
3526|242|Toapaya|toapaya|2026-05-13 21:13:14
1440|94|Sagaranten|sagaranten|2026-05-13 20:10:27
2547|157|Karangjati|karangjati|2026-05-13 20:42:15
5115|349|Bamgi|bamgi|2026-05-13 21:54:50
6668|469|Plakat Tinggi|plakat-tinggi|2026-05-13 22:37:27
5992|411|Walea Kepulauan|walea-kepulauan|2026-05-13 22:18:20
6273|435|Tabukan Selatan Tengah|tabukan-selatan-tengah|2026-05-13 22:26:27
3532|243|Kundur Barat|kundur-barat|2026-05-13 21:13:24
2374|149|Kunjang|kunjang|2026-05-13 20:37:27
5617|384|Bontoharu|bontoharu|2026-05-13 22:07:41
4730|334|Waigeo Timur|waigeo-timur|2026-05-13 21:45:09
2783|169|Tulungagung|tulungagung|2026-05-13 20:49:43
2867|180|Embaloh Hilir|embaloh-hilir|2026-05-13 20:51:59
299|25|Susut|susut|2026-05-13 19:33:33
4062|285|Ambalawi|ambalawi|2026-05-13 21:28:01
1493|96|Leuwisari|leuwisari|2026-05-13 20:11:48
6975|492|Lingga Bayu|lingga-bayu|2026-05-13 22:46:55
20|2|Susoh|susoh|2026-05-13 19:19:07
4402|310|Doreng|doreng|2026-05-13 21:36:54
1961|124|Taman|taman|2026-05-13 20:25:31
3685|253|Abung Semuli|abung-semuli|2026-05-13 21:17:38
120|9|Lawe Sigala-Gala|lawe-sigala-gala|2026-05-13 19:23:32
4959|343|Oksibil|oksibil|2026-05-13 21:50:41
6615|467|Jarai|jarai|2026-05-13 22:35:47
327|29|Rendang|rendang|2026-05-13 19:34:42
2580|159|Pamekasan|pamekasan|2026-05-13 20:43:11
6730|474|Baturaja Timur|baturaja-timur|2026-05-13 22:39:28
4963|343|Serambakon|serambakon|2026-05-13 21:50:46
4769|336|Konda|konda|2026-05-13 21:46:06
4640|330|Catubouw|catubouw|2026-05-13 21:43:06
1373|93|Blanakan|blanakan|2026-05-13 20:08:53
2700|165|Panji|panji|2026-05-13 20:46:50
2657|163|Jrengik|jrengik|2026-05-13 20:45:33
7268|513|Datuk Bandar Timur|datuk-bandar-timur|2026-05-13 22:56:33
4532|319|Arso|arso|2026-05-13 21:40:21
510|41|Pino|pino|2026-05-13 19:42:28
1301|89|Hantara|hantara|2026-05-13 20:06:58
6742|475|Banding Agung|banding-agung|2026-05-13 22:39:48
4911|342|Kora|kora|2026-05-13 21:49:28
5667|387|Masamba|masamba|2026-05-13 22:09:05
6796|479|Dempo Utara|dempo-utara|2026-05-13 22:41:28
2279|145|Maesan|maesan|2026-05-13 20:34:43
3497|238|Sungai Selan|sungai-selan|2026-05-13 21:12:20
4719|334|Misool Selatan|misool-selatan|2026-05-13 21:44:55
2961|187|Sebawi|sebawi|2026-05-13 20:55:24
3477|235|Sungailiat|sungailiat|2026-05-13 21:11:44
1621|106|Wanayasa|wanayasa|2026-05-13 20:14:49
5689|389|Balocci|balocci|2026-05-13 22:09:41
1849|118|Plantungan|plantungan|2026-05-13 20:22:03
1205|86|Leles|leles|2026-05-13 20:04:18
1052|82|Cibungbulang|cibungbulang|2026-05-13 19:59:50
2044|129|Sambirejo|sambirejo|2026-05-13 20:28:11
2046|129|Sidoharjo|sidoharjo|2026-05-13 20:28:14
6381|442|Matuari|matuari|2026-05-13 22:29:29
2913|183|Rasau Jaya|rasau-jaya|2026-05-13 20:53:20
4161|292|Brang Rea|brang-rea|2026-05-13 21:30:28
212|14|Terangun|terangun|2026-05-13 19:29:01
5426|368|Pusako|pusako|2026-05-13 22:02:45
4716|334|Meos Mansar|meos-mansar|2026-05-13 21:44:51
1515|97|Antapani|antapani|2026-05-13 20:12:19
4302|300|Sulamu|sulamu|2026-05-13 21:34:06
951|76|Tebo Tengah|tebo-tengah|2026-05-13 19:57:01
6183|426|Maligano|maligano|2026-05-13 22:23:54
3915|271|Kepulauan Manipa|kepulauan-manipa|2026-05-13 21:24:21
834|68|Maro Sebo Ulu|maro-sebo-ulu|2026-05-13 19:53:16
455|36|Mekar Baru|mekar-baru|2026-05-13 19:39:38
631|50|Teluk Segara|teluk-segara|2026-05-13 19:46:55
4454|314|Ngadu Ngala|ngadu-ngala|2026-05-13 21:38:25
5937|408|Parigi Utara|parigi-utara|2026-05-13 22:16:44
2798|174|Klojen|klojen|2026-05-13 20:50:13
5693|389|Liukang Tangaya|liukang-tangaya|2026-05-13 22:09:47
5186|354|Mimika Baru|mimika-baru|2026-05-13 21:56:35
7165|503|Tano Tombangan Angkola|tano-tombangan-angkola|2026-05-13 22:53:23
1197|86|Cisewu|cisewu|2026-05-13 20:04:04
1247|87|Losarang|losarang|2026-05-13 20:05:28
6904|486|Pollung|pollung|2026-05-13 22:44:44
74|6|Kota Baharu|kota-baharu|2026-05-13 19:21:30
1914|122|Gabus|gabus|2026-05-13 20:24:06
7127|502|Dolok Silau|dolok-silau|2026-05-13 22:51:59
2361|148|Sumobito|sumobito|2026-05-13 20:37:06
5826|399|Telluwanua|telluwanua|2026-05-13 22:13:24
3823|263|Metro Selatan|metro-selatan|2026-05-13 21:21:47
1135|84|Pagelaran|pagelaran|2026-05-13 20:02:17
6918|487|Naman Teran|naman-teran|2026-05-13 22:45:10
2263|144|Purwosari|purwosari|2026-05-13 20:34:13
535|43|Kota Arga Makmur|kota-arga-makmur|2026-05-13 19:43:29
590|47|Teramang Jaya|teramang-jaya|2026-05-13 19:45:19
3310|220|Batu Putih|batu-putih|2026-05-13 21:06:56
4821|339|Bpiri|bpiri|2026-05-13 21:47:15
7056|497|Aek Nabara Barumun|aek-nabara-barumun|2026-05-13 22:49:28
377|34|Banjar|banjar|2026-05-13 19:36:46
3384|225|Kuaro|kuaro|2026-05-13 21:09:05
913|73|Limun|limun|2026-05-13 19:55:47
5484|373|Papalang|papalang|2026-05-13 22:04:13
2392|150|Brondong|brondong|2026-05-13 20:38:00
5739|393|Lilirilau|lilirilau|2026-05-13 22:11:02
5878|404|Biau|biau|2026-05-13 22:14:59
6359|440|Silian Raya|silian-raya|2026-05-13 22:28:50
2661|163|Omben|omben|2026-05-13 20:45:40
792|64|Talaga Jaya|talaga-jaya|2026-05-13 19:51:59
5478|372|Tawalian|tawalian|2026-05-13 22:04:03
3103|199|Pamukan Selatan|pamukan-selatan|2026-05-13 21:00:31
4585|324|Kirihi|kirihi|2026-05-13 21:41:38
1707|111|Jatibarang|jatibarang|2026-05-13 20:17:33
4223|296|Pantar Baru Laut|pantar-baru-laut|2026-05-13 21:32:03
5498|375|Bulu Taba|bulu-taba|2026-05-13 22:04:34
6965|491|Sirapit|sirapit|2026-05-13 22:46:33
2753|168|Montong|montong|2026-05-13 20:48:35
3237|211|Pulau Malan|pulau-malan|2026-05-13 21:04:41
6331|438|Tompaso Barat|tompaso-barat|2026-05-13 22:28:02
6597|465|Sembawa|sembawa|2026-05-13 22:35:11
3114|199|Pulaulaut Utara|pulaulaut-utara|2026-05-13 21:00:48
958|77|Danau Teluk|danau-teluk|2026-05-13 19:57:13
2781|169|Sumbergempol|sumbergempol|2026-05-13 20:49:40
2422|151|Kunir|kunir|2026-05-13 20:38:56
2803|175|Prajuritkulon|prajuritkulon|2026-05-13 20:50:22
726|58|Senen|senen|2026-05-13 19:49:56
3118|200|Bintang Ara|bintang-ara|2026-05-13 21:00:58
4352|305|Elar|elar|2026-05-13 21:35:28
2887|181|Simpang Hilir|simpang-hilir|2026-05-13 20:52:32
3226|210|Tamban Catur|tamban-catur|2026-05-13 21:04:21
5315|361|Batang Peranap|batang-peranap|2026-05-13 21:59:50
4495|317|Andey|andey|2026-05-13 21:39:25
3578|246|Serasan Timur|serasan-timur|2026-05-13 21:14:30
1790|115|Tahunan|tahunan|2026-05-13 20:20:10
29|3|Kota Cot Glie|kota-cot-glie|2026-05-13 19:19:39
4622|327|Yamor|yamor|2026-05-13 21:42:34
2654|162|Wonomerto|wonomerto|2026-05-13 20:45:27
5979|410|Sigi Biromaru|sigi-biromaru|2026-05-13 22:17:56
170|11|Simpang Kramat|simpang-kramat|2026-05-13 19:26:24
695|54|Turi|turi|2026-05-13 19:49:07
4456|314|Paberiwai|paberiwai|2026-05-13 21:38:28
4467|315|Biboki Selatan|biboki-selatan|2026-05-13 21:38:43
1369|92|Sukatani|sukatani|2026-05-13 20:08:46
6215|429|Bungi|bungi|2026-05-13 22:24:45
6402|445|Tomohon Utara|tomohon-utara|2026-05-13 22:30:04
1261|88|Cikampek|cikampek|2026-05-13 20:05:51
5338|362|Kuok|kuok|2026-05-13 22:00:30
3036|194|Martapura Timur|martapura-timur|2026-05-13 20:58:13
7039|495|Teluk Dalam|teluk-dalam|2026-05-13 22:48:58
7155|503|Angkola Selatan|angkola-selatan|2026-05-13 22:52:56
82|6|Suro Makmur|suro-makmur|2026-05-13 19:21:44
4830|339|Maima|maima|2026-05-13 21:47:28
4290|300|Amfoang Tengah|amfoang-tengah|2026-05-13 21:33:49
5420|368|Kandis|kandis|2026-05-13 22:02:37
139|10|Peunaron|peunaron|2026-05-13 19:24:36
5022|345|Hogio|hogio|2026-05-13 21:52:15
1709|111|Ketanggungan|ketanggungan|2026-05-13 20:17:37
340|31|Salamadeg Timur|salamadeg-timur|2026-05-13 19:35:16
2511|155|Kemlagi|kemlagi|2026-05-13 20:41:15
5173|353|Wandai|wandai|2026-05-13 21:56:17
7184|504|Tapian Nauli|tapian-nauli|2026-05-13 22:53:59
4273|299|Solor Barat|solor-barat|2026-05-13 21:33:24
622|49|Ulu Talo|ulu-talo|2026-05-13 19:46:36
100|8|Jagong Jeget|jagong-jeget|2026-05-13 19:22:29
6571|462|Lamposi Tigo Nagori|lamposi-tigo-nagori|2026-05-13 22:34:22
2249|144|Gondang|gondang|2026-05-13 20:33:50
4509|317|Swandiwe|swandiwe|2026-05-13 21:39:48
5084|347|Pantai Kasuari|pantai-kasuari|2026-05-13 21:54:00
5751|394|Polombangkeng Utara|polombangkeng-utara|2026-05-13 22:11:22
2161|138|Pedurungan|pedurungan|2026-05-13 20:31:27
6469|450|Vii Koto Sungai Sarik|vii-koto-sungai-sarik|2026-05-13 22:31:40
2463|153|Nguntoronadi|nguntoronadi|2026-05-13 20:40:00
1769|114|Pulokulon|pulokulon|2026-05-13 20:19:34
6077|420|Loea|loea|2026-05-13 22:20:44
3682|253|Abung Kunang|abung-kunang|2026-05-13 21:17:33
6229|430|Poasia|poasia|2026-05-13 22:25:06
3138|201|Simpang Empat|simpang-empat|2026-05-13 21:01:34
1643|107|Sokaraja|sokaraja|2026-05-13 20:15:26
2909|182|Tumbang Titi|tumbang-titi|2026-05-13 20:53:12
1455|95|Conggeang|conggeang|2026-05-13 20:10:52
4521|318|Nambluong|nambluong|2026-05-13 21:40:05
5654|386|Nuha|nuha|2026-05-13 22:08:42
4968|344|Anawi|anawi|2026-05-13 21:50:54
2146|136|Pekalongan Selatan|pekalongan-selatan|2026-05-13 20:31:04
1133|84|Naringgul|naringgul|2026-05-13 20:02:13
149|11|Baktiya|baktiya|2026-05-13 19:25:03
4979|344|Geya|geya|2026-05-13 21:51:11
2087|132|Jumo|jumo|2026-05-13 20:29:24
151|11|Banda Baro|banda-baro|2026-05-13 19:25:14
6660|469|Babat Toman|babat-toman|2026-05-13 22:37:11
2861|180|Badau|badau|2026-05-13 20:51:49
4861|340|Bruwa|bruwa|2026-05-13 21:48:12
2697|165|Mangaran|mangaran|2026-05-13 20:46:46
195|13|Pandrah|pandrah|2026-05-13 19:28:04
4461|314|Tabundung|tabundung|2026-05-13 21:38:34
7260|511|Siantar Sitalasari|siantar-sitalasari|2026-05-13 22:56:21
816|66|Popayato|popayato|2026-05-13 19:52:43
4728|334|Waigeo Barat Kepulauan|waigeo-barat-kepulauan|2026-05-13 21:45:06
3198|208|Teweh Timur|teweh-timur|2026-05-13 21:03:30
4361|305|Sambi Rampas|sambi-rampas|2026-05-13 21:35:43
6327|438|Tombariri|tombariri|2026-05-13 22:27:55
3140|201|Teluk Kepayang|teluk-kepayang|2026-05-13 21:01:37
4173|294|Ampenan|ampenan|2026-05-13 21:30:46
2591|160|Kejayan|kejayan|2026-05-13 20:43:34
2594|160|Lumbang|lumbang|2026-05-13 20:43:41
621|49|Talo Kecil|talo-kecil|2026-05-13 19:46:34
2843|178|Wonokromo|wonokromo|2026-05-13 20:51:18
2203|142|Glagah|glagah|2026-05-13 20:32:38
4906|342|Inikgal|inikgal|2026-05-13 21:49:21
543|43|Ulok Kupai|ulok-kupai|2026-05-13 19:43:46
6482|452|Gunungtuleh|gunungtuleh|2026-05-13 22:31:59
2115|133|Ngadirojo|ngadirojo|2026-05-13 20:30:09
1644|107|Somagede|somagede|2026-05-13 20:15:28
5772|395|Simbuang|simbuang|2026-05-13 22:11:54
1054|82|Cigudeg|cigudeg|2026-05-13 19:59:54
238|16|Mutiara Timur|mutiara-timur|2026-05-13 19:30:25
3792|261|Gunung Labuhan|gunung-labuhan|2026-05-13 21:20:57
2864|180|Boyan Tanjung|boyan-tanjung|2026-05-13 20:51:53
3573|246|Pulau Panjang|pulau-panjang|2026-05-13 21:14:24
2430|151|Rowokangkung|rowokangkung|2026-05-13 20:39:07
1712|111|Paguyangan|paguyangan|2026-05-13 20:17:43
6735|474|Muara Jaya|muara-jaya|2026-05-13 22:39:36
7|1|Panton Reu|panton-reu|2026-05-13 19:18:28
3304|218|Sukamara|sukamara|2026-05-13 21:06:44
904|72|Mestong|mestong|2026-05-13 19:55:26
1229|87|Bangodua|bangodua|2026-05-13 20:04:57
1609|106|Mandiraja|mandiraja|2026-05-13 20:14:29
3168|204|Liang Anggang|liang-anggang|2026-05-13 21:02:31
5874|403|Banggai Utara|banggai-utara|2026-05-13 22:14:51
3596|248|Tanjung Pinang Timur|tanjung-pinang-timur|2026-05-13 21:14:57
1218|86|Singajaya|singajaya|2026-05-13 20:04:38
542|43|Tanjung Agung Palik|tanjung-agung-palik|2026-05-13 19:43:44
5403|367|Bonai Darussalam|bonai-darussalam|2026-05-13 22:02:12
3930|272|Teor|teor|2026-05-13 21:24:44
5692|389|Liukang Kalmas|liukang-kalmas|2026-05-13 22:09:45
6690|471|Nibung|nibung|2026-05-13 22:38:09
2656|163|Camplong|camplong|2026-05-13 20:45:32
1104|83|Purwadadi|purwadadi|2026-05-13 20:01:21
797|64|Tolangohula|tolangohula|2026-05-13 19:52:07
5543|379|Bontocani|bontocani|2026-05-13 22:05:41
6112|422|Morosi|morosi|2026-05-13 22:21:45
7091|499|Sitelu Tali Urang Julu|sitelu-tali-urang-julu|2026-05-13 22:50:49
4276|299|Tanjung Bunga|tanjung-bunga|2026-05-13 21:33:29
1480|96|Cigalontang|cigalontang|2026-05-13 20:11:29
3291|217|Danau Seluluk|danau-seluluk|2026-05-13 21:06:22
5461|371|Ulumanda|ulumanda|2026-05-13 22:03:37
2063|130|Weru|weru|2026-05-13 20:28:42
1162|85|Kedawung|kedawung|2026-05-13 20:03:04
2736|167|Karangan|karangan|2026-05-13 20:47:56
2356|148|Ngusikan|ngusikan|2026-05-13 20:36:58
6874|484|Tigalingga|tigalingga|2026-05-13 22:43:37
677|53|Temon|temon|2026-05-13 19:48:32
2476|154|Donomulyo|donomulyo|2026-05-13 20:40:21
4293|300|Fatuleu|fatuleu|2026-05-13 21:33:52
2840|178|Tenggilis Mejoyo|tenggilis-mejoyo|2026-05-13 20:51:15
5586|381|Masalle|masalle|2026-05-13 22:06:51
845|69|Jujuhan Ilir|jujuhan-ilir|2026-05-13 19:53:38
1851|118|Rowosari|rowosari|2026-05-13 20:22:06
745|60|Matraman|matraman|2026-05-13 19:50:31
7180|504|Sorkam|sorkam|2026-05-13 22:53:52
6940|490|Kualuh Hilir|kualuh-hilir|2026-05-13 22:45:50
6527|455|Tigo Lurah|tigo-lurah|2026-05-13 22:33:12
1924|122|Pucakwangi|pucakwangi|2026-05-13 20:24:25
4964|343|Tarup|tarup|2026-05-13 21:50:47
972|78|Sungai Bungkal|sungai-bungkal|2026-05-13 19:57:34
3027|194|Aranio|aranio|2026-05-13 20:57:50
6184|426|Marobo|marobo|2026-05-13 22:23:55
5387|366|Bangko|bangko|2026-05-13 22:01:49
1270|88|Kota Baru|kota-baru|2026-05-13 20:06:07
4053|283|Ternate Barat|ternate-barat|2026-05-13 21:27:46
4064|285|Bolo|bolo|2026-05-13 21:28:04
3352|222|Samboja|samboja|2026-05-13 21:08:08
2345|148|Diwek|diwek|2026-05-13 20:36:38
4630|328|Tanah Rubuh|tanah-rubuh|2026-05-13 21:42:48
3667|252|Marga Tiga|marga-tiga|2026-05-13 21:17:07
7189|505|Pagaran|pagaran|2026-05-13 22:54:09
5765|395|Rano|rano|2026-05-13 22:11:44
5274|358|Taganombak|taganombak|2026-05-13 21:58:39
5169|353|Homeyo|homeyo|2026-05-13 21:56:10
2252|144|Kapas|kapas|2026-05-13 20:33:55
1297|89|Cipicung|cipicung|2026-05-13 20:06:51
1180|85|Talun|talun|2026-05-13 20:03:35
1873|119|Ngawen|ngawen|2026-05-13 20:22:51
1901|121|Ngluwar|ngluwar|2026-05-13 20:23:44
4044|282|Taliabu Timur Selatan|taliabu-timur-selatan|2026-05-13 21:27:31
3554|245|Lingga|lingga|2026-05-13 21:13:56
6687|470|Tugumulyo|tugumulyo|2026-05-13 22:38:03
2621|161|Ponorogo|ponorogo|2026-05-13 20:44:31
442|36|Cisauk|cisauk|2026-05-13 19:39:11
6773|476|Jayapura|jayapura|2026-05-13 22:40:47
1225|86|Wanaraja|wanaraja|2026-05-13 20:04:49
852|69|Rimbo Tengah|rimbo-tengah|2026-05-13 19:53:48
6644|468|Lawang Kidul|lawang-kidul|2026-05-13 22:36:43
994|79|Margaasih|margaasih|2026-05-13 19:58:11
7017|495|Hilisalawa'ahe|hilisalawaahe|2026-05-13 22:48:20
6002|412|Toli-Toli Utara|toli-toli-utara|2026-05-13 22:18:37
772|63|Pinogu|pinogu|2026-05-13 19:51:19
3229|211|Kamipang|kamipang|2026-05-13 21:04:27
3376|223|Teluk Pandan|teluk-pandan|2026-05-13 21:08:49
6262|434|Bolangitang Barat|bolangitang-barat|2026-05-13 22:26:06
4118|289|Pringgasela|pringgasela|2026-05-13 21:29:28
6640|468|Empat Petulai Dangku|empat-petulai-dangku|2026-05-13 22:36:35
7045|496|Afulu|afulu|2026-05-13 22:49:10
4944|343|Kawor|kawor|2026-05-13 21:50:19
1281|88|Telagasari|telagasari|2026-05-13 20:06:24
1986|126|Bener|bener|2026-05-13 20:26:16
65|5|Pasi Raja|pasi-raja|2026-05-13 19:21:07
5612|383|Rumbia|rumbia|2026-05-13 22:07:33
7120|502|Bandar Huluan|bandar-huluan|2026-05-13 22:51:46
5054|345|Talambo|talambo|2026-05-13 21:53:02
3157|203|Hatungun|hatungun|2026-05-13 21:02:12
3431|231|Malinau Selatan|malinau-selatan|2026-05-13 21:10:25
5718|391|Panca Lautang|panca-lautang|2026-05-13 22:10:28
6839|482|Sei Kepayang|sei-kepayang|2026-05-13 22:42:38
3143|202|Batu Ampar|batu-ampar|2026-05-13 21:01:44
2706|166|Batang Batang|batang-batang|2026-05-13 20:47:01
2583|159|Proppo|proppo|2026-05-13 20:43:17
4130|289|Wanasaba|wanasaba|2026-05-13 21:29:46
4726|334|Tiplol Mayalibit|tiplol-mayalibit|2026-05-13 21:45:03
262|18|Teupah Barat|teupah-barat|2026-05-13 19:31:58
637|51|Jetis|jetis|2026-05-13 19:47:09
2681|164|Taman|taman|2026-05-13 20:46:17
6053|417|Talaga Raya|talaga-raya|2026-05-13 22:20:02
5559|379|Tanete Riattang Barat|tanete-riattang-barat|2026-05-13 22:06:07
1334|90|Maja|maja|2026-05-13 20:07:54
5948|409|Lore Barat|lore-barat|2026-05-13 22:17:05
4926|342|Pija|pija|2026-05-13 21:49:50
4107|288|Praya Timur|praya-timur|2026-05-13 21:29:10
394|34|Labuan|labuan|2026-05-13 19:37:23
6263|434|Bolangitang Timur|bolangitang-timur|2026-05-13 22:26:08
2032|129|Gemolong|gemolong|2026-05-13 20:27:52
5972|410|Kulawi Selatan|kulawi-selatan|2026-05-13 22:17:44
5527|377|Pajukukang|pajukukang|2026-05-13 22:05:16
3999|278|Wasile Selatan|wasile-selatan|2026-05-13 21:26:26
6044|416|Sampolawa|sampolawa|2026-05-13 22:19:46
5929|408|Mepanga|mepanga|2026-05-13 22:16:31
1177|85|Suranenggala|suranenggala|2026-05-13 20:03:29
2651|162|Tegalsiwalan|tegalsiwalan|2026-05-13 20:45:22
5154|351|Tigi Barat|tigi-barat|2026-05-13 21:55:48
6105|422|Bondoala|bondoala|2026-05-13 22:21:33
3511|241|Gabek|gabek|2026-05-13 21:12:47
2058|130|Mojolaban|mojolaban|2026-05-13 20:28:33
5597|382|Palangga|palangga|2026-05-13 22:07:09
6514|454|Sumpur Kudus|sumpur-kudus|2026-05-13 22:32:54
3115|199|Sampanahan|sampanahan|2026-05-13 21:00:52
4289|300|Amfoang Selatan|amfoang-selatan|2026-05-13 21:33:47
2429|151|Ranuyoso|ranuyoso|2026-05-13 20:39:05
5866|402|Tinangkung|tinangkung|2026-05-13 22:14:37
5676|388|Bontoa|bontoa|2026-05-13 22:09:21
2541|156|Wilangan|wilangan|2026-05-13 20:42:07
94|7|Tenggulun|tenggulun|2026-05-13 19:22:13
3517|242|Bintan Pesisir|bintan-pesisir|2026-05-13 21:12:57
6334|438|Tondano Timur|tondano-timur|2026-05-13 22:28:07
1047|82|Caringin|caringin|2026-05-13 19:59:41
3744|258|Bulok|bulok|2026-05-13 21:19:27
790|64|Pulubala|pulubala|2026-05-13 19:51:53
4775|336|Seremuk|seremuk|2026-05-13 21:46:13
4358|305|Poco Ranaka|poco-ranaka|2026-05-13 21:35:37
478|38|Curug|curug|2026-05-13 19:40:26
4043|282|Taliabu Timur|taliabu-timur|2026-05-13 21:27:30
3034|194|Martapura|martapura|2026-05-13 20:58:08
4588|324|Risei Sayati|risei-sayati|2026-05-13 21:41:43
1830|117|Puring|puring|2026-05-13 20:21:28
3870|268|Pulau Masela|pulau-masela|2026-05-13 21:23:07
3625|250|Tanjung Bintang|tanjung-bintang|2026-05-13 21:15:54
3758|258|Sumber Rejo|sumber-rejo|2026-05-13 21:19:55
6954|491|Kuala|kuala|2026-05-13 22:46:13
3200|209|Kahayan Hulu Utara|kahayan-hulu-utara|2026-05-13 21:03:34
5722|391|Tellu Limpoe|tellu-limpoe|2026-05-13 22:10:35
6110|422|Latoma|latoma|2026-05-13 22:21:42
796|64|Tilango|tilango|2026-05-13 19:52:06
5148|350|Tubang|tubang|2026-05-13 21:55:38
6749|475|Kisam Ilir|kisam-ilir|2026-05-13 22:40:02
5926|408|Bolano|bolano|2026-05-13 22:16:25
159|11|Matangkuli|matangkuli|2026-05-13 19:25:40
1152|85|Gebang|gebang|2026-05-13 20:02:47
4898|341|Kelila|kelila|2026-05-13 21:49:09
4408|310|Magepanda|magepanda|2026-05-13 21:37:01
5351|363|Rangsang Barat|rangsang-barat|2026-05-13 22:00:50
3273|215|Laung Tuhup|laung-tuhup|2026-05-13 21:05:47
1473|95|Ujungjaya|ujungjaya|2026-05-13 20:11:18
6314|438|Kawangkoan|kawangkoan|2026-05-13 22:27:34
4942|343|Jetfa|jetfa|2026-05-13 21:50:16
1632|107|Kembaran|kembaran|2026-05-13 20:15:09
7134|502|Jawa Maraja Bah Jambi|jawa-maraja-bah-jambi|2026-05-13 22:52:10
3713|255|Marga Punduh|marga-punduh|2026-05-13 21:18:30
3362|223|Kaliorang|kaliorang|2026-05-13 21:08:26
2824|178|Kenjeran|kenjeran|2026-05-13 20:50:50
1018|80|Parongpong|parongpong|2026-05-13 19:58:53
5440|370|Bukit Raya|bukit-raya|2026-05-13 22:03:05
3560|245|Singkep Barat|singkep-barat|2026-05-13 21:14:05
2304|146|Manyar|manyar|2026-05-13 20:35:36
1222|86|Talegong|talegong|2026-05-13 20:04:44
1325|90|Dawuan|dawuan|2026-05-13 20:07:40
5085|347|Pulau Tiga|pulau-tiga|2026-05-13 21:54:01
1605|106|Bawang|bawang|2026-05-13 20:14:22
2845|179|Capkala|capkala|2026-05-13 20:51:23
6589|465|Makarti Jaya|makarti-jaya|2026-05-13 22:34:55
5118|349|Haju|haju|2026-05-13 21:54:54
725|58|Sawah Besar|sawah-besar|2026-05-13 19:49:54
4580|323|Supiori Selatan|supiori-selatan|2026-05-13 21:41:32
2121|133|Selogiri|selogiri|2026-05-13 20:30:18
4966|343|Weime|weime|2026-05-13 21:50:50
658|52|Ponjong|ponjong|2026-05-13 19:47:51
5621|384|Buki|buki|2026-05-13 22:07:48
279|21|Banda Sakti|banda-sakti|2026-05-13 19:32:40
298|25|Kintamani|kintamani|2026-05-13 19:33:28
2835|178|Sukolilo|sukolilo|2026-05-13 20:51:07
3437|231|Pujungan|pujungan|2026-05-13 21:10:35
5200|355|Teluk Kimi|teluk-kimi|2026-05-13 21:56:54
7224|508|Gunungsitoli Barat|gunungsitoli-barat|2026-05-13 22:55:21
1119|84|Cidaun|cidaun|2026-05-13 20:01:47
6558|459|Lubuk Kilangan|lubuk-kilangan|2026-05-13 22:33:58
4105|288|Praya Barat Daya|praya-barat-daya|2026-05-13 21:29:07
779|64|Asparaga|asparaga|2026-05-13 19:51:32
3530|243|Karimun|karimun|2026-05-13 21:13:21
4296|300|Kupang Barat|kupang-barat|2026-05-13 21:33:57
1958|124|Petarukan|petarukan|2026-05-13 20:25:26
7159|503|Batang Toru|batang-toru|2026-05-13 22:53:05
1110|83|Sukamantri|sukamantri|2026-05-13 20:01:31
3458|232|Sembakung|sembakung|2026-05-13 21:11:12
3636|251|Bumi Ratu Nuban|bumi-ratu-nuban|2026-05-13 21:16:13
7081|498|Padang Bolak Tenggara|padang-bolak-tenggara|2026-05-13 22:50:31
1686|110|Juwangi|juwangi|2026-05-13 20:16:53
35|3|Leupung|leupung|2026-05-13 19:19:54
5624|384|Pasimasunggu|pasimasunggu|2026-05-13 22:07:52
4054|284|Oba|oba|2026-05-13 21:27:48
7136|502|Pamatang Silima Huta|pamatang-silima-huta|2026-05-13 22:52:14
1528|97|Cibiru|cibiru|2026-05-13 20:12:35
941|75|Nipah Panjang|nipah-panjang|2026-05-13 19:56:43
1056|82|Cileungsi|cileungsi|2026-05-13 19:59:57
5785|396|Rindingallo|rindingallo|2026-05-13 22:12:15
583|47|Kota Mukomuko|kota-mukomuko|2026-05-13 19:45:05
3342|222|Kota Bangun|kota-bangun|2026-05-13 21:07:52
6450|449|Payakumbuh|payakumbuh|2026-05-13 22:31:13
204|14|Blangkejeren|blangkejeren|2026-05-13 19:28:42
3901|270|Kei Besar Utara Barat|kei-besar-utara-barat|2026-05-13 21:23:59
3263|213|Tualan Hulu|tualan-hulu|2026-05-13 21:05:29
3523|242|Tambelan|tambelan|2026-05-13 21:13:07
556|44|Semidang Gumay|semidang-gumay|2026-05-13 19:44:13
6227|430|Mandonga|mandonga|2026-05-13 22:25:03
6474|451|Mapat Tunggul Selatan|mapat-tunggul-selatan|2026-05-13 22:31:49
3323|221|Barong Tongkok|barong-tongkok|2026-05-13 21:07:17
5294|360|Concong|concong|2026-05-13 21:59:14
7219|507|Binjai Selatan|binjai-selatan|2026-05-13 22:55:10
5648|385|Walenrang Utara|walenrang-utara|2026-05-13 22:08:32
3400|227|Balikpapan Timur|balikpapan-timur|2026-05-13 21:09:35
482|38|Walantaka|walantaka|2026-05-13 19:40:35
4712|334|Kepulauan Ayau|kepulauan-ayau|2026-05-13 21:44:47
3871|268|Pulau Wetang|pulau-wetang|2026-05-13 21:23:09
3075|197|Batang Alai Selatan|batang-alai-selatan|2026-05-13 20:59:33
197|13|Peulimbang|peulimbang|2026-05-13 19:28:13
4873|340|Kuly Lanny|kuly-lanny|2026-05-13 21:48:31
5439|370|Binawidya|binawidya|2026-05-13 22:03:04
3350|222|Muara Muntai|muara-muntai|2026-05-13 21:08:05
2268|144|Tambakrejo|tambakrejo|2026-05-13 20:34:23
6794|479|Dempo Selatan|dempo-selatan|2026-05-13 22:41:25
5425|368|Minas|minas|2026-05-13 22:02:44
6631|467|Pseksu|pseksu|2026-05-13 22:36:19
2652|162|Tiris|tiris|2026-05-13 20:45:24
5724|391|Watang Sidenreng|watang-sidenreng|2026-05-13 22:10:38
6034|415|Lasalimu|lasalimu|2026-05-13 22:19:28
4905|342|Geselma|geselma|2026-05-13 21:49:20
5907|406|Bungku Barat|bungku-barat|2026-05-13 22:15:47
5963|409|Poso Pesisir|poso-pesisir|2026-05-13 22:17:28
3122|200|Muara Harus|muara-harus|2026-05-13 21:01:05
6583|465|Air Salek|air-salek|2026-05-13 22:34:44
873|70|Tanah Cogok|tanah-cogok|2026-05-13 19:54:29
1898|121|Mungkid|mungkid|2026-05-13 20:23:39
2435|151|Tempeh|tempeh|2026-05-13 20:39:13
2537|156|Rejoso|rejoso|2026-05-13 20:42:00
1458|95|Jatigede|jatigede|2026-05-13 20:10:56
5932|408|Palasa|palasa|2026-05-13 22:16:37
1145|85|Astanajapura|astanajapura|2026-05-13 20:02:36
5990|411|Una Una|una-una|2026-05-13 22:18:17
3132|201|Kuranji|kuranji|2026-05-13 21:01:22
6387|444|Bunaken|bunaken|2026-05-13 22:29:40
2774|169|Ngantru|ngantru|2026-05-13 20:49:26
3440|232|Krayan|krayan|2026-05-13 21:10:40
1556|99|Mustikajaya|mustikajaya|2026-05-13 20:13:12
1853|118|Sukorejo|sukorejo|2026-05-13 20:22:10
427|35|Kramatwatu|kramatwatu|2026-05-13 19:38:35
5577|381|Baraka|baraka|2026-05-13 22:06:37
4017|279|Tobelo Tengah|tobelo-tengah|2026-05-13 21:26:54
1172|85|Pasaleman|pasaleman|2026-05-13 20:03:21
6938|490|Aek Kuo|aek-kuo|2026-05-13 22:45:47
646|51|Sedayu|sedayu|2026-05-13 19:47:26
5026|345|Kona|kona|2026-05-13 21:52:20
1123|84|Cilaku|cilaku|2026-05-13 20:01:55
7063|497|Huristak|huristak|2026-05-13 22:49:42
5130|350|Elikobal|elikobal|2026-05-13 21:55:12
2051|129|Tanon|tanon|2026-05-13 20:28:21
3975|276|Mandioli Selatan|mandioli-selatan|2026-05-13 21:25:54
4080|286|Dompu|dompu|2026-05-13 21:28:28
6268|435|Kepulauan Marore|kepulauan-marore|2026-05-13 22:26:19
2615|161|Jenangan|jenangan|2026-05-13 20:44:22
5212|356|Deiyai Miyo|deiyai-miyo|2026-05-13 21:57:10
5870|402|Totikum Selatan|totikum-selatan|2026-05-13 22:14:44
946|76|Rimbo Ilir|rimbo-ilir|2026-05-13 19:56:52
6516|455|Bukit Sundi|bukit-sundi|2026-05-13 22:32:58
3074|197|Barabai|barabai|2026-05-13 20:59:31
773|63|Suwawa|suwawa|2026-05-13 19:51:20
435|35|Pulo Ampel|pulo-ampel|2026-05-13 19:38:54
2602|160|Puspo|puspo|2026-05-13 20:43:57
3750|258|Kota Agung|kota-agung|2026-05-13 21:19:38
4480|315|Miomaffo Tengah|miomaffo-tengah|2026-05-13 21:39:01
2693|165|Jangkar|jangkar|2026-05-13 20:46:40
1108|83|Sindangkasih|sindangkasih|2026-05-13 20:01:28
263|18|Teupah Selatan|teupah-selatan|2026-05-13 19:32:01
176|12|Bandar|bandar|2026-05-13 19:26:51
7132|502|Hatonduhan|hatonduhan|2026-05-13 22:52:07
2509|155|Jatirejo|jatirejo|2026-05-13 20:41:11
2238|143|Udanawu|udanawu|2026-05-13 20:33:31
3559|245|Singkep|singkep|2026-05-13 21:14:04
2601|160|Purwosari|purwosari|2026-05-13 20:43:55
5801|397|Penrang|penrang|2026-05-13 22:12:42
2309|146|Tambak|tambak|2026-05-13 20:35:45
6529|455|X Koto Singkarak|x-koto-singkarak|2026-05-13 22:33:15
6845|482|Tanjung Balai|tanjung-balai|2026-05-13 22:42:46
7142|502|Raya|raya|2026-05-13 22:52:25
926|74|Pengabuan|pengabuan|2026-05-13 19:56:17
3662|252|Gunung Pelindung|gunung-pelindung|2026-05-13 21:16:58
4381|308|Landu Leko|landu-leko|2026-05-13 21:36:22
5882|404|Gadung|gadung|2026-05-13 22:15:05
2122|133|Sidoharjo|sidoharjo|2026-05-13 20:30:20
1692|110|Ngemplak|ngemplak|2026-05-13 20:17:04
6324|438|Pineleng|pineleng|2026-05-13 22:27:50
4059|284|Tidore Selatan|tidore-selatan|2026-05-13 21:27:56
4487|315|Noemuti Timur|noemuti-timur|2026-05-13 21:39:12
5043|345|Puldama|puldama|2026-05-13 21:52:45
713|57|Grogol Petamburan|grogol-petamburan|2026-05-13 19:49:35
358|33|Cilograng|cilograng|2026-05-13 19:36:00
4015|279|Tobelo Barat|tobelo-barat|2026-05-13 21:26:52
2431|151|Senduro|senduro|2026-05-13 20:39:08
7152|503|Angkola Barat|angkola-barat|2026-05-13 22:52:49
1985|126|Bayan|bayan|2026-05-13 20:26:14
264|18|Teupah Tengah|teupah-tengah|2026-05-13 19:32:04
6416|446|Tanjung Mutiara|tanjung-mutiara|2026-05-13 22:30:25
2289|145|Tegalampel|tegalampel|2026-05-13 20:34:59
4508|317|Samofa|samofa|2026-05-13 21:39:46
2227|143|Kanigoro|kanigoro|2026-05-13 20:33:14
6301|437|Lirung|lirung|2026-05-13 22:27:13
2167|138|Tembalang|tembalang|2026-05-13 20:31:37
1601|105|Tawang|tawang|2026-05-13 20:14:15
5366|364|Logas Tanah Darat|logas-tanah-darat|2026-05-13 22:01:16
3599|249|Bandar Negeri Suoh|bandar-negeri-suoh|2026-05-13 21:15:04
1166|85|Mundu|mundu|2026-05-13 20:03:10
6078|420|Mowewe|mowewe|2026-05-13 22:20:46
2907|182|Sungai Laur|sungai-laur|2026-05-13 20:53:08
3831|264|Namlea|namlea|2026-05-13 21:22:00
1203|86|Karangtengah|karangtengah|2026-05-13 20:04:15
931|74|Tungkal Ilir|tungkal-ilir|2026-05-13 19:56:25
3264|214|Batang Kawa|batang-kawa|2026-05-13 21:05:31
156|11|Langkahan|langkahan|2026-05-13 19:25:28
3576|246|Pulau Tiga Barat|pulau-tiga-barat|2026-05-13 21:14:27
281|21|Muara Dua|muara-dua|2026-05-13 19:32:46
1098|83|Lakbok|lakbok|2026-05-13 20:01:11
3756|258|Pulau Panggung|pulau-panggung|2026-05-13 21:19:51
2869|180|Empanang|empanang|2026-05-13 20:52:02
2627|161|Siman|siman|2026-05-13 20:44:41
6543|457|Pariangan|pariangan|2026-05-13 22:33:34
1902|121|Pakis|pakis|2026-05-13 20:23:45
3986|277|Patani Utara|patani-utara|2026-05-13 21:26:08
3234|211|Marikit|marikit|2026-05-13 21:04:37
1549|99|Bekasi Barat|bekasi-barat|2026-05-13 20:13:03
2040|129|Miri|miri|2026-05-13 20:28:05
6068|419|Toari|toari|2026-05-13 22:20:27
3623|250|Sidomulyo|sidomulyo|2026-05-13 21:15:49
1500|96|Puspahiang|puspahiang|2026-05-13 20:11:57
6204|427|Wadaga|wadaga|2026-05-13 22:24:26
3072|196|Sungai Raya|sungai-raya|2026-05-13 20:59:26
3127|200|Tanta|tanta|2026-05-13 21:01:14
2177|140|Tegal Timur|tegal-timur|2026-05-13 20:31:53
3953|276|Bacan|bacan|2026-05-13 21:25:24
7011|495|Aramo|aramo|2026-05-13 22:48:09
2943|186|Anjongan|anjongan|2026-05-13 20:54:48
5650|386|Burau|burau|2026-05-13 22:08:36
4692|333|Aitinyo|aitinyo|2026-05-13 21:44:19
6843|482|Silau Laut|silau-laut|2026-05-13 22:42:43
7203|506|Bonatua Lunasi|bonatua-lunasi|2026-05-13 22:54:39
3572|246|Pulau Laut|pulau-laut|2026-05-13 21:14:23
5265|358|Kiyage|kiyage|2026-05-13 21:58:26
3078|197|Batu Benawa|batu-benawa|2026-05-13 20:59:38
4912|342|Koroptak|koroptak|2026-05-13 21:49:29
3524|242|Telok Sebong|telok-sebong|2026-05-13 21:13:11
5451|370|Sukajadi|sukajadi|2026-05-13 22:03:20
7033|495|Pulau-Pulau Batu Utara|pulau-pulau-batu-utara|2026-05-13 22:48:48
7074|498|Dolok|dolok|2026-05-13 22:50:07
4771|336|Moswaren|moswaren|2026-05-13 21:46:08
2816|178|Bulak|bulak|2026-05-13 20:50:41
3518|242|Bintan Timur|bintan-timur|2026-05-13 21:12:59
6524|455|Lembang Jaya|lembang-jaya|2026-05-13 22:33:08
1173|85|Plered|plered|2026-05-13 20:03:22
1153|85|Gegesik|gegesik|2026-05-13 20:02:49
3202|209|Manuhing|manuhing|2026-05-13 21:03:37
2516|155|Pacet|pacet|2026-05-13 20:41:25
4268|299|Ile Bura|ile-bura|2026-05-13 21:33:11
2619|161|Ngebel|ngebel|2026-05-13 20:44:28
4195|295|Kualin|kualin|2026-05-13 21:31:18
4174|294|Cakranegara|cakranegara|2026-05-13 21:30:48
1735|112|Kroya|kroya|2026-05-13 20:18:26
5875|403|Bangkurung|bangkurung|2026-05-13 22:14:53
1255|87|Tukdana|tukdana|2026-05-13 20:05:40
4631|328|Warmare|warmare|2026-05-13 21:42:50
4337|303|Wae Rii|wae-rii|2026-05-13 21:35:02
6816|480|Sukarami|sukarami|2026-05-13 22:41:59
6295|437|Damau|damau|2026-05-13 22:27:04
827|67|Kota Tengah|kota-tengah|2026-05-13 19:53:03
3688|253|Abung Timur|abung-timur|2026-05-13 21:17:43
5494|374|Topoyo|topoyo|2026-05-13 22:04:28
4325|302|Wewiku|wewiku|2026-05-13 21:34:42
3093|198|Sungai Pandan|sungai-pandan|2026-05-13 21:00:12
192|13|Kuala|kuala|2026-05-13 19:27:53
4669|331|Tuhiba|tuhiba|2026-05-13 21:43:45
6363|440|Touluaan|touluaan|2026-05-13 22:28:57
3933|272|Werinama|werinama|2026-05-13 21:24:49
1451|95|Cimalaka|cimalaka|2026-05-13 20:10:44
3619|250|Natar|natar|2026-05-13 21:15:40
2525|156|Gondang|gondang|2026-05-13 20:41:41
66|5|Samadua|samadua|2026-05-13 19:21:10
2011|127|Sulang|sulang|2026-05-13 20:27:17
5973|410|Lindu|lindu|2026-05-13 22:17:46
5537|378|Tanete Rilau|tanete-rilau|2026-05-13 22:05:29
2445|152|Kebon Sari|kebon-sari|2026-05-13 20:39:31
1823|117|Kuwarasan|kuwarasan|2026-05-13 20:21:14
498|40|Pamulang|pamulang|2026-05-13 19:41:56
5389|366|Batu Hampar|batu-hampar|2026-05-13 22:01:52
4458|314|Pandawai|pandawai|2026-05-13 21:38:30
6778|476|Semendawai Barat|semendawai-barat|2026-05-13 22:40:56
6094|421|Rante Angin|rante-angin|2026-05-13 22:21:15
2879|180|Selimbau|selimbau|2026-05-13 20:52:19
683|54|Godean|godean|2026-05-13 19:48:45
6005|413|Palu Selatan|palu-selatan|2026-05-13 22:18:42
6672|469|Sungai Lilin|sungai-lilin|2026-05-13 22:37:35
7125|502|Dolok Panribuan|dolok-panribuan|2026-05-13 22:51:55
1607|106|Karangkobar|karangkobar|2026-05-13 20:14:26
2456|153|Karas|karas|2026-05-13 20:39:49
6014|414|Kabaena Tengah|kabaena-tengah|2026-05-13 22:18:56
1706|111|Bumiayu|bumiayu|2026-05-13 20:17:31
2499|154|Tumpang|tumpang|2026-05-13 20:40:55
4215|296|Alor Tengah Utara|alor-tengah-utara|2026-05-13 21:31:53
5745|394|Kepulauan Tanakeke|kepulauan-tanakeke|2026-05-13 22:11:14
1935|123|Kajen|kajen|2026-05-13 20:24:48
1239|87|Kandanghaur|kandanghaur|2026-05-13 20:05:15
7126|502|Dolok Pardamean|dolok-pardamean|2026-05-13 22:51:57
2744|167|Watulimo|watulimo|2026-05-13 20:48:13
4955|343|Okhika|okhika|2026-05-13 21:50:36
483|39|Batuceper|batuceper|2026-05-13 19:40:38
2684|164|Tulangan|tulangan|2026-05-13 20:46:24
7236|509|Medan Johor|medan-johor|2026-05-13 22:55:41
6085|421|Katoi|katoi|2026-05-13 22:20:58
1393|93|Purwadadi|purwadadi|2026-05-13 20:09:22
3699|253|Sungkai Jaya|sungkai-jaya|2026-05-13 21:18:01
2799|174|Lowokwaru|lowokwaru|2026-05-13 20:50:14
21|2|Tangan-Tangan|tangan-tangan|2026-05-13 19:19:10
1243|87|Krangkeng|krangkeng|2026-05-13 20:05:21
544|44|Kaur Selatan|kaur-selatan|2026-05-13 19:43:49
623|50|Gading Cempaka|gading-cempaka|2026-05-13 19:46:39
6912|487|Kutabuluh|kutabuluh|2026-05-13 22:44:58
6754|475|Pulau Beringin|pulau-beringin|2026-05-13 22:40:11
3727|256|Ngaras|ngaras|2026-05-13 21:18:56
6035|415|Lasalimu Selatan|lasalimu-selatan|2026-05-13 22:19:30
2416|150|Turi|turi|2026-05-13 20:38:46
3225|210|Selat|selat|2026-05-13 21:04:19
499|40|Pondok Aren|pondok-aren|2026-05-13 19:41:58
1008|80|Cikalongwetan|cikalongwetan|2026-05-13 19:58:35
6646|468|Lubai|lubai|2026-05-13 22:36:46
957|77|Danau Sipin|danau-sipin|2026-05-13 19:57:11
3128|200|Upau|upau|2026-05-13 21:01:15
5615|383|Turatea|turatea|2026-05-13 22:07:38
7274|514|Padang Hilir|padang-hilir|2026-05-13 22:56:43
4052|283|Pulau Ternate|pulau-ternate|2026-05-13 21:27:44
5306|360|Reteh|reteh|2026-05-13 21:59:34
5770|395|Sangalla Selatan|sangalla-selatan|2026-05-13 22:11:51
1813|117|Bonorowo|bonorowo|2026-05-13 20:20:54
5839|401|Batui|batui|2026-05-13 22:13:46
1427|94|Kabandungan|kabandungan|2026-05-13 20:10:09
1810|117|Alian|alian|2026-05-13 20:20:46
3076|197|Batang Alai Timur|batang-alai-timur|2026-05-13 20:59:35
5423|368|Lubuk Dalam|lubuk-dalam|2026-05-13 22:02:42
4671|331|Weriagar|weriagar|2026-05-13 21:43:47
6957|491|Pangkalan Susu|pangkalan-susu|2026-05-13 22:46:19
7103|501|Bintang Bayu|bintang-bayu|2026-05-13 22:51:13
1237|87|Jatibarang|jatibarang|2026-05-13 20:05:12
758|62|Paguyaman Pantai|paguyaman-pantai|2026-05-13 19:50:54
4860|340|Balingga Barat|balingga-barat|2026-05-13 21:48:10
7197|505|Simangumban|simangumban|2026-05-13 22:54:24
1102|83|Panjalu|panjalu|2026-05-13 20:01:18
7124|502|Dolok Batu Nanggar|dolok-batu-nanggar|2026-05-13 22:51:53
1148|85|Ciledug|ciledug|2026-05-13 20:02:41
3916|271|Seram Barat|seram-barat|2026-05-13 21:24:22
6596|465|Selat Panuguan|selat-panuguan|2026-05-13 22:35:09
3544|244|Kute Siantan|kute-siantan|2026-05-13 21:13:41
679|54|Berbah|berbah|2026-05-13 19:48:38
3889|269|Seram Utara|seram-utara|2026-05-13 21:23:35
6622|467|Lahat Selatan|lahat-selatan|2026-05-13 22:36:02
850|69|Pelepat Ilir|pelepat-ilir|2026-05-13 19:53:45
1283|88|Telukjambe Timur|telukjambe-timur|2026-05-13 20:06:27
546|44|Kaur Utara|kaur-utara|2026-05-13 19:43:53
4132|290|Gangga|gangga|2026-05-13 21:29:50
3279|215|Tanah Siang|tanah-siang|2026-05-13 21:05:58
2141|134|Wonosobo|wonosobo|2026-05-13 20:30:56
524|42|Talang Empat|talang-empat|2026-05-13 19:43:03
6919|487|Payung|payung|2026-05-13 22:45:11
3228|211|Bukit Raya|bukit-raya|2026-05-13 21:04:25
7046|496|Alasa|alasa|2026-05-13 22:49:11
4883|340|Niname|niname|2026-05-13 21:48:45
2910|183|Batu Ampar|batu-ampar|2026-05-13 20:53:15
1864|119|Karanganom|karanganom|2026-05-13 20:22:36
2932|185|Belimbing|belimbing|2026-05-13 20:54:21
6350|439|Tenga|tenga|2026-05-13 22:28:33
6341|439|Modoinding|modoinding|2026-05-13 22:28:18
8|1|Samatiga|samatiga|2026-05-13 19:18:31
5189|354|Mimika Timur Jauh|mimika-timur-jauh|2026-05-13 21:56:39
145|10|Serbajadi|serbajadi|2026-05-13 19:24:52
5178|354|Iwaka|iwaka|2026-05-13 21:56:25
3874|268|Pulau-Pulau Terselatan|pulau-pulau-terselatan|2026-05-13 21:23:13
2332|147|Semboro|semboro|2026-05-13 20:36:19
6188|426|Pasir Putih|pasir-putih|2026-05-13 22:24:01
261|18|Teluk Dalam|teluk-dalam|2026-05-13 19:31:56
1930|122|Wedarijaksa|wedarijaksa|2026-05-13 20:24:37
233|16|Kota Sigli|kota-sigli|2026-05-13 19:30:11
2690|165|Banyuputih|banyuputih|2026-05-13 20:46:36
3644|251|Rumbia|rumbia|2026-05-13 21:16:27
886|71|Pangkalan Jambu|pangkalan-jambu|2026-05-13 19:54:52
1190|86|Cibatu|cibatu|2026-05-13 20:03:54
6222|430|Baruga|baruga|2026-05-13 22:24:56
5219|356|Nakama|nakama|2026-05-13 21:57:20
3088|198|Babirik|babirik|2026-05-13 21:00:01
709|55|Wirobrajan|wirobrajan|2026-05-13 19:49:27
2415|150|Tikung|tikung|2026-05-13 20:38:45
2874|180|Pengkadan|pengkadan|2026-05-13 20:52:10
119|9|Lawe Bulan|lawe-bulan|2026-05-13 19:23:29
4793|337|Mawabuan|mawabuan|2026-05-13 21:46:37
88|7|Kota Kualasinpang|kota-kualasinpang|2026-05-13 19:22:00
7112|501|Serba Jadi|serba-jadi|2026-05-13 22:51:31
4477|315|Insana Tengah|insana-tengah|2026-05-13 21:38:58
5017|345|Dirwemna|dirwemna|2026-05-13 21:52:10
1826|117|Pejagoan|pejagoan|2026-05-13 20:21:21
3745|258|Cukuh Balak|cukuh-balak|2026-05-13 21:19:29
2813|178|Asem Rowo|asem-rowo|2026-05-13 20:50:38
2642|162|Leces|leces|2026-05-13 20:45:07
2549|157|Kedunggalar|kedunggalar|2026-05-13 20:42:18
2863|180|Bika|bika|2026-05-13 20:51:52
367|33|Maja|maja|2026-05-13 19:36:21
3031|194|Gambut|gambut|2026-05-13 20:57:59
2828|178|Pabean Cantian|pabean-cantian|2026-05-13 20:50:57
6960|491|Sawit Seberang|sawit-seberang|2026-05-13 22:46:24
1871|119|Klaten Utara|klaten-utara|2026-05-13 20:22:48
4147|291|Lunyuk|lunyuk|2026-05-13 21:30:09
609|49|Air Periukan|air-periukan|2026-05-13 19:46:02
4390|308|Rote Tengah|rote-tengah|2026-05-13 21:36:35
2719|166|Kota Sumenep|kota-sumenep|2026-05-13 20:47:25
4326|303|Cibal|cibal|2026-05-13 21:34:44
2726|166|Raas|raas|2026-05-13 20:47:37
4434|312|Wewewa Timur|wewewa-timur|2026-05-13 21:37:50
1531|97|Cinambo|cinambo|2026-05-13 20:12:38
605|48|Sindang Beliti Ilir|sindang-beliti-ilir|2026-05-13 19:45:52
4560|321|Benuki|benuki|2026-05-13 21:41:03
1327|90|Jatiwangi|jatiwangi|2026-05-13 20:07:43
2730|166|Talango|talango|2026-05-13 20:47:44
1254|87|Trisi|trisi|2026-05-13 20:05:39
3736|257|Gading Rejo|gading-rejo|2026-05-13 21:19:11
1955|124|Comal|comal|2026-05-13 20:25:21
5325|361|Siberida|siberida|2026-05-13 22:00:10
2107|133|Giritontro|giritontro|2026-05-13 20:29:58
1881|120|Bae|bae|2026-05-13 20:23:05
4762|335|Wemak|wemak|2026-05-13 21:45:54
3844|266|Aru Selatan Utara|aru-selatan-utara|2026-05-13 21:22:23
1988|126|Butuh|butuh|2026-05-13 20:26:21
2769|169|Gondang|gondang|2026-05-13 20:49:17
5743|394|Galesong Selatan|galesong-selatan|2026-05-13 22:11:10
166|11|Pirak Timur|pirak-timur|2026-05-13 19:26:07
5298|360|Kateman|kateman|2026-05-13 21:59:20
3386|225|Long Kali|long-kali|2026-05-13 21:09:10
5961|409|Poso Kota Selatan|poso-kota-selatan|2026-05-13 22:17:25
452|36|Kronjo|kronjo|2026-05-13 19:39:31
5288|359|Pinggir|pinggir|2026-05-13 21:59:04
5678|388|Cenrana|cenrana|2026-05-13 22:09:24
5700|389|Segeri|segeri|2026-05-13 22:09:57
3336|221|Sekolaq Darat|sekolaq-darat|2026-05-13 21:07:41
3024|193|Paringin Selatan|paringin-selatan|2026-05-13 20:57:41
1165|85|Losari|losari|2026-05-13 20:03:09
5935|408|Parigi Selatan|parigi-selatan|2026-05-13 22:16:42
6782|477|Penukal|penukal|2026-05-13 22:41:04
522|42|Semidang Lagan|semidang-lagan|2026-05-13 19:42:59
3095|199|Hampang|hampang|2026-05-13 21:00:18
1003|79|Rancaekek|rancaekek|2026-05-13 19:58:26
4815|338|Sorong Timur|sorong-timur|2026-05-13 21:47:06
5380|365|Pangkalan Lesung|pangkalan-lesung|2026-05-13 22:01:37
1593|105|Cibeureum|cibeureum|2026-05-13 20:14:04
4501|317|Bruyadori|bruyadori|2026-05-13 21:39:36
2015|128|Bandungan|bandungan|2026-05-13 20:27:25
6976|492|Muara Batang Gadis|muara-batang-gadis|2026-05-13 22:46:57
5618|384|Bontomanai|bontomanai|2026-05-13 22:07:43
5980|410|Tanambulava|tanambulava|2026-05-13 22:17:58
4553|320|Windesi|windesi|2026-05-13 21:40:52
5761|395|Malimbong Balepe|malimbong-balepe|2026-05-13 22:11:39
3343|222|Kota Bangun Darat|kota-bangun-darat|2026-05-13 21:07:53
5813|398|Manggala|manggala|2026-05-13 22:13:04
1359|92|Cibatu|cibatu|2026-05-13 20:08:32
4564|321|Mamberamo Tengah Timur|mamberamo-tengah-timur|2026-05-13 21:41:08
4245|298|Ende Tengah|ende-tengah|2026-05-13 21:32:34
3062|195|Wanaraya|wanaraya|2026-05-13 20:59:07
6070|419|Wolo|wolo|2026-05-13 22:20:31
3150|202|Takisung|takisung|2026-05-13 21:01:58
4733|335|Aimas|aimas|2026-05-13 21:45:14
4791|337|Kwoor|kwoor|2026-05-13 21:46:35
5905|406|Bahodopi|bahodopi|2026-05-13 22:15:44
2098|132|Tembarak|tembarak|2026-05-13 20:29:43
1702|111|Banjarharjo|banjarharjo|2026-05-13 20:17:22
1429|94|Kalapanunggal|kalapanunggal|2026-05-13 20:10:12
6050|417|Mawasangka Tengah|mawasangka-tengah|2026-05-13 22:19:57
2138|134|Sukoharjo|sukoharjo|2026-05-13 20:30:49
3663|252|Jabung|jabung|2026-05-13 21:17:00
4260|298|Wolojita|wolojita|2026-05-13 21:32:58
1970|125|Karanganyar|karanganyar|2026-05-13 20:25:49
3583|247|Batu Ampar|batu-ampar|2026-05-13 21:14:38
4393|309|Raijua|raijua|2026-05-13 21:36:40
3869|268|Pulau Leti|pulau-leti|2026-05-13 21:23:05
33|3|Kuta Malaka|kuta-malaka|2026-05-13 19:19:50
5390|366|Kubu|kubu|2026-05-13 22:01:53
2302|146|Kebomas|kebomas|2026-05-13 20:35:31
3976|276|Mandioli Utara|mandioli-utara|2026-05-13 21:25:55
3712|255|Kedondong|kedondong|2026-05-13 21:18:29
5914|407|Bungku Utara|bungku-utara|2026-05-13 22:16:03
5598|382|Parangloe|parangloe|2026-05-13 22:07:11
5023|345|Holuon|holuon|2026-05-13 21:52:17
1260|88|Cibuaya|cibuaya|2026-05-13 20:05:49
4729|334|Waigeo Selatan|waigeo-selatan|2026-05-13 21:45:08
2417|151|Candipuro|candipuro|2026-05-13 20:38:49
4890|340|Wano Barat|wano-barat|2026-05-13 21:48:56
4446|314|Kanatang|kanatang|2026-05-13 21:38:14
2117|133|Paranggupito|paranggupito|2026-05-13 20:30:12
3190|208|Gunung Purei|gunung-purei|2026-05-13 21:03:16
6342|439|Motoling|motoling|2026-05-13 22:28:20
2877|180|Putussibau Utara|putussibau-utara|2026-05-13 20:52:15
2515|155|Ngoro|ngoro|2026-05-13 20:41:23
6257|433|Mooat|mooat|2026-05-13 22:25:57
3189|207|Raren Batuah|raren-batuah|2026-05-13 21:03:14
9|1|Sungai Mas|sungai-mas|2026-05-13 19:18:34
2715|166|Giliginting|giliginting|2026-05-13 20:47:19
4993|344|Nabunage|nabunage|2026-05-13 21:51:31
2650|162|Sumberasih|sumberasih|2026-05-13 20:45:21
4595|325|Heram|heram|2026-05-13 21:41:53
924|74|Merlung|merlung|2026-05-13 19:56:14
2605|160|Sukorejo|sukorejo|2026-05-13 20:44:03
5074|347|Ayip|ayip|2026-05-13 21:53:47
4623|328|Manokwari Barat|manokwari-barat|2026-05-13 21:42:36
748|61|Cilincing|cilincing|2026-05-13 19:50:36
3495|238|Pangkalan Baru|pangkalan-baru|2026-05-13 21:12:15
5384|366|Bagan Sinembah|bagan-sinembah|2026-05-13 22:01:44
2034|129|Gondang|gondang|2026-05-13 20:27:55
320|28|Negara|negara|2026-05-13 19:34:26
6261|434|Bintauna|bintauna|2026-05-13 22:26:05
1626|107|Gumelar|gumelar|2026-05-13 20:14:58
5709|390|Paleteang|paleteang|2026-05-13 22:10:14
2723|166|Nonggunong|nonggunong|2026-05-13 20:47:32
4751|335|Moisegen|moisegen|2026-05-13 21:45:39
3119|200|Haruai|haruai|2026-05-13 21:01:00
3011|191|Pontianak Timur|pontianak-timur|2026-05-13 20:57:13
5278|358|Wanwi|wanwi|2026-05-13 21:58:45
3282|216|Banama Tingang|banama-tingang|2026-05-13 21:06:05
3054|195|Kuripan|kuripan|2026-05-13 20:58:53
3884|269|Nusa Laut|nusa-laut|2026-05-13 21:23:28
5175|354|Alama|alama|2026-05-13 21:56:21
138|10|Peudawa|peudawa|2026-05-13 19:24:33
5217|356|Kebo|kebo|2026-05-13 21:57:17
6039|415|Wolowa|wolowa|2026-05-13 22:19:38
3994|278|Maba|maba|2026-05-13 21:26:19
4371|307|Bajawa Utara|bajawa-utara|2026-05-13 21:36:03
207|14|Kutapanjang|kutapanjang|2026-05-13 19:28:50
1354|91|Sidamulih|sidamulih|2026-05-13 20:08:24
1793|116|Gondangrejo|gondangrejo|2026-05-13 20:20:16
4887|340|Tiom|tiom|2026-05-13 21:48:51
4251|298|Lio Timur|lio-timur|2026-05-13 21:32:43
1892|121|Candimulyo|candimulyo|2026-05-13 20:23:25
24|3|Darul Imarah|darul-imarah|2026-05-13 19:19:18
3812|262|Tanjung Senang|tanjung-senang|2026-05-13 21:21:31
1287|89|Ciawigebang|ciawigebang|2026-05-13 20:06:35
1888|120|Mejobo|mejobo|2026-05-13 20:23:17
2996|190|Kayan Hilir|kayan-hilir|2026-05-13 20:56:33
731|59|Kebayoran Lama|kebayoran-lama|2026-05-13 19:50:07
6274|435|Tabukan Selatan Tenggara|tabukan-selatan-tenggara|2026-05-13 22:26:29
529|43|Batik Nau|batik-nau|2026-05-13 19:43:15
2101|132|Wonoboyo|wonoboyo|2026-05-13 20:29:47
3959|276|Bacan Timur Tengah|bacan-timur-tengah|2026-05-13 21:25:32
2763|168|Tuban|tuban|2026-05-13 20:49:04
2523|156|Baron|baron|2026-05-13 20:41:38
2174|140|Margadana|margadana|2026-05-13 20:31:49
6067|419|Tanggetada|tanggetada|2026-05-13 22:20:26
2815|178|Bubutan|bubutan|2026-05-13 20:50:40
5216|356|Fajar Timur|fajar-timur|2026-05-13 21:57:15
4854|339|Wolo|wolo|2026-05-13 21:48:01
3950|275|Loloda Tengah|loloda-tengah|2026-05-13 21:25:18
706|55|Pakualaman|pakualaman|2026-05-13 19:49:23
3675|252|Sekampung|sekampung|2026-05-13 21:17:19
3684|253|Abung Selatan|abung-selatan|2026-05-13 21:17:36
5344|362|Tapung|tapung|2026-05-13 22:00:39
998|79|Pameungpeuk|pameungpeuk|2026-05-13 19:58:18
612|49|Seluma|seluma|2026-05-13 19:46:10
6421|447|Koto Besar|koto-besar|2026-05-13 22:30:32
6923|487|Tigapanah|tigapanah|2026-05-13 22:45:19
747|60|Pulogadung|pulogadung|2026-05-13 19:50:34
987|79|Ciwidey|ciwidey|2026-05-13 19:57:59
598|48|Curup Selatan|curup-selatan|2026-05-13 19:45:37
3655|251|Way Pangubuan|way-pangubuan|2026-05-13 21:16:45
1271|88|Kutawaluya|kutawaluya|2026-05-13 20:06:08
6548|457|Tanjuang Baru|tanjuang-baru|2026-05-13 22:33:41
5996|412|Dampal Selatan|dampal-selatan|2026-05-13 22:18:26
5472|372|Rantebulahan Timur|rantebulahan-timur|2026-05-13 22:03:54
4625|328|Manokwari Timur|manokwari-timur|2026-05-13 21:42:39
6364|440|Touluaan Selatan|touluaan-selatan|2026-05-13 22:28:59
3676|252|Sekampung Udik|sekampung-udik|2026-05-13 21:17:21
3281|215|Uut Murung|uut-murung|2026-05-13 21:06:03
1701|110|Wonosegoro|wonosegoro|2026-05-13 20:17:20
4561|321|Mamberamo Hilir|mamberamo-hilir|2026-05-13 21:41:04
7031|495|Pulau-Pulau Batu Barat|pulau-pulau-batu-barat|2026-05-13 22:48:45
2994|190|Binjai Hulu|binjai-hulu|2026-05-13 20:56:28
1739|112|Patimuan|patimuan|2026-05-13 20:18:34
3816|262|Telukbetung Barat|telukbetung-barat|2026-05-13 21:21:37
910|73|Batang Asai|batang-asai|2026-05-13 19:55:38
5073|347|Awyu|awyu|2026-05-13 21:53:46
202|13|Simpang Mamplam|simpang-mamplam|2026-05-13 19:28:34
2779|169|Rejotangan|rejotangan|2026-05-13 20:49:36
422|35|Gunung Sari|gunung-sari|2026-05-13 19:38:24
5740|393|Marioriawa|marioriawa|2026-05-13 22:11:04
1011|80|Cipeundeuy|cipeundeuy|2026-05-13 19:58:41
5447|370|Rumbai Barat|rumbai-barat|2026-05-13 22:03:15
1310|89|Luragung|luragung|2026-05-13 20:07:15
5290|359|Rupat Utara|rupat-utara|2026-05-13 21:59:07
3939|274|Kur Selatan|kur-selatan|2026-05-13 21:24:58
728|59|Cilandak|cilandak|2026-05-13 19:50:00
4351|305|Congkar|congkar|2026-05-13 21:35:26
2004|127|Pamotan|pamotan|2026-05-13 20:27:03
209|14|Pining|pining|2026-05-13 19:28:54
4309|301|Lebatukan|lebatukan|2026-05-13 21:34:18
1086|83|Banjarsari|banjarsari|2026-05-13 20:00:50
6637|468|Belida Darat|belida-darat|2026-05-13 22:36:30
1342|90|Sukahaji|sukahaji|2026-05-13 20:08:06
348|33|Banjarsari|banjarsari|2026-05-13 19:35:37
6235|431|Dumoga|dumoga|2026-05-13 22:25:16
3897|270|Hoat Sorbay|hoat-sorbay|2026-05-13 21:23:50
5714|391|Baranti|baranti|2026-05-13 22:10:22
4858|340|Ayumnati|ayumnati|2026-05-13 21:48:08
600|48|Curup Timur|curup-timur|2026-05-13 19:45:41
5677|388|Camba|camba|2026-05-13 22:09:23
2991|189|Sekadau Hilir|sekadau-hilir|2026-05-13 20:56:19
3630|251|Anak Tuha|anak-tuha|2026-05-13 21:16:02
16|2|Kuala Batee|kuala-batee|2026-05-13 19:18:56
5888|404|Tiloan|tiloan|2026-05-13 22:15:15
635|51|Dlingo|dlingo|2026-05-13 19:47:05
6236|431|Dumoga Barat|dumoga-barat|2026-05-13 22:25:18
2232|143|Sanankulon|sanankulon|2026-05-13 20:33:22
6280|435|Tamako|tamako|2026-05-13 22:26:39
3597|249|Air Hitam|air-hitam|2026-05-13 21:15:00
1122|84|Cikalongkulon|cikalongkulon|2026-05-13 20:01:52
7160|503|Marancar|marancar|2026-05-13 22:53:09
1060|82|Citeureup|citeureup|2026-05-13 20:00:04
5201|355|Teluk Umar|teluk-umar|2026-05-13 21:56:55
6983|492|Panyabungan Selatan|panyabungan-selatan|2026-05-13 22:47:12
5391|366|Kubu Babussalam|kubu-babussalam|2026-05-13 22:01:55
6484|452|Koto Balingka|koto-balingka|2026-05-13 22:32:03
4318|302|Laenmanen|laenmanen|2026-05-13 21:34:31
1748|113|Karanganyar|karanganyar|2026-05-13 20:18:52
84|7|Bandar Pusaka|bandar-pusaka|2026-05-13 19:21:48
23|3|Blang Bintang|blang-bintang|2026-05-13 19:19:15
2166|138|Semarang Utara|semarang-utara|2026-05-13 20:31:35
552|44|Muara Sahung|muara-sahung|2026-05-13 19:44:05
6523|455|Lembah Gumanti|lembah-gumanti|2026-05-13 22:33:07
4011|279|Loloda Kepulauan|loloda-kepulauan|2026-05-13 21:26:45
1124|84|Cipanas|cipanas|2026-05-13 20:01:56
4420|311|Laboya Barat|laboya-barat|2026-05-13 21:37:22
2527|156|Kertosono|kertosono|2026-05-13 20:41:45
6531|456|Pauh Duo|pauh-duo|2026-05-13 22:33:18
6461|450|Padang Sago|padang-sago|2026-05-13 22:31:29
1332|90|Leuwimunding|leuwimunding|2026-05-13 20:07:51
4641|330|Didohu|didohu|2026-05-13 21:43:08
3356|222|Tabang|tabang|2026-05-13 21:08:14
1280|88|Tegalwaru|tegalwaru|2026-05-13 20:06:22
6594|465|Rambutan|rambutan|2026-05-13 22:35:05
4666|331|Sumuri|sumuri|2026-05-13 21:43:41
7050|496|Lotu|lotu|2026-05-13 22:49:18
7166|504|Andam Dewi|andam-dewi|2026-05-13 22:53:27
5603|382|Tombolopao|tombolopao|2026-05-13 22:07:19
6407|446|Candung|candung|2026-05-13 22:30:13
6528|455|X Koto Diatas|x-koto-diatas|2026-05-13 22:33:13
3900|270|Kei Besar Selatan Barat|kei-besar-selatan-barat|2026-05-13 21:23:56
4407|310|Lela|lela|2026-05-13 21:37:00
1100|83|Pamarican|pamarican|2026-05-13 20:01:14
164|11|Nisam Antara|nisam-antara|2026-05-13 19:26:01
6436|448|Siberut Utara|siberut-utara|2026-05-13 22:30:53
3197|208|Teweh Tengah|teweh-tengah|2026-05-13 21:03:28
2254|144|Kedewan|kedewan|2026-05-13 20:33:59
3943|274|Tayando Tam|tayando-tam|2026-05-13 21:25:03
7028|495|Onohazumba|onohazumba|2026-05-13 22:48:40
1750|113|Karangtengah|karangtengah|2026-05-13 20:18:55
2240|143|Wlingi|wlingi|2026-05-13 20:33:33
935|75|Geragai|geragai|2026-05-13 19:56:33
1219|86|Sucinaraja|sucinaraja|2026-05-13 20:04:40
4071|285|Palibelo|palibelo|2026-05-13 21:28:14
310|27|Blahbatuh|blahbatuh|2026-05-13 19:34:03
1981|125|Purbalingga|purbalingga|2026-05-13 20:26:06
551|44|Maje|maje|2026-05-13 19:44:03
1659|108|Subah|subah|2026-05-13 20:15:57
5155|351|Tigi Timur|tigi-timur|2026-05-13 21:55:50
6706|472|Rantau Alai|rantau-alai|2026-05-13 22:38:39
6208|428|Togo Binongko|togo-binongko|2026-05-13 22:24:33
3450|232|Nunukan Selatan|nunukan-selatan|2026-05-13 21:11:01
6540|457|Lintau Buo|lintau-buo|2026-05-13 22:33:30
5500|375|Duripoku|duripoku|2026-05-13 22:04:37
7273|514|Bajenis|bajenis|2026-05-13 22:56:41
4395|309|Sabu Liae|sabu-liae|2026-05-13 21:36:43
4014|279|Tobelo|tobelo|2026-05-13 21:26:50
7181|504|Sorkam Barat|sorkam-barat|2026-05-13 22:53:54
4902|342|Dal|dal|2026-05-13 21:49:16
5020|345|Hereapini|hereapini|2026-05-13 21:52:13
1953|124|Belik|belik|2026-05-13 20:25:18
2924|184|Mempawah Hulu|mempawah-hulu|2026-05-13 20:53:55
1663|108|Wonotunggal|wonotunggal|2026-05-13 20:16:05
3546|244|Siantan|siantan|2026-05-13 21:13:44
4787|337|Kebar|kebar|2026-05-13 21:46:29
3037|194|Mataraman|mataraman|2026-05-13 20:58:16
253|17|Trienggadeng|trienggadeng|2026-05-13 19:31:31
3579|246|Suak Midai|suak-midai|2026-05-13 21:14:32
462|36|Sepatan Timur|sepatan-timur|2026-05-13 19:39:53
1143|84|Warungkondang|warungkondang|2026-05-13 20:02:31
6509|454|Kamang Baru|kamang-baru|2026-05-13 22:32:44
4066|285|Lambitu|lambitu|2026-05-13 21:28:07
293|24|Kuta Selatan|kuta-selatan|2026-05-13 19:33:17
1857|119|Ceper|ceper|2026-05-13 20:22:20
5263|358|Irimuli|irimuli|2026-05-13 21:58:23
2689|165|Banyuglugur|banyuglugur|2026-05-13 20:46:34
6163|425|Lasolo|lasolo|2026-05-13 22:23:20
2908|182|Sungai Melayu Rayak|sungai-melayu-rayak|2026-05-13 20:53:10
849|69|Pelepat|pelepat|2026-05-13 19:53:43
6241|431|Lolak|lolak|2026-05-13 22:25:26
7163|503|Sayur Matinggi|sayur-matinggi|2026-05-13 22:53:15
4441|313|Umbu Ratu Nggay Tengah|umbu-ratu-nggay-tengah|2026-05-13 21:38:05
3177|206|Gn. Bintang Awai|gn-bintang-awai|2026-05-13 21:02:52
5767|395|Rembon|rembon|2026-05-13 22:11:47
2593|160|Lekok|lekok|2026-05-13 20:43:40
3741|257|Sukoharjo|sukoharjo|2026-05-13 21:19:21
2116|133|Nguntoronadi|nguntoronadi|2026-05-13 20:30:10
986|79|Ciparay|ciparay|2026-05-13 19:57:57
580|47|Air Majunto|air-majunto|2026-05-13 19:44:59
1251|87|Sliyeg|sliyeg|2026-05-13 20:05:34
5156|352|Dogiyai|dogiyai|2026-05-13 21:55:52
3083|197|Limpasu|limpasu|2026-05-13 20:59:47
1378|93|Cikaum|cikaum|2026-05-13 20:09:00
1945|123|Sragi|sragi|2026-05-13 20:25:04
4366|306|Mauponggo|mauponggo|2026-05-13 21:35:53
6544|457|Rambatan|rambatan|2026-05-13 22:33:35
1684|110|Cepogo|cepogo|2026-05-13 20:16:50
5787|396|Sanggalangi|sanggalangi|2026-05-13 22:12:18
1445|94|Surade|surade|2026-05-13 20:10:34
1141|84|Takokak|takokak|2026-05-13 20:02:27
882|71|Nalo Tatan|nalo-tatan|2026-05-13 19:54:46
1887|120|Kota Kudus|kota-kudus|2026-05-13 20:23:15
2305|146|Menganti|menganti|2026-05-13 20:35:38
2647|162|Pejarakan|pejarakan|2026-05-13 20:45:17
1951|124|Ampelgading|ampelgading|2026-05-13 20:25:14
613|49|Seluma Barat|seluma-barat|2026-05-13 19:46:12
3766|259|Gedung Aji|gedung-aji|2026-05-13 21:20:12
2024|128|Pringapus|pringapus|2026-05-13 20:27:38
7230|509|Medan Barat|medan-barat|2026-05-13 22:55:33
1620|106|Wanadadi|wanadadi|2026-05-13 20:14:47
3109|199|Pulau Laut Tengah|pulau-laut-tengah|2026-05-13 21:00:40
6303|437|Melonguane Timur|melonguane-timur|2026-05-13 22:27:16
5600|382|Pattalasang|pattalasang|2026-05-13 22:07:14
5241|357|Gome Utara|gome-utara|2026-05-13 21:57:50
3936|273|Nusaniwe|nusaniwe|2026-05-13 21:24:53
437|35|Tirtayasa|tirtayasa|2026-05-13 19:38:58
1965|125|Bobotsari|bobotsari|2026-05-13 20:25:39
2003|127|Lasem|lasem|2026-05-13 20:27:01
5072|347|Atsj|atsj|2026-05-13 21:53:45
1863|119|Kalikotes|kalikotes|2026-05-13 20:22:34
3389|225|Paser Belengkong|paser-belengkong|2026-05-13 21:09:16
1226|87|Anjatan|anjatan|2026-05-13 20:04:52
5032|345|Langda|langda|2026-05-13 21:52:29
5903|405|Sojol Utara|sojol-utara|2026-05-13 22:15:40
5893|405|Banawa Tengah|banawa-tengah|2026-05-13 22:15:24
1852|118|Singorojo|singorojo|2026-05-13 20:22:08
2311|146|Wringinanom|wringinanom|2026-05-13 20:35:49
441|36|Cikupa|cikupa|2026-05-13 19:39:08
1071|82|Nanggung|nanggung|2026-05-13 20:00:23
6776|476|Madang Suku Iii|madang-suku-iii|2026-05-13 22:40:52
117|9|Ketambe|ketambe|2026-05-13 19:23:22
6869|484|Silahisabungan|silahisabungan|2026-05-13 22:43:28
3726|256|Ngambur|ngambur|2026-05-13 21:18:54
3582|247|Batu Aji|batu-aji|2026-05-13 21:14:37
1059|82|Ciseeng|ciseeng|2026-05-13 20:00:02
5565|380|Bonto Bahari|bonto-bahari|2026-05-13 22:06:17
3359|223|Batu Ampar|batu-ampar|2026-05-13 21:08:22
710|56|Kepulauan Seribu Selatan.|kepulauan-seribu-selatan|2026-05-13 19:49:30
4649|331|Aroba|aroba|2026-05-13 21:43:23
2452|152|Wungu|wungu|2026-05-13 20:39:41
2623|161|Pulung|pulung|2026-05-13 20:44:34
2890|182|Air Upas|air-upas|2026-05-13 20:52:38
289|23|Simpang Kiri|simpang-kiri|2026-05-13 19:33:05
243|16|Simpang Tiga|simpang-tiga|2026-05-13 19:30:53
3988|277|Weda|weda|2026-05-13 21:26:11
2939|185|Sayan|sayan|2026-05-13 20:54:38
6669|469|Sanga Desa|sanga-desa|2026-05-13 22:37:29
1063|82|Gunung Sindur|gunung-sindur|2026-05-13 20:00:09
5379|365|Pangkalan Kuras|pangkalan-kuras|2026-05-13 22:01:36
5238|357|Doufo|doufo|2026-05-13 21:57:46
5477|372|Tanduk Kalua|tanduk-kalua|2026-05-13 22:04:02
3784|260|Tumijajar|tumijajar|2026-05-13 21:20:42
2079|131|Talang|talang|2026-05-13 20:29:10
4444|314|Kambata Mapambuhang|kambata-mapambuhang|2026-05-13 21:38:11
928|74|Seberang Kota|seberang-kota|2026-05-13 19:56:20
4545|320|Kepulauan Ambai|kepulauan-ambai|2026-05-13 21:40:42
4172|293|Rasanae Timur|rasanae-timur|2026-05-13 21:30:44
6401|445|Tomohon Timur|tomohon-timur|2026-05-13 22:30:03
3493|238|Lubuk Besar|lubuk-besar|2026-05-13 21:12:12
4590|324|Urei Faisei|urei-faisei|2026-05-13 21:41:46
4759|335|Segun|segun|2026-05-13 21:45:50
5222|356|Pugo Dagi|pugo-dagi|2026-05-13 21:57:25
777|63|Tapa|tapa|2026-05-13 19:51:27
4031|280|Sulabesi Timur|sulabesi-timur|2026-05-13 21:27:12
1416|94|Cikidang|cikidang|2026-05-13 20:09:54
6695|472|Indralaya|indralaya|2026-05-13 22:38:18
2025|128|Sumowono|sumowono|2026-05-13 20:27:40
7249|510|Padangsidimpuan Angkola Julu|padangsidimpuan-angkola-julu|2026-05-13 22:56:01
7263|512|Sibolga Kota|sibolga-kota|2026-05-13 22:56:26
515|42|Karang Tinggi|karang-tinggi|2026-05-13 19:42:42
6249|432|Pinolosian|pinolosian|2026-05-13 22:25:43
6647|468|Lubai Ulu|lubai-ulu|2026-05-13 22:36:48
1738|112|Nusawungu|nusawungu|2026-05-13 20:18:32
1433|94|Nagrak|nagrak|2026-05-13 20:10:17
3525|242|Teluk Bintan|teluk-bintan|2026-05-13 21:13:12
3626|250|Tanjung Sari|tanjung-sari|2026-05-13 21:15:55
4608|326|Kayauni|kayauni|2026-05-13 21:42:13
5126|349|Ti Zain|ti-zain|2026-05-13 21:55:06
694|54|Tempel|tempel|2026-05-13 19:49:05
5592|382|Bontomarannu|bontomarannu|2026-05-13 22:07:01
6623|467|Merapi Barat|merapi-barat|2026-05-13 22:36:04
4217|296|Alor Timur Laut|alor-timur-laut|2026-05-13 21:31:55
2691|165|Besuki|besuki|2026-05-13 20:46:37
1450|95|Cibugel|cibugel|2026-05-13 20:10:42
5729|392|Sinjai Selatan|sinjai-selatan|2026-05-13 22:10:47
4617|327|Kaimana|kaimana|2026-05-13 21:42:26
6740|474|Sosoh Buay Rayap|sosoh-buay-rayap|2026-05-13 22:39:44
337|31|Marga|marga|2026-05-13 19:35:08
1749|113|Karangawen|karangawen|2026-05-13 20:18:54
1299|89|Darma|darma|2026-05-13 20:06:54
2341|147|Umbulsari|umbulsari|2026-05-13 20:36:31
3064|196|Daha Barat|daha-barat|2026-05-13 20:59:11
540|43|Pinang Raya|pinang-raya|2026-05-13 19:43:40
5675|388|Bantimurung|bantimurung|2026-05-13 22:09:19
4547|320|Nusawani|nusawani|2026-05-13 21:40:45
1188|86|Caringin|caringin|2026-05-13 20:03:50
880|71|Margo Tabir|margo-tabir|2026-05-13 19:54:42
3906|270|Kei Kecil Timur Selatan|kei-kecil-timur-selatan|2026-05-13 21:24:08
606|48|Sindang Beliti Ulu|sindang-beliti-ulu|2026-05-13 19:45:55
2762|168|Tambakboyo|tambakboyo|2026-05-13 20:49:01
4536|319|Mannem|mannem|2026-05-13 21:40:27
5330|362|Kampa|kampa|2026-05-13 22:00:18
4305|301|Atadei|atadei|2026-05-13 21:34:11
1016|80|Ngamprah|ngamprah|2026-05-13 19:58:49
4457|314|Pahunga Lodu|pahunga-lodu|2026-05-13 21:38:29
234|16|Mane|mane|2026-05-13 19:30:13
4522|318|Nimbokrang|nimbokrang|2026-05-13 21:40:07
5067|346|Elelim|elelim|2026-05-13 21:53:32
698|55|Gondokusuman|gondokusuman|2026-05-13 19:49:12
5589|382|Barombong|barombong|2026-05-13 22:06:56
1949|123|Wonokerto|wonokerto|2026-05-13 20:25:11
1977|125|Kutasari|kutasari|2026-05-13 20:25:59
4965|343|Teiraplu|teiraplu|2026-05-13 21:50:49
4910|342|Kilmid|kilmid|2026-05-13 21:49:27
6815|480|Sematang Borang|sematang-borang|2026-05-13 22:41:58
5117|349|Edera|edera|2026-05-13 21:54:52
5060|345|Werima|werima|2026-05-13 21:53:11
3207|209|Rungan Barat|rungan-barat|2026-05-13 21:03:45
3288|216|Pandih Batu|pandih-batu|2026-05-13 21:06:16
6361|440|Tombatu Timur|tombatu-timur|2026-05-13 22:28:54
6114|422|Padangguni|padangguni|2026-05-13 22:21:48
812|66|Lemito|lemito|2026-05-13 19:52:36
905|72|Sekernan|sekernan|2026-05-13 19:55:28
5647|385|Walenrang Timur|walenrang-timur|2026-05-13 22:08:30
5880|404|Bukal|bukal|2026-05-13 22:15:02
1781|115|Karimun Jawa|karimun-jawa|2026-05-13 20:19:56
6770|476|Buay Pemuka Peliung|buay-pemuka-peliung|2026-05-13 22:40:42
3096|199|Kelumpang Barat|kelumpang-barat|2026-05-13 21:00:20
75|6|Kuala Baru|kuala-baru|2026-05-13 19:21:33
1574|103|Beji|beji|2026-05-13 20:13:38
782|64|Bilato|bilato|2026-05-13 19:51:36
7208|506|Nassau|nassau|2026-05-13 22:54:48
3827|264|Batabual|batabual|2026-05-13 21:21:53
6080|420|Tinondo|tinondo|2026-05-13 22:20:49
5342|362|Siak Hulu|siak-hulu|2026-05-13 22:00:35
4723|334|Salawati Utara|salawati-utara|2026-05-13 21:44:59
6019|414|Mata Oleo|mata-oleo|2026-05-13 22:19:03
6864|484|Pegagan Hilir|pegagan-hilir|2026-05-13 22:43:20
3595|248|Tanjung Pinang Kota|tanjung-pinang-kota|2026-05-13 21:14:55
3733|257|Adiluwih|adiluwih|2026-05-13 21:19:06
6783|477|Penukal Utara|penukal-utara|2026-05-13 22:41:06
1658|108|Reban|reban|2026-05-13 20:15:55
3192|208|Lahei|lahei|2026-05-13 21:03:20
4063|285|Belo|belo|2026-05-13 21:28:02
1567|101|Cimahi Tengah|cimahi-tengah|2026-05-13 20:13:28
1578|103|Cinere|cinere|2026-05-13 20:13:43
153|11|Dewantara|dewantara|2026-05-13 19:25:19
5248|357|Ogamanim|ogamanim|2026-05-13 21:58:00
6720|473|Pampangan|pampangan|2026-05-13 22:39:06
4928|342|Wusi|wusi|2026-05-13 21:49:53
3388|225|Muara Samu|muara-samu|2026-05-13 21:09:14
4777|336|Wayer|wayer|2026-05-13 21:46:16
5670|387|Sabbang Selatan|sabbang-selatan|2026-05-13 22:09:10
2648|162|Sukapura|sukapura|2026-05-13 20:45:18
4426|312|Kodi Balaghar|kodi-balaghar|2026-05-13 21:37:34
4904|342|Gearek|gearek|2026-05-13 21:49:19
633|51|Banguntapan|banguntapan|2026-05-13 19:47:01
1774|114|Toroh|toroh|2026-05-13 20:19:43
2505|155|Dawarblandong|dawarblandong|2026-05-13 20:41:04
3973|276|Kepulauan Joronga|kepulauan-joronga|2026-05-13 21:25:51
3463|233|Sesayap|sesayap|2026-05-13 21:11:21
2358|148|Peterongan|peterongan|2026-05-13 20:37:01
1368|92|Sukasari|sukasari|2026-05-13 20:08:45
7238|509|Medan Labuhan|medan-labuhan|2026-05-13 22:55:44
5327|362|Bangkinang|bangkinang|2026-05-13 22:00:14
4668|331|Tomu|tomu|2026-05-13 21:43:44
4298|300|Kupang Timur|kupang-timur|2026-05-13 21:34:00
5748|394|Mappakasunggu|mappakasunggu|2026-05-13 22:11:18
3776|259|Rawa Pitu|rawa-pitu|2026-05-13 21:20:28
5190|354|Tembagapura|tembagapura|2026-05-13 21:56:40
5553|379|Palakka|palakka|2026-05-13 22:05:58
7113|501|Silinda|silinda|2026-05-13 22:51:32
275|20|Langsa Baro|langsa-baro|2026-05-13 19:32:30
993|79|Majalaya|majalaya|2026-05-13 19:58:09
457|36|Pakuhaji|pakuhaji|2026-05-13 19:39:42
6307|437|Pulutan|pulutan|2026-05-13 22:27:22
349|33|Bayah|bayah|2026-05-13 19:35:40
6395|444|Tuminiting|tuminiting|2026-05-13 22:29:52
7177|504|Sibabangun|sibabangun|2026-05-13 22:53:48
1517|97|Astana Anyar|astana-anyar|2026-05-13 20:12:21
3978|276|Obi Barat|obi-barat|2026-05-13 21:25:57
6398|445|Tomohon Barat|tomohon-barat|2026-05-13 22:29:58
4257|298|Ndori|ndori|2026-05-13 21:32:53
6996|493|Hiliserangkai|hiliserangkai|2026-05-13 22:47:39
6759|475|Tiga Dihaji|tiga-dihaji|2026-05-13 22:40:19
6284|436|Siau Barat Selatan|siau-barat-selatan|2026-05-13 22:26:46
3754|258|Pematang Sawa|pematang-sawa|2026-05-13 21:19:46
1294|89|Cilimus|cilimus|2026-05-13 20:06:46
6248|432|Helumo|helumo|2026-05-13 22:25:41
6676|470|Megang Sakti|megang-sakti|2026-05-13 22:37:43
3328|221|Linggang Bigung|linggang-bigung|2026-05-13 21:07:28
54|5|Bakongan|bakongan|2026-05-13 19:20:45
602|48|Kota Padang|kota-padang|2026-05-13 19:45:45
1453|95|Cisarua|cisarua|2026-05-13 20:10:49
4058|284|Tidore|tidore|2026-05-13 21:27:54
578|46|Uram Jaya|uram-jaya|2026-05-13 19:44:55
6238|431|Dumoga Tenggara|dumoga-tenggara|2026-05-13 22:25:21
6138|424|Basala|basala|2026-05-13 22:22:33
697|55|Gedongtengen|gedongtengen|2026-05-13 19:49:11
2538|156|Sawahan|sawahan|2026-05-13 20:42:03
1960|124|Randudongkal|randudongkal|2026-05-13 20:25:30
4355|305|Kota Komba Utara|kota-komba-utara|2026-05-13 21:35:32
220|15|Seunagan Timur|seunagan-timur|2026-05-13 19:29:26
5581|381|Cendana|cendana|2026-05-13 22:06:42
830|67|Sipatana|sipatana|2026-05-13 19:53:07
1272|88|Lemahabang|lemahabang|2026-05-13 20:06:10
3023|193|Paringin|paringin|2026-05-13 20:57:39
3804|262|Kedaton|kedaton|2026-05-13 21:21:19
3420|230|Tanjung Palas Barat|tanjung-palas-barat|2026-05-13 21:10:09
2872|180|Kalis|kalis|2026-05-13 20:52:07
3008|191|Pontianak Kota|pontianak-kota|2026-05-13 20:57:09
2291|145|Tlogosari|tlogosari|2026-05-13 20:35:02
4831|339|Molagalome|molagalome|2026-05-13 21:47:29
5047|345|Silimo|silimo|2026-05-13 21:52:51
1551|99|Bekasi Timur|bekasi-timur|2026-05-13 20:13:05
1240|87|Karangampel|karangampel|2026-05-13 20:05:17
5579|381|Bungin|bungin|2026-05-13 22:06:39
2393|150|Deket|deket|2026-05-13 20:38:02
1202|86|Karangpawitan|karangpawitan|2026-05-13 20:04:13
3094|198|Sungai Tabukan|sungai-tabukan|2026-05-13 21:00:15
5569|380|Herlang|herlang|2026-05-13 22:06:23
3319|220|Tabalar|tabalar|2026-05-13 21:07:11
4182|295|Amanuban Selatan|amanuban-selatan|2026-05-13 21:31:00
1915|122|Gembong|gembong|2026-05-13 20:24:08
3254|213|Mentaya Hilir Selatan|mentaya-hilir-selatan|2026-05-13 21:05:13
1007|80|Cihampelas|cihampelas|2026-05-13 19:58:33
1957|124|Pemalang|pemalang|2026-05-13 20:25:24
4642|330|Hingk|hingk|2026-05-13 21:43:09
5526|377|Gantarang Keke|gantarang-keke|2026-05-13 22:05:15
1335|90|Majalengka|majalengka|2026-05-13 20:07:56
5590|382|Biringbulu|biringbulu|2026-05-13 22:06:57
4548|320|Poom|poom|2026-05-13 21:40:46
6993|493|Botomuzoi|botomuzoi|2026-05-13 22:47:33
5429|368|Sungai Apit|sungai-apit|2026-05-13 22:02:49
634|51|Bantul|bantul|2026-05-13 19:47:03
6339|439|Kumelembuai|kumelembuai|2026-05-13 22:28:16
7211|506|Porsea|porsea|2026-05-13 22:54:56
181|12|Permata|permata|2026-05-13 19:27:07
4907|342|Iniye|iniye|2026-05-13 21:49:23
3931|272|Tutuk Tolu|tutuk-tolu|2026-05-13 21:24:46
2048|129|Sukodono|sukodono|2026-05-13 20:28:17
7175|504|Pinangsori|pinangsori|2026-05-13 22:53:45
6916|487|Merek|merek|2026-05-13 22:45:05
5919|407|Mori Utara|mori-utara|2026-05-13 22:16:12
5438|369|Sungai Sembilan|sungai-sembilan|2026-05-13 22:03:02
5007|344|Wina|wina|2026-05-13 21:51:53
4594|325|Abepura|abepura|2026-05-13 21:41:52
42|3|Seulimeum|seulimeum|2026-05-13 19:20:12
1094|83|Cipaku|cipaku|2026-05-13 20:01:05
3461|233|Betayau|betayau|2026-05-13 21:11:18
1083|82|Tenjo|tenjo|2026-05-13 20:00:44
7262|511|Siantar Utara|siantar-utara|2026-05-13 22:56:24
4569|322|Bonggo|bonggo|2026-05-13 21:41:16
2760|168|Singgahan|singgahan|2026-05-13 20:48:55
5256|358|Dagai|dagai|2026-05-13 21:58:13
863|70|Depati Tujuh|depati-tujuh|2026-05-13 19:54:07
3593|248|Bukit Bestari|bukit-bestari|2026-05-13 21:14:53
4459|314|Pinu Pahar|pinu-pahar|2026-05-13 21:38:32
5363|364|Kuantan Hilir Seberang|kuantan-hilir-seberang|2026-05-13 22:01:10
6494|453|Basa Ampek Balai Tapan|basa-ampek-balai-tapan|2026-05-13 22:32:18
4131|290|Bayan|bayan|2026-05-13 21:29:48
6566|460|Padang Panjang Timur|padang-panjang-timur|2026-05-13 22:34:11
3363|223|Karangan|karangan|2026-05-13 21:08:27
3176|206|Dusun Utara|dusun-utara|2026-05-13 21:02:50
2082|132|Bansari|bansari|2026-05-13 20:29:16
64|5|Meukek|meukek|2026-05-13 19:21:05
1079|82|Sukaraja|sukaraja|2026-05-13 20:00:37
5719|391|Panca Rijang|panca-rijang|2026-05-13 22:10:30
271|19|Meuraxa|meuraxa|2026-05-13 19:32:20
346|32|Denpasar Timur|denpasar-timur|2026-05-13 19:35:30
6056|418|Kulisusu|kulisusu|2026-05-13 22:20:07
1784|115|Kembang|kembang|2026-05-13 20:20:01
6751|475|Mekakau Ilir|mekakau-ilir|2026-05-13 22:40:05
6926|488|Bilah Hulu|bilah-hulu|2026-05-13 22:45:26
3175|206|Dusun Selatan|dusun-selatan|2026-05-13 21:02:47
883|71|Pamenang|pamenang|2026-05-13 19:54:48
7051|496|Namohalu Esiwa|namohalu-esiwa|2026-05-13 22:49:20
477|38|Cipocok Jaya|cipocok-jaya|2026-05-13 19:40:24
4047|283|Kota Ternate Tengah|kota-ternate-tengah|2026-05-13 21:27:37
6556|459|Kuranji|kuranji|2026-05-13 22:33:55
4634|329|Neney|neney|2026-05-13 21:42:57
519|42|Pematang Tiga|pematang-tiga|2026-05-13 19:42:51
3151|202|Tambang Ulang|tambang-ulang|2026-05-13 21:01:59
2472|154|Bantur|bantur|2026-05-13 20:40:15
4809|338|Malaimsimsa|malaimsimsa|2026-05-13 21:47:00
5945|408|Toribulu|toribulu|2026-05-13 22:16:58
898|72|Bahar Selatan|bahar-selatan|2026-05-13 19:55:14
1641|107|Purwokerto Utara|purwokerto-utara|2026-05-13 20:15:23
4768|336|Kokoda Utara|kokoda-utara|2026-05-13 21:46:04
2162|138|Semarang Barat|semarang-barat|2026-05-13 20:31:29
3416|230|Peso|peso|2026-05-13 21:10:01
5705|390|Lanrisang|lanrisang|2026-05-13 22:10:08
4176|294|Sandubaya|sandubaya|2026-05-13 21:30:50
3098|199|Kelumpang Hulu|kelumpang-hulu|2026-05-13 21:00:22
6709|472|Tanjung Batu|tanjung-batu|2026-05-13 22:38:43
2076|131|Pangkah|pangkah|2026-05-13 20:29:05
5125|349|Syahcame|syahcame|2026-05-13 21:55:05
3351|222|Muara Wis|muara-wis|2026-05-13 21:08:07
4216|296|Alor Timur|alor-timur|2026-05-13 21:31:54
959|77|Jambi Selatan|jambi-selatan|2026-05-13 19:57:15
3507|240|Manggar|manggar|2026-05-13 21:12:39
3809|262|Rajabasa|rajabasa|2026-05-13 21:21:26
536|43|Lais|lais|2026-05-13 19:43:31
6909|487|Dolat Rayat|dolat-rayat|2026-05-13 22:44:53
5933|408|Parigi|parigi|2026-05-13 22:16:39
3406|229|Palaran|palaran|2026-05-13 21:09:44
4784|337|Fef|fef|2026-05-13 21:46:26
2682|164|Tanggulangin|tanggulangin|2026-05-13 20:46:20
6348|439|Tareran|tareran|2026-05-13 22:28:30
3856|267|Tanimbar Selatan|tanimbar-selatan|2026-05-13 21:22:43
2153|138|Banyumanik|banyumanik|2026-05-13 20:31:14
3073|196|Telaga Langsat|telaga-langsat|2026-05-13 20:59:28
6358|440|Ratatotok|ratatotok|2026-05-13 22:28:48
6357|440|Ratahan Timur|ratahan-timur|2026-05-13 22:28:47
3361|223|Busang|busang|2026-05-13 21:08:25
2321|147|Kalisat|kalisat|2026-05-13 20:36:03
1046|82|Bojong Gede|bojong-gede|2026-05-13 19:59:39
3071|196|Simpur|simpur|2026-05-13 20:59:24
2033|129|Gesi|gesi|2026-05-13 20:27:54
4297|300|Kupang Tengah|kupang-tengah|2026-05-13 21:33:58
955|76|Vii Koto Ilir|vii-koto-ilir|2026-05-13 19:57:08
6103|422|Asinua|asinua|2026-05-13 22:21:30
6167|425|Motui|motui|2026-05-13 22:23:28
3747|258|Gunung Alip|gunung-alip|2026-05-13 21:19:33
5291|359|Siak Kecil|siak-kecil|2026-05-13 21:59:09
1922|122|Margoyoso|margoyoso|2026-05-13 20:24:21
7275|514|Padang Hulu|padang-hulu|2026-05-13 22:56:44
3706|254|Panca Jaya|panca-jaya|2026-05-13 21:18:15
5370|364|Singingi|singingi|2026-05-13 22:01:22
1015|80|Lembang|lembang|2026-05-13 19:58:47
6135|424|Andoolo Barat|andoolo-barat|2026-05-13 22:22:28
1600|105|Tamansari|tamansari|2026-05-13 20:14:14
5458|371|Sendana|sendana|2026-05-13 22:03:33
3534|243|Meral|meral|2026-05-13 21:13:27
7246|509|Medan Tembung|medan-tembung|2026-05-13 22:55:56
5122|349|Obaa|obaa|2026-05-13 21:55:00
4727|334|Waigeo Barat|waigeo-barat|2026-05-13 21:45:04
6149|424|Moramo|moramo|2026-05-13 22:22:54
1838|118|Gemuh|gemuh|2026-05-13 20:21:43
3090|198|Danau Panggang|danau-panggang|2026-05-13 21:00:06
4525|318|Sentani|sentani|2026-05-13 21:40:11
485|39|Cibodas|cibodas|2026-05-13 19:40:42
1645|107|Sumbang|sumbang|2026-05-13 20:15:30
4294|300|Fatuleu Barat|fatuleu-barat|2026-05-13 21:33:54
4465|315|Biboki Feotleu|biboki-feotleu|2026-05-13 21:38:41
868|70|Kayu Aro Barat|kayu-aro-barat|2026-05-13 19:54:18
1286|88|Tirtamulya|tirtamulya|2026-05-13 20:06:32
6141|424|Kolono|kolono|2026-05-13 22:22:39
5181|354|Kuala Kencana|kuala-kencana|2026-05-13 21:56:29
3710|254|Way Serdang|way-serdang|2026-05-13 21:18:23
5960|409|Poso Kota|poso-kota|2026-05-13 22:17:23
6948|491|Batang Serangan|batang-serangan|2026-05-13 22:46:04
2598|160|Pohjentrek|pohjentrek|2026-05-13 20:43:49
5355|363|Tebing Tinggi Barat|tebing-tinggi-barat|2026-05-13 22:00:56
937|75|Mendahara|mendahara|2026-05-13 19:56:36
5213|356|Dogomo|dogomo|2026-05-13 21:57:11
3752|258|Kota Agung Timur|kota-agung-timur|2026-05-13 21:19:42
2934|185|Ella Hilir|ella-hilir|2026-05-13 20:54:26
270|19|Lueng Bata|lueng-bata|2026-05-13 19:32:18
927|74|Renah Mendaluh|renah-mendaluh|2026-05-13 19:56:19
6852|483|Lima Puluh|lima-puluh|2026-05-13 22:42:58
3883|269|Leihitu Barat|leihitu-barat|2026-05-13 21:23:27
5732|392|Sinjai Utara|sinjai-utara|2026-05-13 22:10:52
6185|426|Napabalano|napabalano|2026-05-13 22:23:57
2339|147|Tanggul|tanggul|2026-05-13 20:36:29
2620|161|Ngrayun|ngrayun|2026-05-13 20:44:30
4803|337|Tinggouw|tinggouw|2026-05-13 21:46:52
2223|143|Doko|doko|2026-05-13 20:33:08
3251|213|Cempaga Hulu|cempaga-hulu|2026-05-13 21:05:08
6136|424|Angata|angata|2026-05-13 22:22:30
2494|154|Singosari|singosari|2026-05-13 20:40:47
2267|144|Sumberejo|sumberejo|2026-05-13 20:34:19
1913|122|Dukuhseti|dukuhseti|2026-05-13 20:24:04
2421|151|Klakah|klakah|2026-05-13 20:38:54
1360|92|Darangdan|darangdan|2026-05-13 20:08:33
2931|184|Sompak|sompak|2026-05-13 20:54:18
4389|308|Rote Selatan|rote-selatan|2026-05-13 21:36:34
3158|203|Lokpaikat|lokpaikat|2026-05-13 21:02:14
999|79|Pangalengan|pangalengan|2026-05-13 19:58:19
1733|112|Kedungreja|kedungreja|2026-05-13 20:18:23
5783|396|Rantebua|rantebua|2026-05-13 22:12:12
3393|226|Penajam|penajam|2026-05-13 21:09:23
2190|141|Modung|modung|2026-05-13 20:32:17
4785|337|Ireres|ireres|2026-05-13 21:46:27
1796|116|Jatiyoso|jatiyoso|2026-05-13 20:20:21
4972|344|Bogonuk|bogonuk|2026-05-13 21:51:00
4020|280|Mangoli Barat|mangoli-barat|2026-05-13 21:26:59
3796|261|Negeri Besar|negeri-besar|2026-05-13 21:21:05
3504|240|Dendang|dendang|2026-05-13 21:12:34
5011|344|Yuko|yuko|2026-05-13 21:51:59
4438|313|Mamboro|mamboro|2026-05-13 21:37:59
1711|111|Losari|losari|2026-05-13 20:17:41
7267|513|Datuk Bandar|datuk-bandar|2026-05-13 22:56:32
6289|436|Tagulandang|tagulandang|2026-05-13 22:26:54
4470|315|Bikomi Nilulat|bikomi-nilulat|2026-05-13 21:38:47
2839|178|Tegalsari|tegalsari|2026-05-13 20:51:14
6968|491|Wampu|wampu|2026-05-13 22:46:39
1256|87|Widasari|widasari|2026-05-13 20:05:42
4652|331|Biscoop|biscoop|2026-05-13 21:43:26
1275|88|Pangkalan|pangkalan|2026-05-13 20:06:14
4797|337|Mpur|mpur|2026-05-13 21:46:43
201|13|Samalanga|samalanga|2026-05-13 19:28:29
4388|308|Rote Barat Laut|rote-barat-laut|2026-05-13 21:36:32
3627|250|Way Panji|way-panji|2026-05-13 21:15:57
2264|144|Sekar|sekar|2026-05-13 20:34:15
2251|144|Kanor|kanor|2026-05-13 20:33:53
3652|251|Terbanggi Besar|terbanggi-besar|2026-05-13 21:16:41
5596|382|Manuju|manuju|2026-05-13 22:07:07
6942|490|Kualuh Leidong|kualuh-leidong|2026-05-13 22:45:53
5754|395|Bittuang|bittuang|2026-05-13 22:11:27
5955|409|Pamona Puselemba|pamona-puselemba|2026-05-13 22:17:15
5563|379|Tonra|tonra|2026-05-13 22:06:13
3956|276|Bacan Selatan|bacan-selatan|2026-05-13 21:25:28
4778|337|Abun|abun|2026-05-13 21:46:18
6696|472|Indralaya Selatan|indralaya-selatan|2026-05-13 22:38:20
1710|111|Larangan|larangan|2026-05-13 20:17:39
4826|339|Itlay Hisage|itlay-hisage|2026-05-13 21:47:22
2750|168|Kenduruan|kenduruan|2026-05-13 20:48:28
2655|163|Banyuates|banyuates|2026-05-13 20:45:30
370|33|Panggarangan|panggarangan|2026-05-13 19:36:28
5374|365|Bunut|bunut|2026-05-13 22:01:29
1797|116|Jenawi|jenawi|2026-05-13 20:20:23
3985|277|Patani Timur|patani-timur|2026-05-13 21:26:07
4148|291|Maronge|maronge|2026-05-13 21:30:10
3170|205|Banjarmasin Selatan|banjarmasin-selatan|2026-05-13 21:02:34
5768|395|Saluputi|saluputi|2026-05-13 22:11:49
3077|197|Batang Alai Utara|batang-alai-utara|2026-05-13 20:59:37
1250|87|Sindang|sindang|2026-05-13 20:05:32
6390|444|Mapanget|mapanget|2026-05-13 22:29:44
6506|453|Silaut|silaut|2026-05-13 22:32:39
949|76|Sumay|sumay|2026-05-13 19:56:57
800|65|Biau|biau|2026-05-13 19:52:16
5301|360|Keritang|keritang|2026-05-13 21:59:24
6435|448|Siberut Tengah|siberut-tengah|2026-05-13 22:30:51
6441|449|Bukik Barisan|bukik-barisan|2026-05-13 22:31:01
6576|463|Barangin|barangin|2026-05-13 22:34:30
6536|456|Sungai Pagu|sungai-pagu|2026-05-13 22:33:24
3960|276|Gane Barat|gane-barat|2026-05-13 21:25:33
4490|316|Kota Lama|kota-lama|2026-05-13 21:39:17
6728|473|Tulung Selapan|tulung-selapan|2026-05-13 22:39:23
6972|492|Huta Bargot|huta-bargot|2026-05-13 22:46:48
2366|149|Gampengrejo|gampengrejo|2026-05-13 20:37:15
1831|117|Rowokele|rowokele|2026-05-13 20:21:30
7221|507|Binjai Utara|binjai-utara|2026-05-13 22:55:13
3018|193|Awayan|awayan|2026-05-13 20:57:26
1886|120|Kaliwungu|kaliwungu|2026-05-13 20:23:13
853|69|Tanah Sepenggal|tanah-sepenggal|2026-05-13 19:53:49
1356|92|Bojong|bojong|2026-05-13 20:08:28
102|8|Ketol|ketol|2026-05-13 19:22:33
1824|117|Mirit|mirit|2026-05-13 20:21:17
5132|350|Jagebob|jagebob|2026-05-13 21:55:15
3862|268|Damer|damer|2026-05-13 21:22:54
776|63|Suwawa Timur|suwawa-timur|2026-05-13 19:51:25
304|26|Gerokgak|gerokgak|2026-05-13 19:33:48
688|54|Ngaglik|ngaglik|2026-05-13 19:48:54
107|8|Rusip Antara|rusip-antara|2026-05-13 19:22:47
4929|342|Wutpaga|wutpaga|2026-05-13 21:49:54
3499|239|Membalong|membalong|2026-05-13 21:12:24
2384|149|Puncu|puncu|2026-05-13 20:37:45
3838|265|Kepala Madan|kepala-madan|2026-05-13 21:22:12
3888|269|Saparua Timur|saparua-timur|2026-05-13 21:23:34
1590|104|Lembursitu|lembursitu|2026-05-13 20:13:59
7047|496|Alasa Talumuzoi|alasa-talumuzoi|2026-05-13 22:49:13
4060|284|Tidore Timur|tidore-timur|2026-05-13 21:27:57
5584|381|Maiwa|maiwa|2026-05-13 22:06:47
1821|117|Klirong|klirong|2026-05-13 20:21:10
1721|112|Binangun|binangun|2026-05-13 20:18:01
3191|208|Gunung Timang|gunung-timang|2026-05-13 21:03:18
3082|197|Labuan Amas Utara|labuan-amas-utara|2026-05-13 20:59:45
5465|372|Buntumalangka|buntumalangka|2026-05-13 22:03:44
1926|122|Tambakromo|tambakromo|2026-05-13 20:24:29
5967|410|Dolo Barat|dolo-barat|2026-05-13 22:17:35
3650|251|Seputih Raman|seputih-raman|2026-05-13 21:16:38
604|48|Selupu Rejang|selupu-rejang|2026-05-13 19:45:50
308|26|Sukasada|sukasada|2026-05-13 19:33:58
5859|402|Buko|buko|2026-05-13 22:14:24
7151|503|Aek Bilah|aek-bilah|2026-05-13 22:52:47
2487|154|Ngantang|ngantang|2026-05-13 20:40:37
454|36|Mauk|mauk|2026-05-13 19:39:36
2329|147|Patrang|patrang|2026-05-13 20:36:15
1714|111|Sirampog|sirampog|2026-05-13 20:17:47
7027|495|O'o'u|oou|2026-05-13 22:48:38
3472|235|Mendo Barat|mendo-barat|2026-05-13 21:11:37
5811|398|Makassar|makassar|2026-05-13 22:13:00
5742|394|Galesong|galesong|2026-05-13 22:11:08
1779|115|Jepara|jepara|2026-05-13 20:19:52
2542|157|Bringin|bringin|2026-05-13 20:42:08
360|33|Cipanas|cipanas|2026-05-13 19:36:06
6567|461|Pariaman Selatan|pariaman-selatan|2026-05-13 22:34:13
5375|365|Kerumutan|kerumutan|2026-05-13 22:01:30
5938|408|Sausu|sausu|2026-05-13 22:16:46
301|26|Banjar|banjar|2026-05-13 19:33:38
6011|414|Kabaena|kabaena|2026-05-13 22:18:52
6408|446|Iv Koto|iv-koto|2026-05-13 22:30:14
2188|141|Kwanyar|kwanyar|2026-05-13 20:32:14
4041|282|Taliabu Barat Laut|taliabu-barat-laut|2026-05-13 21:27:28
359|33|Cimarga|cimarga|2026-05-13 19:36:03
615|49|Seluma Timur|seluma-timur|2026-05-13 19:46:16
2323|147|Kencong|kencong|2026-05-13 20:36:06
2592|160|Kraton|kraton|2026-05-13 20:43:37
5034|345|Mugi|mugi|2026-05-13 21:52:32
6293|437|Beo Selatan|beo-selatan|2026-05-13 22:27:01
4568|322|Apawer Hulu|apawer-hulu|2026-05-13 21:41:14
714|57|Kalideres|kalideres|2026-05-13 19:49:36
903|72|Maro Sebo|maro-sebo|2026-05-13 19:55:24
2944|186|Mempawah Hilir|mempawah-hilir|2026-05-13 20:54:50
1330|90|Kertajati|kertajati|2026-05-13 20:07:48
6021|414|Poleang|poleang|2026-05-13 22:19:07
3433|231|Malinau Selatan Hulu|malinau-selatan-hulu|2026-05-13 21:10:28
1144|85|Arjawinangun|arjawinangun|2026-05-13 20:02:34
4081|286|Hu'u|huu|2026-05-13 21:28:30
2324|147|Ledokombo|ledokombo|2026-05-13 20:36:07
1791|115|Welahan|welahan|2026-05-13 20:20:12
4213|296|Alor Barat Laut|alor-barat-laut|2026-05-13 21:31:49
6946|491|Babalan|babalan|2026-05-13 22:46:01
5539|379|Amali|amali|2026-05-13 22:05:34
715|57|Kebon Jeruk|kebon-jeruk|2026-05-13 19:49:38
4868|340|Guna|guna|2026-05-13 21:48:23
5535|378|Soppeng Riaja|soppeng-riaja|2026-05-13 22:05:27
5504|375|Sarjo|sarjo|2026-05-13 22:04:42
1943|123|Petungkriyono|petungkriyono|2026-05-13 20:25:01
1278|88|Rawamerta|rawamerta|2026-05-13 20:06:19
6354|440|Pasan|pasan|2026-05-13 22:28:41
603|48|Padang Ulak Tanding|padang-ulak-tanding|2026-05-13 19:45:47
193|13|Kuta Blang|kuta-blang|2026-05-13 19:27:55
5780|396|Kapala Pitu|kapala-pitu|2026-05-13 22:12:07
4330|303|Rahong Utara|rahong-utara|2026-05-13 21:34:51
4370|307|Bajawa|bajawa|2026-05-13 21:36:00
7102|501|Bandar Khalipah|bandar-khalipah|2026-05-13 22:51:11
3968|276|Kayoa|kayoa|2026-05-13 21:25:45
1412|94|Cidolog|cidolog|2026-05-13 20:09:48
4413|310|Paga|paga|2026-05-13 21:37:08
7200|505|Tarutung|tarutung|2026-05-13 22:54:30
6619|467|Kikim Timur|kikim-timur|2026-05-13 22:35:54
5886|404|Paleleh|paleleh|2026-05-13 22:15:12
1717|111|Tonjong|tonjong|2026-05-13 20:17:53
28|3|Ingin Jaya|ingin-jaya|2026-05-13 19:19:34
2789|171|Sukorejo|sukorejo|2026-05-13 20:49:54
229|16|Grong-Grong|grong-grong|2026-05-13 19:29:56
2912|183|Kubu|kubu|2026-05-13 20:53:17
6259|433|Nuangan|nuangan|2026-05-13 22:26:01
4701|333|Ayamaru Selatan Jaya|ayamaru-selatan-jaya|2026-05-13 21:44:32
5835|400|Ujung|ujung|2026-05-13 22:13:37
6367|441|Kalawat|kalawat|2026-05-13 22:29:04
2717|166|Kalianget|kalianget|2026-05-13 20:47:22
803|65|Monano|monano|2026-05-13 19:52:22
3843|266|Aru Selatan Timur|aru-selatan-timur|2026-05-13 21:22:22
2100|132|Tretep|tretep|2026-05-13 20:29:46
5657|386|Towuti|towuti|2026-05-13 22:08:47
839|69|Bathin Ii Pelayang|bathin-ii-pelayang|2026-05-13 19:53:29
1675|109|Ngawen|ngawen|2026-05-13 20:16:32
6385|443|Kotamobagu Timur|kotamobagu-timur|2026-05-13 22:29:36
3510|241|Bukitintan|bukitintan|2026-05-13 21:12:45
846|69|Limbur Lubuk Mengkuang|limbur-lubuk-mengkuang|2026-05-13 19:53:39
572|46|Lebong Tengah|lebong-tengah|2026-05-13 19:44:45
4128|289|Suwela|suwela|2026-05-13 21:29:43
2201|142|Genteng|genteng|2026-05-13 20:32:36
5334|362|Kampar Kiri Hulu|kampar-kiri-hulu|2026-05-13 22:00:24
4916|342|Mbua Tengah|mbua-tengah|2026-05-13 21:49:35
7094|500|Nainggolan|nainggolan|2026-05-13 22:50:55
5755|395|Bonggakaradeng|bonggakaradeng|2026-05-13 22:11:29
342|31|Selemadeg|selemadeg|2026-05-13 19:35:21
3305|219|Bukit Batu|bukit-batu|2026-05-13 21:06:47
6635|467|Tanjungsakti Pumu|tanjungsakti-pumu|2026-05-13 22:36:26
2271|145|Binakal|binakal|2026-05-13 20:34:30
2120|133|Purwantoro|purwantoro|2026-05-13 20:30:17
6116|422|Puriala|puriala|2026-05-13 22:21:52
2729|166|Saronggi|saronggi|2026-05-13 20:47:42
5752|394|Polongbangkeng Timur|polongbangkeng-timur|2026-05-13 22:11:24
2306|146|Panceng|panceng|2026-05-13 20:35:40
1507|96|Sukahening|sukahening|2026-05-13 20:12:06
5218|356|Muye|muye|2026-05-13 21:57:18
6439|448|Sipora Utara|sipora-utara|2026-05-13 22:30:57
4429|312|Kota Tambolaka|kota-tambolaka|2026-05-13 21:37:40
5254|357|Wangbe|wangbe|2026-05-13 21:58:09
823|67|Dungingi|dungingi|2026-05-13 19:52:55
923|74|Kuala Betara|kuala-betara|2026-05-13 19:56:12
5845|401|Lobu|lobu|2026-05-13 22:13:57
5103|348|Kombay|kombay|2026-05-13 21:54:25
1752|113|Mijen|mijen|2026-05-13 20:18:59
4694|333|Aitinyo Raya|aitinyo-raya|2026-05-13 21:44:22
2721|166|Manding|manding|2026-05-13 20:47:29
79|6|Singkil|singkil|2026-05-13 19:21:39
4340|304|Kuwus|kuwus|2026-05-13 21:35:08
4491|316|Kota Raja|kota-raja|2026-05-13 21:39:18
4478|315|Insana Utara|insana-utara|2026-05-13 21:38:59
1252|87|Sukagumiwang|sukagumiwang|2026-05-13 20:05:36
4204|295|Nunbena|nunbena|2026-05-13 21:31:32
669|53|Kalibawang|kalibawang|2026-05-13 19:48:16
1183|85|Weru|weru|2026-05-13 20:03:40
6679|470|Muara Lakitan|muara-lakitan|2026-05-13 22:37:49
2260|144|Ngasem|ngasem|2026-05-13 20:34:08
595|48|Bermani Ulu Raya|bermani-ulu-raya|2026-05-13 19:45:31
4401|310|Bola|bola|2026-05-13 21:36:52
7105|501|Dolok Merawan|dolok-merawan|2026-05-13 22:51:18
5636|385|Lamasi|lamasi|2026-05-13 22:08:12
3465|233|Tana Lia|tana-lia|2026-05-13 21:11:24
458|36|Panongan|panongan|2026-05-13 19:39:45
2119|133|Puhpelem|puhpelem|2026-05-13 20:30:15
5184|354|Mimika Barat Jauh|mimika-barat-jauh|2026-05-13 21:56:33
52|4|Setia Bhakti|setia-bhakti|2026-05-13 19:20:39
5531|378|Balusu|balusu|2026-05-13 22:05:22
2419|151|Jatiroto|jatiroto|2026-05-13 20:38:51
2408|150|Sambeng|sambeng|2026-05-13 20:38:32
5587|382|Bajeng|bajeng|2026-05-13 22:06:53
6738|474|Semidang Aji|semidang-aji|2026-05-13 22:39:41
5086|347|Safan|safan|2026-05-13 21:54:02
1693|110|Nogosari|nogosari|2026-05-13 20:17:05
3049|195|Bakumpai|bakumpai|2026-05-13 20:58:45
6988|492|Siabu|siabu|2026-05-13 22:47:21
4731|334|Waigeo Utara|waigeo-utara|2026-05-13 21:45:10
4191|295|Kok Baun|kok-baun|2026-05-13 21:31:12
753|61|Tanjung Priok|tanjung-priok|2026-05-13 19:50:43
1861|119|Jogonalan|jogonalan|2026-05-13 20:22:29
258|18|Simeulue Cut|simeulue-cut|2026-05-13 19:31:48
4880|340|Mokoni|mokoni|2026-05-13 21:48:41
3724|256|Krui Selatan|krui-selatan|2026-05-13 21:18:51
1891|121|Borobudur|borobudur|2026-05-13 20:23:22
2554|157|Ngrambe|ngrambe|2026-05-13 20:42:25
4167|292|Taliwang|taliwang|2026-05-13 21:30:36
1355|92|Babakancikao|babakancikao|2026-05-13 20:08:27
6953|491|Hinai|hinai|2026-05-13 22:46:12
5419|368|Dayun|dayun|2026-05-13 22:02:36
3204|209|Mihing Raya|mihing-raya|2026-05-13 21:03:40
3196|208|Teweh Selatan|teweh-selatan|2026-05-13 21:03:27
1352|91|Pangandaran|pangandaran|2026-05-13 20:08:21
671|53|Lendah|lendah|2026-05-13 19:48:20
4212|296|Alor Barat Daya|alor-barat-daya|2026-05-13 21:31:48
6164|425|Lasolo Kepulauan|lasolo-kepulauan|2026-05-13 22:23:23
4002|278|Wasile Utara|wasile-utara|2026-05-13 21:26:31
1859|119|Gantiwarno|gantiwarno|2026-05-13 20:22:25
249|17|Jangka Buaya|jangka-buaya|2026-05-13 19:31:20
465|36|Sukadiri|sukadiri|2026-05-13 19:39:59
296|24|Petang|petang|2026-05-13 19:33:24
1596|105|Indihiang|indihiang|2026-05-13 20:14:08
7099|500|Sianjar Mula Mula|sianjar-mula-mula|2026-05-13 22:51:05
6098|421|Wawo|wawo|2026-05-13 22:21:21
5902|405|Sojol|sojol|2026-05-13 22:15:39
5574|380|Ujungloe|ujungloe|2026-05-13 22:06:31
2208|142|Licin|licin|2026-05-13 20:32:45
6634|467|Tanjung Sakti Pumi|tanjung-sakti-pumi|2026-05-13 22:36:24
1962|124|Ulujami|ulujami|2026-05-13 20:25:33
1982|125|Rembang|rembang|2026-05-13 20:26:07
2461|153|Maospati|maospati|2026-05-13 20:39:57
1399|93|Sukasari|sukasari|2026-05-13 20:09:30
3589|247|Nongsa|nongsa|2026-05-13 21:14:47
5658|386|Wasuponda|wasuponda|2026-05-13 22:08:49
6736|474|Pengandonan|pengandonan|2026-05-13 22:39:37
2368|149|Gurah|gurah|2026-05-13 20:37:17
6618|467|Kikim Tengah|kikim-tengah|2026-05-13 22:35:53
4018|279|Tobelo Timur|tobelo-timur|2026-05-13 21:26:55
1423|94|Gegerbitung|gegerbitung|2026-05-13 20:10:04
6889|485|Patumbak|patumbak|2026-05-13 22:44:11
4242|298|Detusoko|detusoko|2026-05-13 21:32:28
1377|93|Cijambe|cijambe|2026-05-13 20:08:58
854|69|Tanah Sepenggal Lintas|tanah-sepenggal-lintas|2026-05-13 19:53:51
2216|142|Songgon|songgon|2026-05-13 20:32:57
1565|100|Tanah Sareal|tanah-sareal|2026-05-13 20:13:25
2825|178|Krembangan|krembangan|2026-05-13 20:50:52
4663|331|Moskona Selatan|moskona-selatan|2026-05-13 21:43:38
940|75|Muara Sabak Timur|muara-sabak-timur|2026-05-13 19:56:41
2576|159|Larangan|larangan|2026-05-13 20:43:03
171|11|Syamtalira Aron|syamtalira-aron|2026-05-13 19:26:27
6555|459|Koto Tangah|koto-tangah|2026-05-13 22:33:53
794|64|Telaga Biru|telaga-biru|2026-05-13 19:52:02
1113|84|Bojongpicung|bojongpicung|2026-05-13 20:01:37
528|43|Arma Jaya|arma-jaya|2026-05-13 19:43:13
3984|277|Patani Barat|patani-barat|2026-05-13 21:26:06
1682|110|Banyudono|banyudono|2026-05-13 20:16:47
1505|96|Singaparna|singaparna|2026-05-13 20:12:04
1698|110|Tamansari|tamansari|2026-05-13 20:17:15
954|76|Vii Koto|vii-koto|2026-05-13 19:57:06
4013|279|Malifut|malifut|2026-05-13 21:26:48
2512|155|Kutorejo|kutorejo|2026-05-13 20:41:17
6330|438|Tompaso|tompaso|2026-05-13 22:28:00
5519|376|Tapango|tapango|2026-05-13 22:05:04
1524|97|Bojongloa Kidul|bojongloa-kidul|2026-05-13 20:12:30
5502|375|Pasangkayu|pasangkayu|2026-05-13 22:04:40
1840|118|Kaliwungu Selatan|kaliwungu-selatan|2026-05-13 20:21:46
2437|151|Yosowilangun|yosowilangun|2026-05-13 20:39:17
1191|86|Cibiuk|cibiuk|2026-05-13 20:03:55
4068|285|Langgudu|langgudu|2026-05-13 21:28:10
4074|285|Sape|sape|2026-05-13 21:28:18
6258|433|Motongkad|motongkad|2026-05-13 22:25:59
2945|186|Mempawah Timur|mempawah-timur|2026-05-13 20:54:52
3402|228|Bontang Barat|bontang-barat|2026-05-13 21:09:38
5844|401|Lamala|lamala|2026-05-13 22:13:56
6253|432|Tomini|tomini|2026-05-13 22:25:50
3785|260|Way Kenanga|way-kenanga|2026-05-13 21:20:44
2270|144|Trucuk|trucuk|2026-05-13 20:34:27
752|61|Penjaringan|penjaringan|2026-05-13 19:50:42
2290|145|Tenggarang|tenggarang|2026-05-13 20:35:00
7042|495|Ulunoyo|ulunoyo|2026-05-13 22:49:04
1314|89|Pancalang|pancalang|2026-05-13 20:07:22
5432|369|Bukit Kapur|bukit-kapur|2026-05-13 22:02:54
4253|298|Maurole|maurole|2026-05-13 21:32:45
7005|494|Mandrehe Barat|mandrehe-barat|2026-05-13 22:47:57
3187|207|Patangkep Tutui|patangkep-tutui|2026-05-13 21:03:11
5480|373|Kalukku|kalukku|2026-05-13 22:04:07
5850|401|Mantoh|mantoh|2026-05-13 22:14:05
4201|295|Mollo Utara|mollo-utara|2026-05-13 21:31:27
2436|151|Tempursari|tempursari|2026-05-13 20:39:15
1990|126|Grabag|grabag|2026-05-13 20:26:26
4885|340|Pirime|pirime|2026-05-13 21:48:48
4610|326|Kramongmongga|kramongmongga|2026-05-13 21:42:16
3179|206|Karau Kuala|karau-kuala|2026-05-13 21:02:55
1668|109|Japah|japah|2026-05-13 20:16:19
6758|475|Sungai Are|sungai-are|2026-05-13 22:40:17
3705|254|Mesuji Timur|mesuji-timur|2026-05-13 21:18:13
5192|355|Dipa|dipa|2026-05-13 21:56:44
146|10|Simpang Jernih|simpang-jernih|2026-05-13 19:24:55
1089|83|Cidolog|cidolog|2026-05-13 20:00:56
6662|469|Bayung Lencir|bayung-lencir|2026-05-13 22:37:15
1660|108|Tersono|tersono|2026-05-13 20:15:59
400|34|Pagelaran|pagelaran|2026-05-13 19:37:36
1338|90|Panyingkiran|panyingkiran|2026-05-13 20:08:01
932|74|Tungkal Ulu|tungkal-ulu|2026-05-13 19:56:27
3571|246|Midai|midai|2026-05-13 21:14:21
4392|309|Hawu Mehara|hawu-mehara|2026-05-13 21:36:38
4543|320|Angkaisera|angkaisera|2026-05-13 21:40:39
920|74|Batang Asam|batang-asam|2026-05-13 19:56:07
1625|107|Cilongok|cilongok|2026-05-13 20:14:56
6382|442|Ranowulu|ranowulu|2026-05-13 22:29:31
3771|259|Meraksa Aji|meraksa-aji|2026-05-13 21:20:20
1676|109|Randublatung|randublatung|2026-05-13 20:16:35
3735|257|Banyumas|banyumas|2026-05-13 21:19:10
6028|414|Rarowatu|rarowatu|2026-05-13 22:19:18
4749|335|Maudus|maudus|2026-05-13 21:45:36
2886|181|Seponti|seponti|2026-05-13 20:52:31
989|79|Ibun|ibun|2026-05-13 19:58:02
6557|459|Lubuk Begalung|lubuk-begalung|2026-05-13 22:33:56
3274|215|Murung|murung|2026-05-13 21:05:50
5460|371|Tubo Sendana|tubo-sendana|2026-05-13 22:03:36
3969|276|Kayoa Barat|kayoa-barat|2026-05-13 21:25:46
420|35|Ciomas|ciomas|2026-05-13 19:38:19
4897|341|Ilugwa|ilugwa|2026-05-13 21:49:08
6275|435|Tabukan Tengah|tabukan-tengah|2026-05-13 22:26:30
3786|261|Bahuga|bahuga|2026-05-13 21:20:46
3292|217|Danau Sembuluh|danau-sembuluh|2026-05-13 21:06:23
5462|372|Aralle|aralle|2026-05-13 22:03:39
4378|307|Riung Barat|riung-barat|2026-05-13 21:36:16
2427|151|Pronojiwo|pronojiwo|2026-05-13 20:39:03
4702|333|Ayamaru Tengah|ayamaru-tengah|2026-05-13 21:44:34
3404|228|Bontang Utara|bontang-utara|2026-05-13 21:09:41
2543|157|Geneng|geneng|2026-05-13 20:42:10
6065|419|Pomalaa|pomalaa|2026-05-13 22:20:22
7036|495|Somambawa|somambawa|2026-05-13 22:48:53
533|43|Kerkap|kerkap|2026-05-13 19:43:24
1000|79|Paseh|paseh|2026-05-13 19:58:21
2382|149|Plemahan|plemahan|2026-05-13 20:37:41
3277|215|Sumber Barito|sumber-barito|2026-05-13 21:05:55
1470|95|Tanjungmedar|tanjungmedar|2026-05-13 20:11:14
2827|178|Mulyorejo|mulyorejo|2026-05-13 20:50:55
3789|261|Blambangan Umpu|blambangan-umpu|2026-05-13 21:20:52
6775|476|Madang Suku Ii|madang-suku-ii|2026-05-13 22:40:50
769|63|Bulawa|bulawa|2026-05-13 19:51:14
6046|416|Siompu Barat|siompu-barat|2026-05-13 22:19:50
6451|449|Situjuah Limo Nagari|situjuah-limo-nagari|2026-05-13 22:31:15
5759|395|Makale Selatan|makale-selatan|2026-05-13 22:11:36
6762|476|Belitang Ii|belitang-ii|2026-05-13 22:40:25
6287|436|Siau Timur|siau-timur|2026-05-13 22:26:50
3514|241|Pangkal Balam|pangkal-balam|2026-05-13 21:12:51
1224|86|Tarogong Kidul|tarogong-kidul|2026-05-13 20:04:47
4299|300|Nekamese|nekamese|2026-05-13 21:34:02
486|39|Ciledug|ciledug|2026-05-13 19:40:43
1140|84|Sukaresmi|sukaresmi|2026-05-13 20:02:25
7170|504|Kolang|kolang|2026-05-13 22:53:35
6899|486|Lintong Nihuta|lintong-nihuta|2026-05-13 22:44:34
6772|476|Cempaka|cempaka|2026-05-13 22:40:45
2855|179|Sungai Betung|sungai-betung|2026-05-13 20:51:38
3412|229|Sambutan|sambutan|2026-05-13 21:09:54
6574|462|Payakumbuh Timur|payakumbuh-timur|2026-05-13 22:34:27
1401|93|Tanjungsiang|tanjungsiang|2026-05-13 20:09:33
6797|479|Pagar Alam Selatan|pagar-alam-selatan|2026-05-13 22:41:30
4178|294|Selaprang|selaprang|2026-05-13 21:30:53
968|78|Koto Baru|koto-baru|2026-05-13 19:57:28
983|79|Cileunyi|cileunyi|2026-05-13 19:57:53
3173|205|Banjarmasin Utara|banjarmasin-utara|2026-05-13 21:02:40
6512|454|Lubuak Tarok|lubuak-tarok|2026-05-13 22:32:49
5490|374|Budong-Budong|budong-budong|2026-05-13 22:04:23
135|10|Madat|madat|2026-05-13 19:24:22
7210|506|Pintu Pohan Meranti|pintu-pohan-meranti|2026-05-13 22:54:55
5276|358|Torere|torere|2026-05-13 21:58:42
3087|198|Amuntai Utara|amuntai-utara|2026-05-13 20:59:58
4343|304|Lembor Selatan|lembor-selatan|2026-05-13 21:35:12
2707|166|Batuan|batuan|2026-05-13 20:47:03
1290|89|Cidahu|cidahu|2026-05-13 20:06:40
4818|339|Asolokobal|asolokobal|2026-05-13 21:47:10
4746|335|Makbon|makbon|2026-05-13 21:45:32
7059|497|Barumun Baru|barumun-baru|2026-05-13 22:49:34
4488|316|Alak|alak|2026-05-13 21:39:15
6752|475|Muara Dua|muara-dua|2026-05-13 22:40:07
4087|286|Woja|woja|2026-05-13 21:28:38
7146|502|Silimakuta|silimakuta|2026-05-13 22:52:35
2892|182|Delta Pawan|delta-pawan|2026-05-13 20:52:41
6186|426|Parigi|parigi|2026-05-13 22:23:58
3826|264|Air Buaya|air-buaya|2026-05-13 21:21:52
6299|437|Kabaruan|kabaruan|2026-05-13 22:27:10
670|53|Kokap|kokap|2026-05-13 19:48:18
3980|276|Obi Timur|obi-timur|2026-05-13 21:26:00
50|4|Pasie Raya|pasie-raya|2026-05-13 19:20:36
3171|205|Banjarmasin Tengah|banjarmasin-tengah|2026-05-13 21:02:36
3030|194|Cintapuri Darussalam|cintapuri-darussalam|2026-05-13 20:57:57
3971|276|Kayoa Utara|kayoa-utara|2026-05-13 21:25:49
1842|118|Kendal|kendal|2026-05-13 20:21:50
19|2|Setia|setia|2026-05-13 19:19:05
2776|169|Pagerwojo|pagerwojo|2026-05-13 20:49:30
4796|337|Moraid|moraid|2026-05-13 21:46:42
1679|109|Tunjungan|tunjungan|2026-05-13 20:16:41
1156|85|Gunung Jati|gunung-jati|2026-05-13 20:02:54
6722|473|Pedamaran|pedamaran|2026-05-13 22:39:11
1292|89|Cigugur|cigugur|2026-05-13 20:06:43
4285|300|Amarasi Selatan|amarasi-selatan|2026-05-13 21:33:43
67|5|Sawang|sawang|2026-05-13 19:21:13
4697|333|Ayamaru|ayamaru|2026-05-13 21:44:26
1611|106|Pagentan|pagentan|2026-05-13 20:14:33
3622|250|Raja Basa|raja-basa|2026-05-13 21:15:47
2370|149|Kandat|kandat|2026-05-13 20:37:21
5013|345|Amuma|amuma|2026-05-13 21:52:04
2503|154|Wonosari|wonosari|2026-05-13 20:41:01
3701|253|Sungkai Tengah|sungkai-tengah|2026-05-13 21:18:05
5809|398|Bontoala|bontoala|2026-05-13 22:12:58
2904|182|Simpang Dua|simpang-dua|2026-05-13 20:53:02
1037|81|Setu|setu|2026-05-13 19:59:23
456|36|Pagedangan|pagedangan|2026-05-13 19:39:40
1081|82|Tamansari|tamansari|2026-05-13 20:00:40
6565|460|Padang Panjang Barat|padang-panjang-barat|2026-05-13 22:34:10
5264|358|Kalome|kalome|2026-05-13 21:58:25
1447|94|Waluran|waluran|2026-05-13 20:10:37
3921|272|Gorom Timur|gorom-timur|2026-05-13 21:24:30
1064|82|Jasinga|jasinga|2026-05-13 20:00:11
227|16|Geumpang|geumpang|2026-05-13 19:29:51
1635|107|Patikraja|patikraja|2026-05-13 20:15:14
2891|182|Benua Kayong|benua-kayong|2026-05-13 20:52:39
4980|344|Gika|gika|2026-05-13 21:51:12
5080|347|Joutu|joutu|2026-05-13 21:53:55
2142|135|Magelang Selatan|magelang-selatan|2026-05-13 20:30:59
6898|486|Dolok Sanggul|dolok-sanggul|2026-05-13 22:44:31
4493|316|Oebobo|oebobo|2026-05-13 21:39:21
5253|357|Sinak Barat|sinak-barat|2026-05-13 21:58:08
1934|123|Doro|doro|2026-05-13 20:24:46
2195|141|Tragah|tragah|2026-05-13 20:32:26
4978|344|Egiam|egiam|2026-05-13 21:51:09
1700|110|Wonosamodro|wonosamodro|2026-05-13 20:17:18
6282|436|Biaro|biaro|2026-05-13 22:26:43
3136|201|Mantewe|mantewe|2026-05-13 21:01:30
4662|331|Moskona Barat|moskona-barat|2026-05-13 21:43:37
2258|144|Margomulyo|margomulyo|2026-05-13 20:34:06
4706|333|Ayamaru Utara Timur|ayamaru-utara-timur|2026-05-13 21:44:39
4123|289|Selong|selong|2026-05-13 21:29:36
3967|276|Kasiruta Timur|kasiruta-timur|2026-05-13 21:25:44
2450|152|Sawahan|sawahan|2026-05-13 20:39:38
3932|272|Wakate|wakate|2026-05-13 21:24:47
2810|177|Kedopok|kedopok|2026-05-13 20:50:33
2876|180|Putussibau Selatan|putussibau-selatan|2026-05-13 20:52:13
3859|267|Wer Tamrian|wer-tamrian|2026-05-13 21:22:48
6610|466|Talang Padang|talang-padang|2026-05-13 22:35:35
936|75|Kuala Jambi|kuala-jambi|2026-05-13 19:56:35
250|17|Meurah Dua|meurah-dua|2026-05-13 19:31:22
3832|264|Teluk Kaiely|teluk-kaiely|2026-05-13 21:22:01
501|40|Serpong Utara|serpong-utara|2026-05-13 19:42:03
3261|213|Telawang|telawang|2026-05-13 21:05:26
3373|223|Sangatta Utara|sangatta-utara|2026-05-13 21:08:44
5582|381|Curio|curio|2026-05-13 22:06:43
2350|148|Kesamben|kesamben|2026-05-13 20:36:48
4170|293|Raba|raba|2026-05-13 21:30:41
3015|192|Singkawang Tengah|singkawang-tengah|2026-05-13 20:57:20
6321|438|Langowan Utara|langowan-utara|2026-05-13 22:27:45
4000|278|Wasile Tengah|wasile-tengah|2026-05-13 21:26:28
6052|417|Sangia Wambulu|sangia-wambulu|2026-05-13 22:20:00
6878|485|Deli Tua|deli-tua|2026-05-13 22:43:45
3002|190|Sepauk|sepauk|2026-05-13 20:56:51
4691|333|Aifat Utara|aifat-utara|2026-05-13 21:44:17
5105|348|Kouh|kouh|2026-05-13 21:54:28
5224|356|Teluk Deya|teluk-deya|2026-05-13 21:57:28
1370|92|Tegalwaru|tegalwaru|2026-05-13 20:08:48
6984|492|Panyabungan Timur|panyabungan-timur|2026-05-13 22:47:13
7244|509|Medan Selayang|medan-selayang|2026-05-13 22:55:52
5285|359|Bengkalis|bengkalis|2026-05-13 21:58:58
2037|129|Karangmalang|karangmalang|2026-05-13 20:28:00
1326|90|Jatitujuh|jatitujuh|2026-05-13 20:07:41
1870|119|Klaten Tengah|klaten-tengah|2026-05-13 20:22:47
819|66|Randangan|randangan|2026-05-13 19:52:48
2727|166|Rubaru|rubaru|2026-05-13 20:47:39
3354|222|Sebulu|sebulu|2026-05-13 21:08:11
4278|299|Witihama|witihama|2026-05-13 21:33:33
471|37|Citangkil|citangkil|2026-05-13 19:40:13
3601|249|Batu Ketulis|batu-ketulis|2026-05-13 21:15:07
6092|421|Pakue Utara|pakue-utara|2026-05-13 22:21:12
2073|131|Lebaksiu|lebaksiu|2026-05-13 20:29:00
280|21|Blang Mangat|blang-mangat|2026-05-13 19:32:43
3694|253|Kotabumi|kotabumi|2026-05-13 21:17:52
2663|163|Robatal|robatal|2026-05-13 20:45:42
4900|341|Megambilis|megambilis|2026-05-13 21:49:13
4486|315|Noemuti|noemuti|2026-05-13 21:39:10
4624|328|Manokwari Selatan|manokwari-selatan|2026-05-13 21:42:37
751|61|Pademangan|pademangan|2026-05-13 19:50:41
2126|133|Wuryantoro|wuryantoro|2026-05-13 20:30:27
6196|427|Lawa|lawa|2026-05-13 22:24:14
2407|150|Pucuk|pucuk|2026-05-13 20:38:31
3113|199|Pulaulaut Sigam|pulaulaut-sigam|2026-05-13 21:00:47
4301|300|Semau Selatan|semau-selatan|2026-05-13 21:34:05
6012|414|Kabaena Barat|kabaena-barat|2026-05-13 22:18:54
2617|161|Kauman|kauman|2026-05-13 20:44:25
2293|145|Wringin|wringin|2026-05-13 20:35:06
121|9|Lawe Sumur|lawe-sumur|2026-05-13 19:23:36
4181|295|Amanuban Barat|amanuban-barat|2026-05-13 21:30:58
7016|495|Hilimegai|hilimegai|2026-05-13 22:48:19
466|36|Sukamulya|sukamulya|2026-05-13 19:40:01
4757|335|Sayosa Timur|sayosa-timur|2026-05-13 21:45:47
3329|221|Long Iram|long-iram|2026-05-13 21:07:29
3280|215|Tanah Siang Selatan|tanah-siang-selatan|2026-05-13 21:06:02
4464|315|Biboki Anleu|biboki-anleu|2026-05-13 21:38:39
746|60|Pasar Rebo|pasar-rebo|2026-05-13 19:50:33
3029|194|Beruntung Baru|beruntung-baru|2026-05-13 20:57:55
1467|95|Sumedang Utara|sumedang-utara|2026-05-13 20:11:09
6486|452|Luhak Nan Duo|luhak-nan-duo|2026-05-13 22:32:05
1230|87|Bongas|bongas|2026-05-13 20:04:59
4354|305|Kota Komba|kota-komba|2026-05-13 21:35:31
2696|165|Kendit|kendit|2026-05-13 20:46:45
2173|139|Serengan|serengan|2026-05-13 20:31:47
6714|473|Kayu Agung|kayu-agung|2026-05-13 22:38:55
5564|379|Ulaweng|ulaweng|2026-05-13 22:06:15
2801|175|Kranggan|kranggan|2026-05-13 20:50:19
807|65|Tolinggula|tolinggula|2026-05-13 19:52:28
1302|89|Jalaksana|jalaksana|2026-05-13 20:07:00
6210|428|Tomia Timur|tomia-timur|2026-05-13 22:24:36
2287|145|Tamanan|tamanan|2026-05-13 20:34:56
4010|279|Kao Utara|kao-utara|2026-05-13 21:26:43
2300|146|Dukun|dukun|2026-05-13 20:35:25
297|25|Bangli|bangli|2026-05-13 19:33:26
6251|432|Pinolosian Timur|pinolosian-timur|2026-05-13 22:25:46
1800|116|Karanganyar|karanganyar|2026-05-13 20:20:28
6475|451|Padang Gelugur|padang-gelugur|2026-05-13 22:31:50
808|65|Tomolito|tomolito|2026-05-13 19:52:29
1728|112|Gandrungmangu|gandrungmangu|2026-05-13 20:18:14
6026|414|Poleang Timur|poleang-timur|2026-05-13 22:19:15
7123|502|Dolog Masagal|dolog-masagal|2026-05-13 22:51:51
2041|129|Mondokan|mondokan|2026-05-13 20:28:07
2244|144|Baureno|baureno|2026-05-13 20:33:41
324|29|Karangasem|karangasem|2026-05-13 19:34:36
7143|502|Raya Kahean|raya-kahean|2026-05-13 22:52:27
3012|191|Pontianak Utara|pontianak-utara|2026-05-13 20:57:15
4710|334|Batanta Selatan|batanta-selatan|2026-05-13 21:44:45
1646|107|Sumpiuh|sumpiuh|2026-05-13 20:15:32
1764|114|Kedungjati|kedungjati|2026-05-13 20:19:25
4576|322|Sarmi Timur|sarmi-timur|2026-05-13 21:41:26
716|57|Kembangan|kembangan|2026-05-13 19:49:39
122|9|Leuser|leuser|2026-05-13 19:23:39
541|43|Putri Hijau|putri-hijau|2026-05-13 19:43:42
3979|276|Obi Selatan|obi-selatan|2026-05-13 21:25:59
4092|287|Kuripan|kuripan|2026-05-13 21:28:46
4856|339|Yalengga|yalengga|2026-05-13 21:48:04
4180|295|Amanatun Utara|amanatun-utara|2026-05-13 21:30:57
6233|431|Bolaang|bolaang|2026-05-13 22:25:13
4855|339|Wouma|wouma|2026-05-13 21:48:03
3761|258|Wonosobo|wonosobo|2026-05-13 21:20:01
4842|339|Tagime|tagime|2026-05-13 21:47:45
1921|122|Margorejo|margorejo|2026-05-13 20:24:19
3941|274|Pulau Dullah Utara|pulau-dullah-utara|2026-05-13 21:25:01
1592|105|Bungursari|bungursari|2026-05-13 20:14:02
294|24|Kuta Utara|kuta-utara|2026-05-13 19:33:19
2317|147|Gumukmas|gumukmas|2026-05-13 20:35:58
6856|483|Sei Balai|sei-balai|2026-05-13 22:43:06
7034|495|Sidua'ori|siduaori|2026-05-13 22:48:50
3902|270|Kei Besar Utara Timur|kei-besar-utara-timur|2026-05-13 21:24:01
4443|314|Kahaungu Eti|kahaungu-eti|2026-05-13 21:38:09
3470|235|Bakam|bakam|2026-05-13 21:11:33
2348|148|Jombang|jombang|2026-05-13 20:36:44
1463|95|Rancakalong|rancakalong|2026-05-13 20:11:03
6288|436|Siau Timur Selatan|siau-timur-selatan|2026-05-13 22:26:52
4036|281|Morotai Utara|morotai-utara|2026-05-13 21:27:21
6599|465|Sumber Marga Telang|sumber-marga-telang|2026-05-13 22:35:14
1319|90|Argapura|argapura|2026-05-13 20:07:31
5708|390|Mattiro Bulu|mattiro-bulu|2026-05-13 22:10:12
3882|269|Leihitu|leihitu|2026-05-13 21:23:26
1193|86|Cihurip|cihurip|2026-05-13 20:03:58
1232|87|Cikedung|cikedung|2026-05-13 20:05:03
7108|501|Pegajahan|pegajahan|2026-05-13 22:51:23
3739|257|Pardasuka|pardasuka|2026-05-13 21:19:17
4164|292|Poto Tano|poto-tano|2026-05-13 21:30:32
817|66|Popayato Barat|popayato-barat|2026-05-13 19:52:45
4391|308|Rote Timur|rote-timur|2026-05-13 21:36:36
6008|413|Tatanga|tatanga|2026-05-13 22:18:47
4183|295|Amanuban Tengah|amanuban-tengah|2026-05-13 21:31:02
3553|245|Kepulauan Posek|kepulauan-posek|2026-05-13 21:13:55
1566|101|Cimahi Selatan|cimahi-selatan|2026-05-13 20:13:28
3768|259|Gedung Meneng|gedung-meneng|2026-05-13 21:20:16
2710|166|Dasuk|dasuk|2026-05-13 20:47:09
814|66|Paguat|paguat|2026-05-13 19:52:39
3474|235|Pemali|pemali|2026-05-13 21:11:40
2212|142|Rogojampi|rogojampi|2026-05-13 20:32:51
5164|352|Piyaiye|piyaiye|2026-05-13 21:56:02
2414|150|Sukorame|sukorame|2026-05-13 20:38:43
1425|94|Jampangkulon|jampangkulon|2026-05-13 20:10:06
1522|97|Batununggal|batununggal|2026-05-13 20:12:27
1766|114|Kradenan|kradenan|2026-05-13 20:19:28
7000|493|Somolo-Molo|somolo-molo|2026-05-13 22:47:47
6621|467|Lahat|lahat|2026-05-13 22:35:59
4651|331|Bintuni|bintuni|2026-05-13 21:43:25
1184|86|Banjarwangi|banjarwangi|2026-05-13 20:03:43
291|24|Abiansemal|abiansemal|2026-05-13 19:33:12
1868|119|Kemalang|kemalang|2026-05-13 20:22:44
1975|125|Kemangkon|kemangkon|2026-05-13 20:25:56
2047|129|Sragen|sragen|2026-05-13 20:28:16
3646|251|Sendang Agung|sendang-agung|2026-05-13 21:16:31
1518|97|Babakan Ciparay|babakan-ciparay|2026-05-13 20:12:22
307|26|Seririt|seririt|2026-05-13 19:33:55
5706|390|Lembang|lembang|2026-05-13 22:10:09
5871|403|Banggai|banggai|2026-05-13 22:14:47
3672|252|Pekalongan|pekalongan|2026-05-13 21:17:14
5050|345|Soloikma|soloikma|2026-05-13 21:52:56
6519|455|Hiliran Gumanti|hiliran-gumanti|2026-05-13 22:33:02
6192|426|Wakorumba Selatan|wakorumba-selatan|2026-05-13 22:24:07
295|24|Mengwi|mengwi|2026-05-13 19:33:21
3567|246|Bunguran Tengah|bunguran-tengah|2026-05-13 21:14:16
4023|280|Mangoli Timur|mangoli-timur|2026-05-13 21:27:02
2282|145|Pujer|pujer|2026-05-13 20:34:48
1875|119|Polanharjo|polanharjo|2026-05-13 20:22:54
1575|103|Bojongsari|bojongsari|2026-05-13 20:13:39
1169|85|Palimanan|palimanan|2026-05-13 20:03:15
1454|95|Cisitu|cisitu|2026-05-13 20:10:50
5089|347|Sor Ep|sor-ep|2026-05-13 21:54:07
516|42|Merigi Kelindang|merigi-kelindang|2026-05-13 19:42:44
4838|339|Popugoba|popugoba|2026-05-13 21:47:40
198|13|Peusangan|peusangan|2026-05-13 19:28:16
2077|131|Slawi|slawi|2026-05-13 20:29:07
260|18|Simeulue Timur|simeulue-timur|2026-05-13 19:31:53
2836|178|Sukomanunggal|sukomanunggal|2026-05-13 20:51:09
2097|132|Temanggung|temanggung|2026-05-13 20:29:41
3887|269|Saparua|saparua|2026-05-13 21:23:32
6037|415|Siotapina|siotapina|2026-05-13 22:19:35
4947|343|Mofinop|mofinop|2026-05-13 21:50:26
2850|179|Monterado|monterado|2026-05-13 20:51:30
1009|80|Cililin|cililin|2026-05-13 19:58:37
1885|120|Jekulo|jekulo|2026-05-13 20:23:11
6867|484|Siempat Nempu Hilir|siempat-nempu-hilir|2026-05-13 22:43:25
1050|82|Ciawi|ciawi|2026-05-13 19:59:47
2200|142|Gambiran|gambiran|2026-05-13 20:32:35
3265|214|Belantikan Raya|belantikan-raya|2026-05-13 21:05:32
2979|188|Mukok|mukok|2026-05-13 20:55:57
6964|491|Selesai|selesai|2026-05-13 22:46:32
375|33|Warunggunung|warunggunung|2026-05-13 19:36:41
5149|350|Ulilin|ulilin|2026-05-13 21:55:39
4280|299|Wulanggitang|wulanggitang|2026-05-13 21:33:35
4104|288|Praya Barat|praya-barat|2026-05-13 21:29:06
2149|137|Argomulyo|argomulyo|2026-05-13 20:31:09
3810|262|Sukabumi|sukabumi|2026-05-13 21:21:28
4077|285|Wawo|wawo|2026-05-13 21:28:23
6921|487|Tigabinanga|tigabinanga|2026-05-13 22:45:15
2610|161|Babadan|babadan|2026-05-13 20:44:14
2612|161|Balong|balong|2026-05-13 20:44:17
7141|502|Purba|purba|2026-05-13 22:52:23
5287|359|Mandau|mandau|2026-05-13 21:59:03
2088|132|Kaloran|kaloran|2026-05-13 20:29:26
5088|347|Sirets|sirets|2026-05-13 21:54:05
2089|132|Kandangan|kandangan|2026-05-13 20:29:27
380|34|Carita|carita|2026-05-13 19:36:53
5542|379|Bengo|bengo|2026-05-13 22:05:39
5545|379|Cina|cina|2026-05-13 22:05:44
4795|337|Miyah Selatan|miyah-selatan|2026-05-13 21:46:40
3926|272|Seram Timur|seram-timur|2026-05-13 21:24:39
5966|410|Dolo|dolo|2026-05-13 22:17:33
4865|340|Gelok Beam|gelok-beam|2026-05-13 21:48:18
69|5|Trumon|trumon|2026-05-13 19:21:17
6142|424|Kolono Timur|kolono-timur|2026-05-13 22:22:41
6285|436|Siau Barat Utara|siau-barat-utara|2026-05-13 22:26:47
5417|367|Ujung Batu|ujung-batu|2026-05-13 22:02:33
6038|415|Wabula|wabula|2026-05-13 22:19:37
4589|324|Soyoi Mambai|soyoi-mambai|2026-05-13 21:41:44
7101|500|Sitio-Tio|sitio-tio|2026-05-13 22:51:09
3230|211|Katingan Hilir|katingan-hilir|2026-05-13 21:04:28
5847|401|Luwuk Selatan|luwuk-selatan|2026-05-13 22:14:01
1487|96|Gunung Tanjung|gunung-tanjung|2026-05-13 20:11:40
6891|485|Sibiru-Biru|sibiru-biru|2026-05-13 22:44:15
5044|345|Samenage|samenage|2026-05-13 21:52:46
2957|187|Sajad|sajad|2026-05-13 20:55:17
1158|85|Kaliwedi|kaliwedi|2026-05-13 20:02:58
1773|114|Tegowanu|tegowanu|2026-05-13 20:19:41
4363|306|Aesesa Selatan|aesesa-selatan|2026-05-13 21:35:47
5491|374|Karossa|karossa|2026-05-13 22:04:24
4146|291|Lopok|lopok|2026-05-13 21:30:07
1503|96|Salopa|salopa|2026-05-13 20:12:01
2009|127|Sedan|sedan|2026-05-13 20:27:14
2564|158|Kebonagung|kebonagung|2026-05-13 20:42:41
5448|370|Rumbai Timur|rumbai-timur|2026-05-13 22:03:16
154|11|Geuredong Pase|geuredong-pase|2026-05-13 19:25:21
6162|425|Langgikima|langgikima|2026-05-13 22:23:19
1759|114|Geyer|geyer|2026-05-13 20:19:14
4994|344|Nelawi|nelawi|2026-05-13 21:51:33
433|35|Petir|petir|2026-05-13 19:38:49
1289|89|Cibingbin|cibingbin|2026-05-13 20:06:38
1816|117|Gombong|gombong|2026-05-13 20:21:00
1244|87|Kroya|kroya|2026-05-13 20:05:23
3539|243|Tebing|tebing|2026-05-13 21:13:33
5585|381|Malua|malua|2026-05-13 22:06:49
649|52|Gedangsari|gedangsari|2026-05-13 19:47:31
7162|503|Saipar Dolok Hole|saipar-dolok-hole|2026-05-13 22:53:13
2772|169|Kauman|kauman|2026-05-13 20:49:23
626|50|Ratu Agung|ratu-agung|2026-05-13 19:46:45
1683|110|Boyolali|boyolali|2026-05-13 20:16:49
3|1|Johan Pahwalan|johan-pahwalan|2026-05-13 19:18:14
2049|129|Sumberlawang|sumberlawang|2026-05-13 20:28:19
1534|97|Kiaracondong|kiaracondong|2026-05-13 20:12:41
4312|301|Omesuri|omesuri|2026-05-13 21:34:23
3891|269|Seram Utara Timur Kobi|seram-utara-timur-kobi|2026-05-13 21:23:40
2808|177|Kademangan|kademangan|2026-05-13 20:50:30
545|44|Kaur Tengah|kaur-tengah|2026-05-13 19:43:52
2008|127|Sarang|sarang|2026-05-13 20:27:12
451|36|Kresek|kresek|2026-05-13 19:39:29
7153|503|Angkola Muara Tais|angkola-muara-tais|2026-05-13 22:52:52
1312|89|Mandirancan|mandirancan|2026-05-13 20:07:19
316|27|Ubud|ubud|2026-05-13 19:34:17
5681|388|Mandai|mandai|2026-05-13 22:09:28
247|17|Bandar Baru|bandar-baru|2026-05-13 19:31:10
425|35|Kopo|kopo|2026-05-13 19:38:31
2668|163|Torjun|torjun|2026-05-13 20:45:50
6817|481|Cambai|cambai|2026-05-13 22:42:01
2817|178|Dukuh Pakis|dukuh-pakis|2026-05-13 20:50:42
2699|165|Panarukan|panarukan|2026-05-13 20:46:49
4200|295|Mollo Tengah|mollo-tengah|2026-05-13 21:31:25
656|52|Patuk|patuk|2026-05-13 19:47:46
5684|388|Moncong Loe|moncong-loe|2026-05-13 22:09:33
2242|143|Wonotirto|wonotirto|2026-05-13 20:33:37
3156|203|Candi Laras Utara|candi-laras-utara|2026-05-13 21:02:10
4549|320|Pulau Kurudu|pulau-kurudu|2026-05-13 21:40:47
113|9|Bambel|bambel|2026-05-13 19:23:08
2903|182|Sandai|sandai|2026-05-13 20:53:00
2674|164|Krembung|krembung|2026-05-13 20:46:03
1512|96|Tanjungjaya|tanjungjaya|2026-05-13 20:12:13
1724|112|Cilacap Utara|cilacap-utara|2026-05-13 20:18:05
5863|402|Bulagi Utara|bulagi-utara|2026-05-13 22:14:32
2480|154|Kalipare|kalipare|2026-05-13 20:40:26
2844|179|Bengkayang|bengkayang|2026-05-13 20:51:22
5055|345|Tangma|tangma|2026-05-13 21:53:04
5268|358|Molanikime|molanikime|2026-05-13 21:58:31
5262|358|Ilu|ilu|2026-05-13 21:58:21
7022|495|Lolowau|lolowau|2026-05-13 22:48:30
1311|89|Maleber|maleber|2026-05-13 20:07:17
5197|355|Nabire Barat|nabire-barat|2026-05-13 21:56:50
5656|386|Tomoni Timur|tomoni-timur|2026-05-13 22:08:46
393|34|Koroncong|koroncong|2026-05-13 19:37:21
1666|109|Bogorejo|bogorejo|2026-05-13 20:16:15
5027|345|Korupun|korupun|2026-05-13 21:52:21
1405|94|Ciambar|ciambar|2026-05-13 20:09:39
6129|423|Wawonii Tengah|wawonii-tengah|2026-05-13 22:22:16
5630|385|Basse Sangtempe Utara|basse-sangtempe-utara|2026-05-13 22:08:02
6683|470|Suka Karya|suka-karya|2026-05-13 22:37:57
4836|339|Piramid|piramid|2026-05-13 21:47:37
5386|366|Balai Jaya|balai-jaya|2026-05-13 22:01:47
321|28|Pekutatan|pekutatan|2026-05-13 19:34:28
1070|82|Megamendung|megamendung|2026-05-13 20:00:21
4688|333|Aifat Timur Jauh|aifat-timur-jauh|2026-05-13 21:44:12
168|11|Sawang|sawang|2026-05-13 19:26:15
5920|407|Petasia|petasia|2026-05-13 22:16:14
7265|512|Sibolga Selatan|sibolga-selatan|2026-05-13 22:56:28
1905|121|Sawangan|sawangan|2026-05-13 20:23:50
63|5|Labuhan Haji Timur|labuhan-haji-timur|2026-05-13 19:21:03
1552|99|Bekasi Utara|bekasi-utara|2026-05-13 20:13:07
1430|94|Kalibunder|kalibunder|2026-05-13 20:10:13
6743|475|Buana Pemaca|buana-pemaca|2026-05-13 22:39:50
2881|180|Silat Hilir|silat-hilir|2026-05-13 20:52:23
4635|329|Oransbari|oransbari|2026-05-13 21:42:58
2640|162|Krucil|krucil|2026-05-13 20:45:04
1075|82|Ranca Bungur|ranca-bungur|2026-05-13 20:00:31
5862|402|Bulagi Selatan|bulagi-selatan|2026-05-13 22:14:29
1118|84|Cibinong|cibinong|2026-05-13 20:01:45
4876|340|Makki|makki|2026-05-13 21:48:35
1488|96|Jamanis|jamanis|2026-05-13 20:11:41
805|65|Sumalata|sumalata|2026-05-13 19:52:25
3028|194|Astambul|astambul|2026-05-13 20:57:52
3227|210|Timpah|timpah|2026-05-13 21:04:22
4570|322|Bonggo Timur|bonggo-timur|2026-05-13 21:41:17
1931|122|Winong|winong|2026-05-13 20:24:40
3267|214|Bulik Timur|bulik-timur|2026-05-13 21:05:36
322|29|Abang|abang|2026-05-13 19:34:31
977|79|Banjaran|banjaran|2026-05-13 19:57:43
2670|164|Buduran|buduran|2026-05-13 20:45:55
5220|356|Paniai Barat|paniai-barat|2026-05-13 21:57:21
3817|262|Telukbetung Selatan|telukbetung-selatan|2026-05-13 21:21:38
5182|354|Kwamki Narama|kwamki-narama|2026-05-13 21:56:30
6872|484|Sumbul|sumbul|2026-05-13 22:43:33
5954|409|Pamona Barat|pamona-barat|2026-05-13 22:17:14
1376|93|Cibogo|cibogo|2026-05-13 20:08:57
640|51|Pajangan|pajangan|2026-05-13 19:47:15
553|44|Nasal|nasal|2026-05-13 19:44:06
4786|337|Kasi|kasi|2026-05-13 21:46:28
4369|307|Aimere|aimere|2026-05-13 21:35:59
3833|264|Waeapo|waeapo|2026-05-13 21:22:03
6427|447|Sungai Rumbai|sungai-rumbai|2026-05-13 22:30:41
4514|318|Demta|demta|2026-05-13 21:39:57
3467|234|Tarakan Tengah|tarakan-tengah|2026-05-13 21:11:27
3955|276|Bacan Barat Utara|bacan-barat-utara|2026-05-13 21:25:27
3537|243|Selat Gelam|selat-gelam|2026-05-13 21:13:31
1874|119|Pedan|pedan|2026-05-13 20:22:53
148|10|Sungai Raya|sungai-raya|2026-05-13 19:25:00
5557|379|Sibulue|sibulue|2026-05-13 22:06:04
6118|422|Sampara|sampara|2026-05-13 22:21:55
2952|187|Galing|galing|2026-05-13 20:55:07
5413|367|Rokan Iv Koto|rokan-iv-koto|2026-05-13 22:02:27
5029|345|Kurima|kurima|2026-05-13 21:52:24
6790|478|Lubuk Linggau Timur I|lubuk-linggau-timur-i|2026-05-13 22:41:18
2777|169|Pakel|pakel|2026-05-13 20:49:32
964|77|Pasar Jambi|pasar-jambi|2026-05-13 19:57:22
7171|504|Lumut|lumut|2026-05-13 22:53:37
6670|469|Sekayu|sekayu|2026-05-13 22:37:31
7220|507|Binjai Timur|binjai-timur|2026-05-13 22:55:12
1525|97|Buahbatu|buahbatu|2026-05-13 20:12:31
4992|344|Li Anogomma|li-anogomma|2026-05-13 21:51:30
7257|511|Siantar Marimbun|siantar-marimbun|2026-05-13 22:56:17
7250|510|Padangsidimpuan Batunadua|padangsidimpuan-batunadua|2026-05-13 22:56:03
2971|188|Balai|balai|2026-05-13 20:55:43
2398|150|Kedungpring|kedungpring|2026-05-13 20:38:15
6633|467|Sukamerindu|sukamerindu|2026-05-13 22:36:22
2671|164|Candi|candi|2026-05-13 20:45:57
6581|464|Tanjung Harapan|tanjung-harapan|2026-05-13 22:34:39
5489|373|Tommo|tommo|2026-05-13 22:04:21
2483|154|Kepanjen|kepanjen|2026-05-13 20:40:31
1300|89|Garawangi|garawangi|2026-05-13 20:06:56
3598|249|Balik Bukit|balik-bukit|2026-05-13 21:15:02
6071|419|Wundulako|wundulako|2026-05-13 22:20:33
5556|379|Salomekko|salomekko|2026-05-13 22:06:02
3783|260|Tulang Bawang Udik|tulang-bawang-udik|2026-05-13 21:20:40
4703|333|Ayamaru Timur|ayamaru-timur|2026-05-13 21:44:35
5643|385|Suli|suli|2026-05-13 22:08:25
1829|117|Prembun|prembun|2026-05-13 20:21:26
3666|252|Marga Sekampung|marga-sekampung|2026-05-13 21:17:05
2239|143|Wates|wates|2026-05-13 20:33:32
1606|106|Kalibening|kalibening|2026-05-13 20:14:24
1967|125|Bukateja|bukateja|2026-05-13 20:25:42
742|60|Jatinegara|jatinegara|2026-05-13 19:50:27
2807|176|Purworejo|purworejo|2026-05-13 20:50:28
2256|144|Kepohbaru|kepohbaru|2026-05-13 20:34:02
3212|210|Bataguh|bataguh|2026-05-13 21:03:54
2446|152|Madiun|madiun|2026-05-13 20:39:32
3886|269|Salahutu|salahutu|2026-05-13 21:23:31
1731|112|Karangpucung|karangpucung|2026-05-13 20:18:19
5364|364|Kuantan Mudik|kuantan-mudik|2026-05-13 22:01:12
1548|99|Bantargebang|bantargebang|2026-05-13 20:13:02
4814|338|Sorong Manoi|sorong-manoi|2026-05-13 21:47:05
2144|135|Magelang Utara|magelang-utara|2026-05-13 20:31:01
5737|393|Lalabata|lalabata|2026-05-13 22:11:00
6189|426|Tongkuno|tongkuno|2026-05-13 22:24:02
1761|114|Grobogan|grobogan|2026-05-13 20:19:19
6170|425|Wawolesea|wawolesea|2026-05-13 22:23:33
4892|340|Wiringgambut|wiringgambut|2026-05-13 21:48:59
1457|95|Ganeas|ganeas|2026-05-13 20:10:54
3485|237|Kepulauan Pongok|kepulauan-pongok|2026-05-13 21:11:59
5720|391|Pitu Riase|pitu-riase|2026-05-13 22:10:31
1023|81|Bojongmangu|bojongmangu|2026-05-13 19:59:02
3387|225|Muara Komam|muara-komam|2026-05-13 21:09:13
3928|272|Siwalalat|siwalalat|2026-05-13 21:24:41
2096|132|Selopampang|selopampang|2026-05-13 20:29:39
4006|279|Galela Utara|galela-utara|2026-05-13 21:26:37
1742|112|Wanareja|wanareja|2026-05-13 20:18:39
3154|203|Bungur|bungur|2026-05-13 21:02:06
2571|158|Tegalombo|tegalombo|2026-05-13 20:42:53
7237|509|Medan Kota|medan-kota|2026-05-13 22:55:42
2171|139|Laweyan|laweyan|2026-05-13 20:31:44
1367|92|Purwakarta|purwakarta|2026-05-13 20:08:44
828|67|Kota Timur|kota-timur|2026-05-13 19:53:04
5833|400|Bacukiki Barat|bacukiki-barat|2026-05-13 22:13:34
5129|350|Animha|animha|2026-05-13 21:55:11
6905|486|Sijamapolang|sijamapolang|2026-05-13 22:44:46
3418|230|Sekatak|sekatak|2026-05-13 21:10:05
4406|310|Koting|koting|2026-05-13 21:36:59
5469|372|Messawa|messawa|2026-05-13 22:03:50
1216|86|Samarang|samarang|2026-05-13 20:04:35
3178|206|Jenamas|jenamas|2026-05-13 21:02:54
6500|453|Lengayang|lengayang|2026-05-13 22:32:29
3693|253|Hulu Sungkai|hulu-sungkai|2026-05-13 21:17:50
6|1|Pante Ceureumen|pante-ceureumen|2026-05-13 19:18:25
788|64|Limboto Barat|limboto-barat|2026-05-13 19:51:48
3135|201|Kusan Tengah|kusan-tengah|2026-05-13 21:01:28
3965|276|Gane Timur Tengah|gane-timur-tengah|2026-05-13 21:25:41
4206|295|Oenino|oenino|2026-05-13 21:31:35
1170|85|Pangenan|pangenan|2026-05-13 20:03:18
4069|285|Madapangga|madapangga|2026-05-13 21:28:11
3742|258|Air Naningan|air-naningan|2026-05-13 21:19:24
4827|339|Koragi|koragi|2026-05-13 21:47:24
5631|385|Belopa|belopa|2026-05-13 22:08:04
5373|365|Bandar Sei Kijang|bandar-sei-kijang|2026-05-13 22:01:28
3408|229|Samarinda Kota|samarinda-kota|2026-05-13 21:09:48
4820|339|Bolakme|bolakme|2026-05-13 21:47:13
2533|156|Ngronggot|ngronggot|2026-05-13 20:41:54
2280|145|Pakem|pakem|2026-05-13 20:34:45
2880|180|Semitau|semitau|2026-05-13 20:52:21
1730|112|Kampung Laut|kampung-laut|2026-05-13 20:18:18
586|47|Penarik|penarik|2026-05-13 19:45:10
2946|186|Sadaniang|sadaniang|2026-05-13 20:54:54
6691|471|Rawas Ilir|rawas-ilir|2026-05-13 22:38:10
4811|338|Sorong Barat|sorong-barat|2026-05-13 21:47:02
1855|119|Bayat|bayat|2026-05-13 20:22:15
3807|262|Langkapura|langkapura|2026-05-13 21:21:23
5950|409|Lore Selatan|lore-selatan|2026-05-13 22:17:08
2814|178|Benowo|benowo|2026-05-13 20:50:39
6763|476|Belitang Iii|belitang-iii|2026-05-13 22:40:28
2552|157|Mantingan|mantingan|2026-05-13 20:42:22
3318|220|Segah|segah|2026-05-13 21:07:09
459|36|Pasar Kemis|pasar-kemis|2026-05-13 19:39:47
5549|379|Lamuru|lamuru|2026-05-13 22:05:51
1789|115|Pecangaan|pecangaan|2026-05-13 20:20:09
6920|487|Simpang Empat|simpang-empat|2026-05-13 22:45:13
68|5|Tapaktuan|tapaktuan|2026-05-13 19:21:15
5326|361|Sungai Lala|sungai-lala|2026-05-13 22:00:12
2963|187|Selakau|selakau|2026-05-13 20:55:28
4418|310|Waigete|waigete|2026-05-13 21:37:17
5747|394|Mangarabombang|mangarabombang|2026-05-13 22:11:17
134|10|Julok|julok|2026-05-13 19:24:17
5227|356|Wegee Muka|wegee-muka|2026-05-13 21:57:32
2334|147|Sukorambi|sukorambi|2026-05-13 20:36:22
6549|457|Tanjung Emas|tanjung-emas|2026-05-13 22:33:43
4546|320|Kosiwo|kosiwo|2026-05-13 21:40:43
1479|96|Cibalong|cibalong|2026-05-13 20:11:28
5302|360|Kuala Indragiri|kuala-indragiri|2026-05-13 21:59:26
4016|279|Tobelo Selatan|tobelo-selatan|2026-05-13 21:26:53
3172|205|Banjarmasin Timur|banjarmasin-timur|2026-05-13 21:02:38
4145|291|Lenangguar|lenangguar|2026-05-13 21:30:06
6971|492|Bukit Malintang|bukit-malintang|2026-05-13 22:46:47
567|46|Amen|amen|2026-05-13 19:44:36
592|47|V Koto|v-koto|2026-05-13 19:45:24
1547|98|Purwaharja|purwaharja|2026-05-13 20:13:00
680|54|Cangkringan|cangkringan|2026-05-13 19:48:39
218|15|Kuala Pesisir|kuala-pesisir|2026-05-13 19:29:19
4825|339|Ibele|ibele|2026-05-13 21:47:20
6620|467|Kota Agung|kota-agung|2026-05-13 22:35:57
2565|158|Nawangan|nawangan|2026-05-13 20:42:43
5340|362|Rumbio Jaya|rumbio-jaya|2026-05-13 22:00:32
5310|360|Tembilahan|tembilahan|2026-05-13 21:59:41
3017|192|Singkawang Utara|singkawang-utara|2026-05-13 20:57:23
2926|184|Menyuke|menyuke|2026-05-13 20:54:05
412|35|Bandung|bandung|2026-05-13 19:38:02
1561|100|Bogor Selatan|bogor-selatan|2026-05-13 20:13:19
2862|180|Batang Lupar|batang-lupar|2026-05-13 20:51:50
5840|401|Batui Selatan|batui-selatan|2026-05-13 22:13:48
2664|163|Sampang|sampang|2026-05-13 20:45:44
815|66|Patilanggio|patilanggio|2026-05-13 19:52:41
3509|240|Simpang Renggiang|simpang-renggiang|2026-05-13 21:12:43
1307|89|Kramatmulya|kramatmulya|2026-05-13 20:07:09
2826|178|Lakarsantri|lakarsantri|2026-05-13 20:50:54
1132|84|Mande|mande|2026-05-13 20:02:12
2156|138|Gayamsari|gayamsari|2026-05-13 20:31:18
1161|85|Karangwareng|karangwareng|2026-05-13 20:03:02
2474|154|Dampit|dampit|2026-05-13 20:40:18
1966|125|Bojongsari|bojongsari|2026-05-13 20:25:41
3419|230|Tanjung Palas|tanjung-palas|2026-05-13 21:10:07
2923|184|Mandor|mandor|2026-05-13 20:53:39
3842|266|Aru Selatan|aru-selatan|2026-05-13 21:22:20
6930|488|Pangkatan|pangkatan|2026-05-13 22:45:33
7072|497|Ulu Sosa|ulu-sosa|2026-05-13 22:50:02
1187|86|Bungbulang|bungbulang|2026-05-13 20:03:49
6603|466|Lintang Kanan|lintang-kanan|2026-05-13 22:35:22
2052|130|Baki|baki|2026-05-13 20:28:24
5898|405|Sindue|sindue|2026-05-13 22:15:32
2288|145|Tapen|tapen|2026-05-13 20:34:57
6638|468|Belimbing|belimbing|2026-05-13 22:36:32
1697|110|Simo|simo|2026-05-13 20:17:12
5655|386|Tomoni|tomoni|2026-05-13 22:08:44
6652|468|Rambang Niru|rambang-niru|2026-05-13 22:36:56
2940|185|Sokan|sokan|2026-05-13 20:54:41
2473|154|Bululawang|bululawang|2026-05-13 20:40:16
6478|451|Rao Selatan|rao-selatan|2026-05-13 22:31:53
3970|276|Kayoa Selatan|kayoa-selatan|2026-05-13 21:25:47
3424|230|Tanjung Selor|tanjung-selor|2026-05-13 21:10:14
3912|271|Inamosol|inamosol|2026-05-13 21:24:17
7069|497|Sosa Timur|sosa-timur|2026-05-13 22:49:56
5339|362|Perhentian Raja|perhentian-raja|2026-05-13 22:00:31
2344|148|Bareng|bareng|2026-05-13 20:36:36
978|79|Bojongsoang|bojongsoang|2026-05-13 19:57:45
3635|251|Bumi Nabung|bumi-nabung|2026-05-13 21:16:11
5424|368|Mempura|mempura|2026-05-13 22:02:43
4828|339|Kurulu|kurulu|2026-05-13 21:47:25
5779|396|Dende' Piongan Napo|dende-piongan-napo|2026-05-13 22:12:06
1680|110|Ampel|ampel|2026-05-13 20:16:44
2672|164|Gedangan|gedangan|2026-05-13 20:45:59
476|37|Purwakarta|purwakarta|2026-05-13 19:40:22
6325|438|Remboken|remboken|2026-05-13 22:27:52
103|8|Kute Panang|kute-panang|2026-05-13 19:22:35
7111|501|Sei Rampah|sei-rampah|2026-05-13 22:51:29
4657|331|Kuri|kuri|2026-05-13 21:43:31
4030|280|Sulabesi Tengah|sulabesi-tengah|2026-05-13 21:27:10
443|36|Cisoka|cisoka|2026-05-13 19:39:13
897|71|Tiang Pumpung|tiang-pumpung|2026-05-13 19:55:12
1805|116|Mojogedang|mojogedang|2026-05-13 20:20:37
6255|433|Modayag|modayag|2026-05-13 22:25:54
2773|169|Kedungwaru|kedungwaru|2026-05-13 20:49:24
4924|342|Paro|paro|2026-05-13 21:49:47
5240|357|Gome|gome|2026-05-13 21:57:49
2709|166|Bluto|bluto|2026-05-13 20:47:07
6944|490|Marbau|marbau|2026-05-13 22:45:56
4417|310|Waiblama|waiblama|2026-05-13 21:37:16
2031|128|Ungaran Timur|ungaran-timur|2026-05-13 20:27:50
6362|440|Tombatu Utara|tombatu-utara|2026-05-13 22:28:55
5194|355|Menou|menou|2026-05-13 21:56:46
4436|313|Katiku Tana|katiku-tana|2026-05-13 21:37:55
2975|188|Jangkang|jangkang|2026-05-13 20:55:49
2036|129|Kalijambe|kalijambe|2026-05-13 20:27:58
3673|252|Purbolinggo|purbolinggo|2026-05-13 21:17:16
2168|138|Tugu|tugu|2026-05-13 20:31:39
3642|251|Punggur|punggur|2026-05-13 21:16:24
6036|415|Pasarwajo|pasarwajo|2026-05-13 22:19:32
5270|358|Mulia|mulia|2026-05-13 21:58:33
4889|340|Tiomneri|tiomneri|2026-05-13 21:48:54
1997|126|Purwodadi|purwodadi|2026-05-13 20:26:46
1942|123|Paninggaran|paninggaran|2026-05-13 20:25:00
5796|397|Gilireng|gilireng|2026-05-13 22:12:33
2489|154|Pagelaran|pagelaran|2026-05-13 20:40:39
1228|87|Balongan|balongan|2026-05-13 20:04:55
1746|113|Gajah|gajah|2026-05-13 20:18:47
3850|266|Pulau-Pulau Aru|pulau-pulau-aru|2026-05-13 21:22:33
6465|450|Sungai Limau|sungai-limau|2026-05-13 22:31:35
3285|216|Kahayan Kuala|kahayan-kuala|2026-05-13 21:06:10
5112|348|Waropko|waropko|2026-05-13 21:54:42
354|33|Cihara|cihara|2026-05-13 19:35:52
6278|435|Tahuna Barat|tahuna-barat|2026-05-13 22:26:36
4943|343|Kalomdol|kalomdol|2026-05-13 21:50:18
5913|406|Wita Ponda|wita-ponda|2026-05-13 22:16:01
5993|412|Baolan|baolan|2026-05-13 22:18:22
5453|370|Tuahmadani|tuahmadani|2026-05-13 22:03:24
6530|456|Koto Parik Gadang Diateh|koto-parik-gadang-diateh|2026-05-13 22:33:17
5883|404|Karamat|karamat|2026-05-13 22:15:07
13|2|Babah Rot|babah-rot|2026-05-13 19:18:47
1963|124|Warungpring|warungpring|2026-05-13 20:25:35
4267|299|Ile Boleng|ile-boleng|2026-05-13 21:33:09
5984|411|Ratolindo|ratolindo|2026-05-13 22:18:06
267|19|Jaya Baru|jaya-baru|2026-05-13 19:32:11
5214|356|Dumadama|dumadama|2026-05-13 21:57:12
6113|422|Onembute|onembute|2026-05-13 22:21:46
1215|86|Peundeuy|peundeuy|2026-05-13 20:04:34
1090|83|Cihaurbeuti|cihaurbeuti|2026-05-13 20:00:58
4463|314|Wulla Waijelu|wulla-waijelu|2026-05-13 21:38:37
5507|376|Allu|allu|2026-05-13 22:04:46
3748|258|Klumbayan|klumbayan|2026-05-13 21:19:35
353|33|Cigemlong|cigemlong|2026-05-13 19:35:50
2838|178|Tandes|tandes|2026-05-13 20:51:12
2759|168|Senori|senori|2026-05-13 20:48:53
2981|188|Parindu|parindu|2026-05-13 20:56:00
4252|298|Maukaro|maukaro|2026-05-13 21:32:44
5899|405|Sindue Tobata|sindue-tobata|2026-05-13 22:15:34
1321|90|Bantarujeg|bantarujeg|2026-05-13 20:07:34
1533|97|Gedebage|gedebage|2026-05-13 20:12:40
6915|487|Merdeka|merdeka|2026-05-13 22:45:04
4790|337|Kwesefo|kwesefo|2026-05-13 21:46:34
2842|178|Wonocolo|wonocolo|2026-05-13 20:51:18
369|33|Muncang|muncang|2026-05-13 19:36:26
2530|156|Nganjuk|nganjuk|2026-05-13 20:41:50
1554|99|Jatisampurna|jatisampurna|2026-05-13 20:13:09
5540|379|Awangpone|awangpone|2026-05-13 22:05:35
2139|134|Wadaslintang|wadaslintang|2026-05-13 20:30:51
1131|84|Leles|leles|2026-05-13 20:02:10
4323|302|Sasitamean|sasitamean|2026-05-13 21:34:39
319|28|Mendoyo|mendoyo|2026-05-13 19:34:23
1031|81|Cikarang Utara|cikarang-utara|2026-05-13 19:59:14
417|35|Cikande|cikande|2026-05-13 19:38:12
6855|483|Nibung Hangus|nibung-hangus|2026-05-13 22:43:04
5818|398|Tamalanrea|tamalanrea|2026-05-13 22:13:12
566|45|Ujan Mas|ujan-mas|2026-05-13 19:44:33
1348|91|Kalipucang|kalipucang|2026-05-13 20:08:16
6346|439|Sinonsayang|sinonsayang|2026-05-13 22:28:26
2521|155|Trowulan|trowulan|2026-05-13 20:41:33
2725|166|Pragaan|pragaan|2026-05-13 20:47:35
2196|142|Bangorejo|bangorejo|2026-05-13 20:32:29
760|62|Wonosari|wonosari|2026-05-13 19:50:57
1474|95|Wado|wado|2026-05-13 20:11:20
6820|481|Prabumulih Timur|prabumulih-timur|2026-05-13 22:42:05
2748|168|Jatirogo|jatirogo|2026-05-13 20:48:23
1882|120|Dawe|dawe|2026-05-13 20:23:06
3460|232|Tulin Onsoi|tulin-onsoi|2026-05-13 21:11:16
835|68|Mersam|mersam|2026-05-13 19:53:18
3855|267|Selaru|selaru|2026-05-13 21:22:42
5550|379|Lappariaja|lappariaja|2026-05-13 22:05:53
2219|142|Tegalsari|tegalsari|2026-05-13 20:33:01
5445|370|Pekanbaru Kota|pekanbaru-kota|2026-05-13 22:03:12
129|10|Darul Ihsan|darul-ihsan|2026-05-13 19:24:02
5805|397|Takkalalla|takkalalla|2026-05-13 22:12:50
5495|375|Bambaira|bambaira|2026-05-13 22:04:30
5601|382|Somba Upu|somba-upu|2026-05-13 22:07:15
867|70|Kayu Aro|kayu-aro|2026-05-13 19:54:15
1920|122|Kayen|kayen|2026-05-13 20:24:17
1436|94|Palabuhanratu|palabuhanratu|2026-05-13 20:10:21
6360|440|Tombatu|tombatu|2026-05-13 22:28:52
1932|123|Bojong|bojong|2026-05-13 20:24:43
2786|170|Junrejo|junrejo|2026-05-13 20:49:49
4650|331|Babo|babo|2026-05-13 21:43:24
1665|109|Blora|blora|2026-05-13 20:16:11
132|10|Idi Tunong|idi-tunong|2026-05-13 19:24:11
5894|405|Dampelas|dampelas|2026-05-13 22:15:26
1519|97|Bandung Kidul|bandung-kidul|2026-05-13 20:12:23
5251|357|Pogoma|pogoma|2026-05-13 21:58:05
4344|304|Macang Pacar|macang-pacar|2026-05-13 21:35:14
1650|108|Banyuputih|banyuputih|2026-05-13 20:15:40
1061|82|Dramaga|dramaga|2026-05-13 20:00:06
3125|200|Pugaan|pugaan|2026-05-13 21:01:10
3775|259|Rawa Jitu Timur|rawa-jitu-timur|2026-05-13 21:20:27
3820|262|Way Halim|way-halim|2026-05-13 21:21:42
1636|107|Pekuncen|pekuncen|2026-05-13 20:15:15
6165|425|Lembo|lembo|2026-05-13 22:23:24
5711|390|Suppa|suppa|2026-05-13 22:10:17
2643|162|Lumbang|lumbang|2026-05-13 20:45:08
6648|468|Muara Belida|muara-belida|2026-05-13 22:36:49
6628|467|Mulak Ulu|mulak-ulu|2026-05-13 22:36:13
2686|164|Wonoayu|wonoayu|2026-05-13 20:46:28
6160|425|Asera|asera|2026-05-13 22:23:15
7235|509|Medan Helvetia|medan-helvetia|2026-05-13 22:55:39
1767|114|Ngaringan|ngaringan|2026-05-13 20:19:30
2847|179|Ledo|ledo|2026-05-13 20:51:26
4271|299|Larantuka|larantuka|2026-05-13 21:33:15
1537|97|Panyileukan|panyileukan|2026-05-13 20:12:45
3948|275|Jailolo Selatan|jailolo-selatan|2026-05-13 21:25:14
729|59|Jagakarsa|jagakarsa|2026-05-13 19:50:02
3837|265|Fena Fafan|fena-fafan|2026-05-13 21:22:10
7128|502|Girsang Sipangan Bolon|girsang-sipangan-bolon|2026-05-13 22:52:00
2363|148|Wonosalam|wonosalam|2026-05-13 20:37:10
4667|331|Tembuni|tembuni|2026-05-13 21:43:42
5723|391|Watang Pulu|watang-pulu|2026-05-13 22:10:36
5332|362|Kampar Kiri|kampar-kiri|2026-05-13 22:00:21
6245|431|Poigar|poigar|2026-05-13 22:25:34
530|43|Enggano|enggano|2026-05-13 19:43:18
2103|133|Batuwarno|batuwarno|2026-05-13 20:29:52
1508|96|Sukaraja|sukaraja|2026-05-13 20:12:08
3398|227|Balikpapan Selatan|balikpapan-selatan|2026-05-13 21:09:32
2380|149|Papar|papar|2026-05-13 20:37:38
1819|117|Karangsambung|karangsambung|2026-05-13 20:21:05
2733|167|Durenan|durenan|2026-05-13 20:47:50
2638|162|Kraksaan|kraksaan|2026-05-13 20:45:01
1408|94|Cicantayan|cicantayan|2026-05-13 20:09:43
2683|164|Tarik|tarik|2026-05-13 20:46:21
6453|450|2 X 11 Enam Lingkuang|2-x-11-enam-lingkuang|2026-05-13 22:31:19
1045|82|Babakan Madang|babakan-madang|2026-05-13 19:59:37
5341|362|Salo|salo|2026-05-13 22:00:34
5028|345|Kosarek|kosarek|2026-05-13 21:52:23
2739|167|Pogalan|pogalan|2026-05-13 20:48:03
6680|470|Purwodadi|purwodadi|2026-05-13 22:37:51
4500|317|Bondifuar|bondifuar|2026-05-13 21:39:35
1956|124|Moga|moga|2026-05-13 20:25:23
2608|160|Winongan|winongan|2026-05-13 20:44:09
1720|112|Bantarsari|bantarsari|2026-05-13 20:17:59
2105|133|Eromoko|eromoko|2026-05-13 20:29:54
4255|298|Ndona|ndona|2026-05-13 21:32:50
1968|125|Kaligondang|kaligondang|2026-05-13 20:25:44
5281|358|Yamoneri|yamoneri|2026-05-13 21:58:50
7083|498|Simangambat|simangambat|2026-05-13 22:50:36
4157|291|Tarano|tarano|2026-05-13 21:30:21
3413|229|Sungai Kunjang|sungai-kunjang|2026-05-13 21:09:56
3908|271|Amalatu|amalatu|2026-05-13 21:24:12
7270|513|Tanjung Balai Selatan|tanjung-balai-selatan|2026-05-13 22:56:36
3716|255|Punduh Pidada|punduh-pidada|2026-05-13 21:18:36
109|9|Babul Makmur|babul-makmur|2026-05-13 19:22:55
1021|80|Sindangkerta|sindangkerta|2026-05-13 19:58:57
6125|422|Wonggeduku|wonggeduku|2026-05-13 22:22:08
5806|397|Tanasitolo|tanasitolo|2026-05-13 22:12:52
4314|302|Botin Leobele|botin-leobele|2026-05-13 21:34:28
410|34|Sumur|sumur|2026-05-13 19:37:56
1483|96|Cineam|cineam|2026-05-13 20:11:34
4228|296|Teluk Mutiara|teluk-mutiara|2026-05-13 21:32:09
6064|419|Polinggona|polinggona|2026-05-13 22:20:20
1535|97|Lengkong|lengkong|2026-05-13 20:12:43
6059|418|Wakorumba Utara|wakorumba-utara|2026-05-13 22:20:12
2936|185|Nanga Pinoh|nanga-pinoh|2026-05-13 20:54:31
2556|157|Pangkur|pangkur|2026-05-13 20:42:28
3695|253|Kotabumi Selatan|kotabumi-selatan|2026-05-13 21:17:54
5400|366|Tanah Putih Tanjung Melawan|tanah-putih-tanjung-melawan|2026-05-13 22:02:07
549|44|Luas|luas|2026-05-13 19:43:59
1038|81|Sukakarya|sukakarya|2026-05-13 19:59:25
3487|237|Payung|payung|2026-05-13 21:12:02
3730|256|Pesisir Utara|pesisir-utara|2026-05-13 21:19:01
4816|338|Sorong Utara|sorong-utara|2026-05-13 21:47:07
787|64|Limboto|limboto|2026-05-13 19:51:46
1372|93|Binong|binong|2026-05-13 20:08:52
3992|277|Weda Utara|weda-utara|2026-05-13 21:26:16
3696|253|Kotabumi Utara|kotabumi-utara|2026-05-13 21:17:56
3962|276|Gane Barat Utara|gane-barat-utara|2026-05-13 21:25:37
576|46|Rimbo Pengadang|rimbo-pengadang|2026-05-13 19:44:52
1441|94|Simpenan|simpenan|2026-05-13 20:10:28
3159|203|Piani|piani|2026-05-13 21:02:16
1305|89|Kalimanggis|kalimanggis|2026-05-13 20:07:06
6573|462|Payakumbuh Selatan|payakumbuh-selatan|2026-05-13 22:34:25
5987|411|Tojo|tojo|2026-05-13 22:18:11
912|73|Cermin Nan Gedang|cermin-nan-gedang|2026-05-13 19:55:45
7107|501|Pantai Cermin|pantai-cermin|2026-05-13 22:51:21
2632|162|Banyuanyar|banyuanyar|2026-05-13 20:44:51
4833|339|Musatfak|musatfak|2026-05-13 21:47:32
3872|268|Pulau-Pulau Babar|pulau-pulau-babar|2026-05-13 21:23:10
2553|157|Ngawi|ngawi|2026-05-13 20:42:23
5758|395|Makale|makale|2026-05-13 22:11:34
5147|350|Tanah Miring|tanah-miring|2026-05-13 21:55:36
5713|390|Watang Sawito|watang-sawito|2026-05-13 22:10:19
7068|497|Sosa Julu|sosa-julu|2026-05-13 22:49:54
6177|426|Kabawo|kabawo|2026-05-13 22:23:45
4604|326|Fak-Fak Timur|fak-fak-timur|2026-05-13 21:42:08
388|34|Cipeucang|cipeucang|2026-05-13 19:37:11
6884|485|Lubuk Pakam|lubuk-pakam|2026-05-13 22:43:57
5562|379|Tellulimpoe|tellulimpoe|2026-05-13 22:06:12
5931|408|Ongka Malino|ongka-malino|2026-05-13 22:16:35
5560|379|Tanete Riattang Timur|tanete-riattang-timur|2026-05-13 22:06:09
6922|487|Tiganderket|tiganderket|2026-05-13 22:45:17
2800|174|Sukun|sukun|2026-05-13 20:50:16
620|49|Talo|talo|2026-05-13 19:46:31
3033|194|Kertak Hanyar|kertak-hanyar|2026-05-13 20:58:05
4976|344|Dow|dow|2026-05-13 21:51:06
3102|199|Pamukan Barat|pamukan-barat|2026-05-13 21:00:29
1685|110|Gladagsari|gladagsari|2026-05-13 20:16:52
7115|501|Tanjung Beringin|tanjung-beringin|2026-05-13 22:51:36
2582|159|Pegantenan|pegantenan|2026-05-13 20:43:15
3863|268|Dawelor Dawera|dawelor-dawera|2026-05-13 21:22:55
6430|448|Pagai Selatan|pagai-selatan|2026-05-13 22:30:45
6191|426|Towea|towea|2026-05-13 22:24:06
3945|275|Ibu Selatan|ibu-selatan|2026-05-13 21:25:07
4708|333|Mare Selatan|mare-selatan|2026-05-13 21:44:42
2424|151|Padang|padang|2026-05-13 20:38:58
4654|331|Fafurwar|fafurwar|2026-05-13 21:43:28
774|63|Suwawa Selatan|suwawa-selatan|2026-05-13 19:51:22
1049|82|Ciampea|ciampea|2026-05-13 19:59:45
5436|369|Dumai Timur|dumai-timur|2026-05-13 22:02:59
36|3|Lhoknga|lhoknga|2026-05-13 19:19:55
1351|91|Padaherang|padaherang|2026-05-13 20:08:20
3588|247|Lubuk Baja|lubuk-baja|2026-05-13 21:14:45
3067|196|Kalumpang|kalumpang|2026-05-13 20:59:17
3645|251|Selagai Lingga|selagai-lingga|2026-05-13 21:16:29
6144|424|Laeya|laeya|2026-05-13 22:22:45
3013|192|Singkawang Barat|singkawang-barat|2026-05-13 20:57:17
6659|469|Babat Supat|babat-supat|2026-05-13 22:37:09
6608|466|Saling|saling|2026-05-13 22:35:32
581|47|Air Rami|air-rami|2026-05-13 19:45:01
3241|212|Arut Selatan|arut-selatan|2026-05-13 21:04:49
5297|360|Gaung Anak Serka|gaung-anak-serka|2026-05-13 21:59:19
6821|481|Prabumulih Utara|prabumulih-utara|2026-05-13 22:42:07
1209|86|Mekarmukti|mekarmukti|2026-05-13 20:04:24
1801|116|Karangpandan|karangpandan|2026-05-13 20:20:30
4270|299|Kelubagolit|kelubagolit|2026-05-13 21:33:14
2618|161|Mlarak|mlarak|2026-05-13 20:44:27
5774|396|Balusu|balusu|2026-05-13 22:11:58
6487|452|Pasaman|pasaman|2026-05-13 22:32:07
488|39|Jatiuwung|jatiuwung|2026-05-13 19:40:48
7055|496|Tuhemberua|tuhemberua|2026-05-13 22:49:26
6569|461|Pariaman Timur|pariaman-timur|2026-05-13 22:34:18
4515|318|Depapre|depapre|2026-05-13 21:39:57
3734|257|Ambarawa|ambarawa|2026-05-13 21:19:08
2396|150|Karangbinangun|karangbinangun|2026-05-13 20:38:08
3925|272|Pulau Panjang|pulau-panjang|2026-05-13 21:24:38
3397|227|Balikpapan Kota|balikpapan-kota|2026-05-13 21:09:31
4199|295|Mollo Selatan|mollo-selatan|2026-05-13 21:31:24
5853|401|Nambo|nambo|2026-05-13 22:14:10
841|69|Bathin Iii Ulu|bathin-iii-ulu|2026-05-13 19:53:31
5097|348|Firiwage|firiwage|2026-05-13 21:54:18
3512|241|Gerunggang|gerunggang|2026-05-13 21:12:48
3704|254|Mesuji|mesuji|2026-05-13 21:18:11
1040|81|Sukawangi|sukawangi|2026-05-13 19:59:27
4247|298|Ende Utara|ende-utara|2026-05-13 21:32:37
4403|310|Hewokloang|hewokloang|2026-05-13 21:36:55
3934|273|Baguala|baguala|2026-05-13 21:24:51
6378|442|Lembeh Utara|lembeh-utara|2026-05-13 22:29:24
1845|118|Pageruyung|pageruyung|2026-05-13 20:21:55
4367|306|Nangaroro|nangaroro|2026-05-13 21:35:55
2129|134|Kalikajar|kalikajar|2026-05-13 20:30:32
408|34|Sobang|sobang|2026-05-13 19:37:52
5924|408|Ampibabo|ampibabo|2026-05-13 22:16:22
208|14|Pantan Cuaca|pantan-cuaca|2026-05-13 19:28:52
4740|335|Klamono|klamono|2026-05-13 21:45:23
5561|379|Tellu Siattinge|tellu-siattinge|2026-05-13 22:06:10
4211|296|Abad Selatan|abad-selatan|2026-05-13 21:31:44
5031|345|Kwikma|kwikma|2026-05-13 21:52:28
6612|466|Ulu Musi|ulu-musi|2026-05-13 22:35:40
537|43|Marga Sakti Sebelat|marga-sakti-sebelat|2026-05-13 19:43:34
766|63|Bulango Timur|bulango-timur|2026-05-13 19:51:09
259|18|Simeulue Tengah|simeulue-tengah|2026-05-13 19:31:50
196|13|Peudada|peudada|2026-05-13 19:28:07
1860|119|Jatinom|jatinom|2026-05-13 20:22:27
6016|414|Kabaena Utara|kabaena-utara|2026-05-13 22:18:59
2703|165|Sumbermalang|sumbermalang|2026-05-13 20:46:55
5575|381|Alla|alla|2026-05-13 22:06:33
5487|373|Tapalang|tapalang|2026-05-13 22:04:18
686|54|Mlati|mlati|2026-05-13 19:48:50
5649|386|Angkona|angkona|2026-05-13 22:08:34
4313|301|Wulandoni|wulandoni|2026-05-13 21:34:25
2746|168|Bangilan|bangilan|2026-05-13 20:48:19
655|52|Panggang|panggang|2026-05-13 19:47:44
4781|337|Ases|ases|2026-05-13 21:46:22
3974|276|Makian Barat|makian-barat|2026-05-13 21:25:52
5369|364|Sentajo Raya|sentajo-raya|2026-05-13 22:01:20
687|54|Moyudan|moyudan|2026-05-13 19:48:52
6276|435|Tabukan Utara|tabukan-utara|2026-05-13 22:26:32
5795|397|Bola|bola|2026-05-13 22:12:31
3505|240|Gantung|gantung|2026-05-13 21:12:35
5210|356|Bibida|bibida|2026-05-13 21:57:07
5764|395|Mengkendek|mengkendek|2026-05-13 22:11:42
2214|142|Siliragung|siliragung|2026-05-13 20:32:54
7190|505|Pahae Jae|pahae-jae|2026-05-13 22:54:11
3370|223|Rantau Pulung|rantau-pulung|2026-05-13 21:08:39
6111|422|Meluhu|meluhu|2026-05-13 22:21:43
4307|301|Ile Ape|ile-ape|2026-05-13 21:34:15
2951|186|Toho|toho|2026-05-13 20:55:04
786|64|Dungaliyo|dungaliyo|2026-05-13 19:51:44
6582|465|Air Kumbang|air-kumbang|2026-05-13 22:34:42
7218|507|Binjai Kota|binjai-kota|2026-05-13 22:55:09
2297|146|Cerme|cerme|2026-05-13 20:35:17
894|71|Tabir Selatan|tabir-selatan|2026-05-13 19:55:07
3058|195|Rantau Badauh|rantau-badauh|2026-05-13 20:59:00
203|14|Blangjerango|blangjerango|2026-05-13 19:28:39
3834|264|Waelata|waelata|2026-05-13 21:22:04
6689|471|Karang Jaya|karang-jaya|2026-05-13 22:38:07
5664|387|Malangke|malangke|2026-05-13 22:09:00
2555|157|Padas|padas|2026-05-13 20:42:26
6579|463|Talawi|talawi|2026-05-13 22:34:35
6336|439|Amurang|amurang|2026-05-13 22:28:11
6939|490|Aek Natas|aek-natas|2026-05-13 22:45:48
1854|118|Weleri|weleri|2026-05-13 20:22:12
4489|316|Kelapa Lima|kelapa-lima|2026-05-13 21:39:16
5925|408|Balinggi|balinggi|2026-05-13 22:16:24
1027|81|Cikarang Barat|cikarang-barat|2026-05-13 19:59:08
152|11|Cot Girek|cot-girek|2026-05-13 19:25:16
5771|395|Sangalla Utara|sangalla-utara|2026-05-13 22:11:53
6490|452|Sungaiaur|sungaiaur|2026-05-13 22:32:12
523|42|Taba Penanjung|taba-penanjung|2026-05-13 19:43:01
4409|310|Mapitara|mapitara|2026-05-13 21:37:02
5602|382|Tinggimoncong|tinggimoncong|2026-05-13 22:07:17
1182|85|Waled|waled|2026-05-13 20:03:38
3998|278|Wasile|wasile|2026-05-13 21:26:25
4233|297|Lamaknen|lamaknen|2026-05-13 21:32:15
4810|338|Sorong|sorong|2026-05-13 21:47:01
475|37|Pulomerak|pulomerak|2026-05-13 19:40:20
338|31|Penebel|penebel|2026-05-13 19:35:11
6943|490|Kualuh Selatan|kualuh-selatan|2026-05-13 22:45:55
4506|317|Padaido|padaido|2026-05-13 21:39:43
2545|157|Jogorogo|jogorogo|2026-05-13 20:42:12
6781|477|Abab|abab|2026-05-13 22:41:03
5232|357|Amungkalpia|amungkalpia|2026-05-13 21:57:39
6842|482|Setia Janji|setia-janji|2026-05-13 22:42:42
5777|396|Buntao|buntao|2026-05-13 22:12:02
5206|355|Yaur|yaur|2026-05-13 21:57:01
2354|148|Mojowarno|mojowarno|2026-05-13 20:36:54
3815|262|Tanjungkarang Timur|tanjungkarang-timur|2026-05-13 21:21:35
3469|234|Tarakan Utara|tarakan-utara|2026-05-13 21:11:30
314|27|Tampaksiring|tampaksiring|2026-05-13 19:34:13
4126|289|Sukamulia|sukamulia|2026-05-13 21:29:40
5057|345|Ubalihi|ubalihi|2026-05-13 21:53:07
2403|150|Mantup|mantup|2026-05-13 20:38:24
4497|317|Biak Kota|biak-kota|2026-05-13 21:39:28
573|46|Lebong Utara|lebong-utara|2026-05-13 19:44:47
1843|118|Limbangan|limbangan|2026-05-13 20:21:52
2660|163|Ketapang|ketapang|2026-05-13 20:45:38
5312|360|Tempuling|tempuling|2026-05-13 21:59:44
1446|94|Tegalbuleud|tegalbuleud|2026-05-13 20:10:35
2308|146|Sidayu|sidayu|2026-05-13 20:35:44
1909|121|Tempuran|tempuran|2026-05-13 20:23:57
5188|354|Mimika Timur|mimika-timur|2026-05-13 21:56:38
2941|185|Tanah Pinoh|tanah-pinoh|2026-05-13 20:54:43
2175|140|Tegal Barat|tegal-barat|2026-05-13 20:31:50
967|78|Hamparan Rawang|hamparan-rawang|2026-05-13 19:57:26
5901|405|Sirenja|sirenja|2026-05-13 22:15:37
4975|344|Danime|danime|2026-05-13 21:51:04
6298|437|Gemeh|gemeh|2026-05-13 22:27:08
4587|324|Oudate|oudate|2026-05-13 21:41:41
3952|275|Sahu Timur|sahu-timur|2026-05-13 21:25:22
362|33|Curug Bitung|curug-bitung|2026-05-13 19:36:10
588|47|Selagan Raya|selagan-raya|2026-05-13 19:45:15
3703|253|Tanjung Raja|tanjung-raja|2026-05-13 21:18:08
2972|188|Beduai|beduai|2026-05-13 20:55:45
6187|426|Pasi Kolaga|pasi-kolaga|2026-05-13 22:24:00
116|9|Deleng Pokhkisen|deleng-pokhkisen|2026-05-13 19:23:19
2539|156|Sukomoro|sukomoro|2026-05-13 20:42:04
2413|150|Sukodadi|sukodadi|2026-05-13 20:38:41
4559|320|Yawakukat|yawakukat|2026-05-13 21:41:01
11|1|Woyla Barat|woyla-barat|2026-05-13 19:18:41
1476|96|Bojongasih|bojongasih|2026-05-13 20:11:24
2152|137|Tingkir|tingkir|2026-05-13 20:31:12
2068|131|Dukuhturi|dukuhturi|2026-05-13 20:28:52
3483|236|Tempilang|tempilang|2026-05-13 21:11:55
6861|484|Gunung Sitember|gunung-sitember|2026-05-13 22:43:15
1138|84|Sukaluyu|sukaluyu|2026-05-13 20:02:22
4427|312|Kodi Bangedo|kodi-bangedo|2026-05-13 21:37:35
4620|327|Teluk Arguni Bawah|teluk-arguni-bawah|2026-05-13 21:42:32
2983|188|Tayan Hilir|tayan-hilir|2026-05-13 20:56:03
750|61|Koja|koja|2026-05-13 19:50:39
1379|93|Cipeundeuy|cipeundeuy|2026-05-13 20:09:01
5672|387|Sukamaju|sukamaju|2026-05-13 22:09:14
5789|396|Sesean Suloara|sesean-suloara|2026-05-13 22:12:22
7066|497|Sihapas Barumun|sihapas-barumun|2026-05-13 22:49:50
4660|331|Merdey|merdey|2026-05-13 21:43:35
667|53|Galur|galur|2026-05-13 19:48:12
5165|352|Sukikai Selatan|sukikai-selatan|2026-05-13 21:56:03
2718|166|Kangayan|kangayan|2026-05-13 20:47:23
5157|352|Kamu|kamu|2026-05-13 21:55:53
875|71|Bangko Barat|bangko-barat|2026-05-13 19:54:34
6651|468|Rambang|rambang|2026-05-13 22:36:55
7193|505|Parmonangan|parmonangan|2026-05-13 22:54:17
2335|147|Sukowono|sukowono|2026-05-13 20:36:23
2937|185|Pinoh Selatan|pinoh-selatan|2026-05-13 20:54:33
6886|485|Pagar Merbau|pagar-merbau|2026-05-13 22:44:03
3429|231|Malinau Barat|malinau-barat|2026-05-13 21:10:22
6468|450|V Koto Timur|v-koto-timur|2026-05-13 22:31:39
1206|86|Leuwigoong|leuwigoong|2026-05-13 20:04:19
1834|117|Sruweng|sruweng|2026-05-13 20:21:34
6347|439|Suluun Tareran|suluun-tareran|2026-05-13 22:28:28
889|71|Sungai Manau|sungai-manau|2026-05-13 19:54:57
5904|405|Tanantovea|tanantovea|2026-05-13 22:15:42
2953|187|Jawai|jawai|2026-05-13 20:55:09
3307|219|Pahandut|pahandut|2026-05-13 21:06:50
2579|159|Palenggaan|palenggaan|2026-05-13 20:43:09
5510|376|Binuang|binuang|2026-05-13 22:04:50
3306|219|Jekan Raya|jekan-raya|2026-05-13 21:06:49
6403|446|Ampek Angkek|ampek-angkek|2026-05-13 22:30:07
672|53|Nanggulan|nanggulan|2026-05-13 19:48:22
6617|467|Kikim Selatan|kikim-selatan|2026-05-13 22:35:50
3116|199|Sungai Durian|sungai-durian|2026-05-13 21:00:54
4567|321|Waropen Atas|waropen-atas|2026-05-13 21:41:12
3059|195|Tabukan|tabukan|2026-05-13 20:59:02
2919|184|Air Besar|air-besar|2026-05-13 20:53:32
1002|79|Rancabali|rancabali|2026-05-13 19:58:25
6624|467|Merapi Selatan|merapi-selatan|2026-05-13 22:36:06
1755|113|Wedung|wedung|2026-05-13 20:19:05
3153|203|Binuang|binuang|2026-05-13 21:02:04
4948|343|Murkim|murkim|2026-05-13 21:50:27
86|7|Karang Baru|karang-baru|2026-05-13 19:21:55
240|16|Peukan Baro|peukan-baro|2026-05-13 19:30:36
6476|451|Panti|panti|2026-05-13 22:31:51
2969|187|Tekarang|tekarang|2026-05-13 20:55:38
3271|214|Sematu Jaya|sematu-jaya|2026-05-13 21:05:43
6345|439|Ranoyapo|ranoyapo|2026-05-13 22:28:24
992|79|Kutawaringin|kutawaringin|2026-05-13 19:58:07
657|52|Playen|playen|2026-05-13 19:47:48
7038|495|Tanah Masa|tanah-masa|2026-05-13 22:48:57
5936|408|Parigi Tengah|parigi-tengah|2026-05-13 22:16:43
4799|337|Sausapor|sausapor|2026-05-13 21:46:46
861|70|Danau Kerinci|danau-kerinci|2026-05-13 19:54:04
2916|183|Sungai Raya|sungai-raya|2026-05-13 20:53:26
944|76|Muara Tabir|muara-tabir|2026-05-13 19:56:49
1732|112|Kawunganten|kawunganten|2026-05-13 20:18:21
4005|279|Galela Selatan|galela-selatan|2026-05-13 21:26:36
2488|154|Pagak|pagak|2026-05-13 20:40:38
4932|342|Yigi|yigi|2026-05-13 21:49:59
4970|344|Bewani|bewani|2026-05-13 21:50:57
1817|117|Karanganyar|karanganyar|2026-05-13 20:21:01
1048|82|Cariu|cariu|2026-05-13 19:59:43
4265|299|Adonara Timur|adonara-timur|2026-05-13 21:33:06
1395|93|Pusakanagara|pusakanagara|2026-05-13 20:09:25
4867|340|Gollo|gollo|2026-05-13 21:48:21
1939|123|Kedungwuni|kedungwuni|2026-05-13 20:24:55
2868|180|Embaloh Hulu|embaloh-hulu|2026-05-13 20:52:00
6879|485|Galang|galang|2026-05-13 22:43:47
6903|486|Parlilitan|parlilitan|2026-05-13 22:44:42
1649|108|Bandar|bandar|2026-05-13 20:15:38
4779|337|Amberbaken|amberbaken|2026-05-13 21:46:20
5090|347|Suator|suator|2026-05-13 21:54:08
557|44|Tanjung Kemuning|tanjung-kemuning|2026-05-13 19:44:15
4596|325|Jayapura Selatan|jayapura-selatan|2026-05-13 21:41:55
4946|343|Kiwirok Timur|kiwirok-timur|2026-05-13 21:50:25
6822|481|Rambang Kpk Tengah|rambang-kpk-tengah|2026-05-13 22:42:08
7194|505|Purba Tua|purba-tua|2026-05-13 22:54:19
3248|213|Baamang|baamang|2026-05-13 21:05:03
6250|432|Pinolosian Tengah|pinolosian-tengah|2026-05-13 22:25:45
6176|426|Kabangka|kabangka|2026-05-13 22:23:43
5588|382|Bajeng Barat|bajeng-barat|2026-05-13 22:06:55
4453|314|Matawai La Pawu|matawai-la-pawu|2026-05-13 21:38:24
2497|154|Tajinan|tajinan|2026-05-13 20:40:51
1485|96|Cisayong|cisayong|2026-05-13 20:11:37
6697|472|Indralaya Utara|indralaya-utara|2026-05-13 22:38:22
5757|395|Kurra|kurra|2026-05-13 22:11:32
2597|160|Pasrepan|pasrepan|2026-05-13 20:43:47
3147|202|Kurau|kurau|2026-05-13 21:01:51
491|39|Larangan|larangan|2026-05-13 19:40:54
3199|209|Damang Batu|damang-batu|2026-05-13 21:03:32
265|19|Baiturrahman|baiturrahman|2026-05-13 19:32:07
3378|224|Long Apari|long-apari|2026-05-13 21:08:53
5242|357|Ilaga|ilaga|2026-05-13 21:57:52
4035|281|Morotai Timur|morotai-timur|2026-05-13 21:27:19
856|70|Air Hangat|air-hangat|2026-05-13 19:53:55
3421|230|Tanjung Palas Tengah|tanjung-palas-tengah|2026-05-13 21:10:10
5884|404|Lakea|lakea|2026-05-13 22:15:09
3880|269|Banda|banda|2026-05-13 21:23:22
4938|343|Bime|bime|2026-05-13 21:50:09
4306|301|Buyasuri|buyasuri|2026-05-13 21:34:12
1918|122|Jakenan|jakenan|2026-05-13 20:24:13
6306|437|Nanusa|nanusa|2026-05-13 22:27:21
3385|225|Long Ikis|long-ikis|2026-05-13 21:09:07
3654|251|Trimurjo|trimurjo|2026-05-13 21:16:44
939|75|Muara Sabak Barat|muara-sabak-barat|2026-05-13 19:56:40
5323|361|Rengat|rengat|2026-05-13 22:00:06
453|36|Legok|legok|2026-05-13 19:39:34
3004|190|Sintang|sintang|2026-05-13 20:56:59
6870|484|Silima Pungga Pungga|silima-pungga-pungga|2026-05-13 22:43:30
6977|492|Muara Sipongi|muara-sipongi|2026-05-13 22:46:58
1005|79|Soreang|soreang|2026-05-13 19:58:29
1619|106|Susukan|susukan|2026-05-13 20:14:45
4093|287|Labuapi|labuapi|2026-05-13 21:28:47
3847|266|Aru Tengah Timur|aru-tengah-timur|2026-05-13 21:22:28
5975|410|Marawola Barat|marawola-barat|2026-05-13 22:17:49
574|46|Pelabai|pelabai|2026-05-13 19:44:49
4494|317|Aimando Padaido|aimando-padaido|2026-05-13 21:39:23
4505|317|Orkeri|orkeri|2026-05-13 21:39:42
824|67|Hulonthalangi|hulonthalangi|2026-05-13 19:52:57
2685|164|Waru|waru|2026-05-13 20:46:26
1760|114|Godong|godong|2026-05-13 20:19:16
4072|285|Parado|parado|2026-05-13 21:28:16
5734|393|Citta|citta|2026-05-13 22:10:56
821|66|Wanggarasi|wanggarasi|2026-05-13 19:52:52
4899|341|Kobakma|kobakma|2026-05-13 21:49:11
5762|395|Mappak|mappak|2026-05-13 22:11:40
5942|408|Tinombo|tinombo|2026-05-13 22:16:52
4605|326|Fakfak Timur Tengah|fakfak-timur-tengah|2026-05-13 21:42:09
3723|256|Karya Penggawa|karya-penggawa|2026-05-13 21:18:49
3055|195|Mandastana|mandastana|2026-05-13 20:58:55
2338|147|Sumbersari|sumbersari|2026-05-13 20:36:27
960|77|Jambi Timur|jambi-timur|2026-05-13 19:57:16
804|65|Ponelo Kepulauan|ponelo-kepulauan|2026-05-13 19:52:23
111|9|Babussalam|babussalam|2026-05-13 19:23:01
3621|250|Penengahan|penengahan|2026-05-13 21:15:45
1751|113|Kebonagung|kebonagung|2026-05-13 20:18:57
2387|149|Semen|semen|2026-05-13 20:37:51
5244|357|Kembru|kembru|2026-05-13 21:57:54
6591|465|Muara Sugihan|muara-sugihan|2026-05-13 22:34:59
5836|401|Balantak|balantak|2026-05-13 22:13:40
12|1|Woyla Timur|woyla-timur|2026-05-13 19:18:43
1573|102|Pekalipan|pekalipan|2026-05-13 20:13:36
5971|410|Kulawi|kulawi|2026-05-13 22:17:42
3788|261|Baradatu|baradatu|2026-05-13 21:20:50
5728|392|Sinjai Borong|sinjai-borong|2026-05-13 22:10:45
561|45|Kepahiang|kepahiang|2026-05-13 19:44:24
6481|451|Tigo Nagari|tigo-nagari|2026-05-13 22:31:57
6721|473|Pangkalan Lampam|pangkalan-lampam|2026-05-13 22:39:09
1415|94|Cikembar|cikembar|2026-05-13 20:09:52
2355|148|Ngoro|ngoro|2026-05-13 20:36:56
5909|406|Bungku Selatan|bungku-selatan|2026-05-13 22:15:51
2460|153|Magetan|magetan|2026-05-13 20:39:55
2662|163|Pangarengan|pangarengan|2026-05-13 20:45:41
5058|345|Ukha|ukha|2026-05-13 21:53:08
6686|470|Tuah Negeri|tuah-negeri|2026-05-13 22:38:01
2911|183|Kuala Mandor B|kuala-mandor-b|2026-05-13 20:53:16
1365|92|Plered|plered|2026-05-13 20:08:40
2021|128|Jambu|jambu|2026-05-13 20:27:33
1783|115|Keling|keling|2026-05-13 20:19:59
3822|263|Metro Pusat|metro-pusat|2026-05-13 21:21:45
778|63|Tilongkabila|tilongkabila|2026-05-13 19:51:29
6729|474|Baturaja Barat|baturaja-barat|2026-05-13 22:39:26
1624|107|Baturraden|baturraden|2026-05-13 20:14:55
6793|478|Lubuk Linggau Utara Ii|lubuk-linggau-utara-ii|2026-05-13 22:41:23
5499|375|Dapurang|dapurang|2026-05-13 22:04:36
3757|258|Semaka|semaka|2026-05-13 21:19:53
3039|194|Pengarom|pengarom|2026-05-13 20:58:20
101|8|Kebayakan|kebayakan|2026-05-13 19:22:30
5150|350|Waan|waan|2026-05-13 21:55:41
6122|422|Uepai|uepai|2026-05-13 22:22:02
5388|366|Bangko Pusako|bangko-pusako|2026-05-13 22:01:50
5506|375|Tikke Raya|tikke-raya|2026-05-13 22:04:44
2752|168|Merakurak|merakurak|2026-05-13 20:48:33
302|26|Buleleng|buleleng|2026-05-13 19:33:41
4961|343|Pamek|pamek|2026-05-13 21:50:44
2566|158|Ngadirojo|ngadirojo|2026-05-13 20:42:44
3349|222|Muara Kaman|muara-kaman|2026-05-13 21:08:03
1833|117|Sempor|sempor|2026-05-13 20:21:33
5102|348|Ki|ki|2026-05-13 21:54:24
3987|277|Pulau Gebe|pulau-gebe|2026-05-13 21:26:09
6317|438|Kombi|kombi|2026-05-13 22:27:38
4499|317|Biak Utara|biak-utara|2026-05-13 21:39:33
5259|358|Gubume|gubume|2026-05-13 21:58:17
678|53|Wates|wates|2026-05-13 19:48:34
4349|304|Welak|welak|2026-05-13 21:35:22
6525|455|Pantai Cermin|pantai-cermin|2026-05-13 22:33:10
6857|483|Sei Suka|sei-suka|2026-05-13 22:43:08
2635|162|Gading|gading|2026-05-13 20:44:57
3183|207|Dusun Timur|dusun-timur|2026-05-13 21:03:02
6444|449|Harau|harau|2026-05-13 22:31:05
6212|428|Wangi-Wangi|wangi-wangi|2026-05-13 22:24:40
1198|86|Cisompet|cisompet|2026-05-13 20:04:06
6155|424|Ranomeeto Barat|ranomeeto-barat|2026-05-13 22:23:05
2504|155|Bangsal|bangsal|2026-05-13 20:41:03
5666|387|Mappedeceng|mappedeceng|2026-05-13 22:09:03
5881|404|Bunobogu|bunobogu|2026-05-13 22:15:04
5293|360|Batang Tuaka|batang-tuaka|2026-05-13 21:59:13
3681|253|Abung Barat|abung-barat|2026-05-13 21:17:31
2075|131|Pagerbarang|pagerbarang|2026-05-13 20:29:03
4765|336|Kais|kais|2026-05-13 21:46:00
4142|291|Labuhan Badas|labuhan-badas|2026-05-13 21:30:03
7222|508|Gunungsitoli|gunungsitoli|2026-05-13 22:55:16
1413|94|Ciemas|ciemas|2026-05-13 20:09:50
5784|396|Rantepao|rantepao|2026-05-13 22:12:13
6127|423|Wawonii Barat|wawonii-barat|2026-05-13 22:22:12
6234|431|Bolaang Timur|bolaang-timur|2026-05-13 22:25:15
1082|82|Tanjungsari|tanjungsari|2026-05-13 20:00:42
6962|491|Sei Bingei|sei-bingei|2026-05-13 22:46:28
3455|232|Sebatik Utara|sebatik-utara|2026-05-13 21:11:08
4115|289|Masbagik|masbagik|2026-05-13 21:29:23
7156|503|Angkola Timur|angkola-timur|2026-05-13 22:52:58
4923|342|Nirkuri|nirkuri|2026-05-13 21:49:46
3677|252|Sukadana|sukadana|2026-05-13 21:17:23
6312|438|Kakas|kakas|2026-05-13 22:27:30
5917|407|Mamosalato|mamosalato|2026-05-13 22:16:09
5372|365|Bandar Petalangan|bandar-petalangan|2026-05-13 22:01:26
7067|497|Sosa|sosa|2026-05-13 22:49:52
2802|175|Magersari|magersari|2026-05-13 20:50:20
5394|366|Pujud|pujud|2026-05-13 22:01:59
7176|504|Sarudik|sarudik|2026-05-13 22:53:47
4557|320|Yapen Timur|yapen-timur|2026-05-13 21:40:58
3161|203|Tapin Selatan|tapin-selatan|2026-05-13 21:02:19
140|10|Peureulak|peureulak|2026-05-13 19:24:37
3379|224|Long Bagun|long-bagun|2026-05-13 21:08:54
2005|127|Pancur|pancur|2026-05-13 20:27:05
3357|222|Tenggarong|tenggarong|2026-05-13 21:08:16
4529|318|Waibu|waibu|2026-05-13 21:40:16
2432|151|Sukodono|sukodono|2026-05-13 20:39:10
2778|169|Pucanglaban|pucanglaban|2026-05-13 20:49:34
5365|364|Kuantan Tengah|kuantan-tengah|2026-05-13 22:01:14
6419|447|Asam Jujuhan|asam-jujuhan|2026-05-13 22:30:30
1195|86|Cikelet|cikelet|2026-05-13 20:04:00
511|41|Pino Raya|pino-raya|2026-05-13 19:42:31
3729|256|Pesisir Tengah|pesisir-tengah|2026-05-13 21:18:59
5573|380|Ujung Bulu|ujung-bulu|2026-05-13 22:06:30
2035|129|Jenar|jenar|2026-05-13 20:27:57
2038|129|Kedawung|kedawung|2026-05-13 20:28:02
1827|117|Petanahan|petanahan|2026-05-13 20:21:22
6932|488|Rantau Utara|rantau-utara|2026-05-13 22:45:36
4160|292|Brang Ene|brang-ene|2026-05-13 21:30:27
6073|420|Dangia|dangia|2026-05-13 22:20:37
3899|270|Kei Besar Selatan|kei-besar-selatan|2026-05-13 21:23:55
1257|88|Banyusari|banyusari|2026-05-13 20:05:44
1983|126|Bagelen|bagelen|2026-05-13 20:26:09
4804|337|Tobouw|tobouw|2026-05-13 21:46:53
1933|123|Buaran|buaran|2026-05-13 20:24:45
3180|207|Awang|awang|2026-05-13 21:02:58
2599|160|Prigen|prigen|2026-05-13 20:43:51
6069|419|Watubangga|watubangga|2026-05-13 22:20:29
5404|367|Kabun|kabun|2026-05-13 22:02:13
4997|344|Panaga|panaga|2026-05-13 21:51:38
6297|437|Essang Selatan|essang-selatan|2026-05-13 22:27:07
7131|502|Haranggaol Horison|haranggaol-horison|2026-05-13 22:52:05
5576|381|Anggeraja|anggeraja|2026-05-13 22:06:35
4984|344|Kai|kai|2026-05-13 21:51:19
6277|435|Tahuna|tahuna|2026-05-13 22:26:35
5383|365|Ukui|ukui|2026-05-13 22:01:41
6726|473|Tanjung Lubuk|tanjung-lubuk|2026-05-13 22:39:18
1460|95|Jatinunggal|jatinunggal|2026-05-13 20:10:59
5174|354|Agimuga|agimuga|2026-05-13 21:56:19
2967|187|Tangaran|tangaran|2026-05-13 20:55:34
2375|149|Mojo|mojo|2026-05-13 20:37:29
3057|195|Mekarsari|mekarsari|2026-05-13 20:58:58
7216|506|Uluan|uluan|2026-05-13 22:55:05
3611|249|Way Tenong|way-tenong|2026-05-13 21:15:23
7082|498|Portibi|portibi|2026-05-13 22:50:32
6941|490|Kualuh Hulu|kualuh-hulu|2026-05-13 22:45:52
3249|213|Bukit Santuai|bukit-santuai|2026-05-13 21:05:05
6442|449|Guguak|guguak|2026-05-13 22:31:02
526|43|Air Napal|air-napal|2026-05-13 19:43:09
5832|400|Bacukiki|bacukiki|2026-05-13 22:13:33
4492|316|Maulafa|maulafa|2026-05-13 21:39:19
1740|112|Sampang|sampang|2026-05-13 20:18:35
1380|93|Cipunagara|cipunagara|2026-05-13 20:09:02
2220|142|Wongsorejo|wongsorejo|2026-05-13 20:33:02
5211|356|Bogabaida|bogabaida|2026-05-13 21:57:09
3104|199|Pamukan Utara|pamukan-utara|2026-05-13 21:00:33
1357|92|Bungursari|bungursari|2026-05-13 20:08:29
4802|337|Syujak|syujak|2026-05-13 21:46:51
230|16|Indra Jaya|indra-jaya|2026-05-13 19:29:59
7241|509|Medan Perjuangan|medan-perjuangan|2026-05-13 22:55:48
5482|373|Kep. Bala Balakang|kep-bala-balakang|2026-05-13 22:04:11
7117|501|Tebing Tinggi|tebing-tinggi|2026-05-13 22:51:39
2440|152|Dolopo|dolopo|2026-05-13 20:39:23
831|68|Bajubang|bajubang|2026-05-13 19:53:09
6513|454|Sijunjung|sijunjung|2026-05-13 22:32:53
757|62|Paguyaman|paguyaman|2026-05-13 19:50:51
701|55|Kotagede|kotagede|2026-05-13 19:49:17
2318|147|Jelbuk|jelbuk|2026-05-13 20:36:00
4530|318|Yapsi|yapsi|2026-05-13 21:40:18
4572|322|Pantai Timur|pantai-timur|2026-05-13 21:41:20
1699|110|Teras|teras|2026-05-13 20:17:17
5145|350|Sota|sota|2026-05-13 21:55:34
1134|84|Pacet|pacet|2026-05-13 20:02:15
4254|298|Nangapanda|nangapanda|2026-05-13 21:32:47
2020|128|Getasan|getasan|2026-05-13 20:27:32
1277|88|Purwasari|purwasari|2026-05-13 20:06:17
3092|198|Paminggir|paminggir|2026-05-13 21:00:10
3893|269|Tehoru|tehoru|2026-05-13 21:23:44
3068|196|Kandangan|kandangan|2026-05-13 20:59:19
5038|345|Nipsan|nipsan|2026-05-13 21:52:38
3410|229|Samarinda Ulu|samarinda-ulu|2026-05-13 21:09:51
4554|320|Wonawa|wonawa|2026-05-13 21:40:53
98|8|Bintang|bintang|2026-05-13 19:22:24
1974|125|Kejobong|kejobong|2026-05-13 20:25:54
5544|379|Cenrana|cenrana|2026-05-13 22:05:42
6792|478|Lubuk Linggau Utara I|lubuk-linggau-utara-i|2026-05-13 22:41:21
3144|202|Bumi Makmur|bumi-makmur|2026-05-13 21:01:45
7077|498|Halongonan Timur|halongonan-timur|2026-05-13 22:50:20
6332|438|Tondano Barat|tondano-barat|2026-05-13 22:28:03
286|23|Longkib|longkib|2026-05-13 19:32:58
3802|262|Enggal|enggal|2026-05-13 21:21:16
2641|162|Kuripan|kuripan|2026-05-13 20:45:06
3773|259|Penawar Tama|penawar-tama|2026-05-13 21:20:23
6741|474|Ulu Ogan|ulu-ogan|2026-05-13 22:39:46
5634|385|Bua Ponrang|bua-ponrang|2026-05-13 22:08:09
2496|154|Sumberpucung|sumberpucung|2026-05-13 20:40:50
5873|403|Banggai Tengah|banggai-tengah|2026-05-13 22:14:50
4175|294|Mataram|mataram|2026-05-13 21:30:49
5260|358|Gurage|gurage|2026-05-13 21:58:19
3333|221|Muara Pahu|muara-pahu|2026-05-13 21:07:36
6605|466|Pasemah Air Keruh|pasemah-air-keruh|2026-05-13 22:35:27
127|10|Darul Aman|darul-aman|2026-05-13 19:23:55
3223|210|Pasak Talawang|pasak-talawang|2026-05-13 21:04:15
4672|332|Kuri Wamesa|kuri-wamesa|2026-05-13 21:43:49
6844|482|Simpang Empat|simpang-empat|2026-05-13 22:42:45
3112|199|Pulau Sembilan|pulau-sembilan|2026-05-13 21:00:45
1293|89|Cilebak|cilebak|2026-05-13 20:06:44
1468|95|Surian|surian|2026-05-13 20:11:11
3182|207|Dusun Tengah|dusun-tengah|2026-05-13 21:03:01
7043|495|Ulususua|ulususua|2026-05-13 22:49:06
3106|199|Pulau Laut Kepulauan|pulau-laut-kepulauan|2026-05-13 21:00:36
126|10|Birem Bayeun|birem-bayeun|2026-05-13 19:23:51
4852|339|Wesaput|wesaput|2026-05-13 21:47:59
921|74|Betara|betara|2026-05-13 19:56:09
2128|134|Kalibawang|kalibawang|2026-05-13 20:30:31
3137|201|Satui|satui|2026-05-13 21:01:31
1155|85|Greged|greged|2026-05-13 20:02:52
3010|191|Pontianak Tenggara|pontianak-tenggara|2026-05-13 20:57:12
70|5|Trumon Tengah|trumon-tengah|2026-05-13 19:21:20
2922|184|Kuala Behe|kuala-behe|2026-05-13 20:53:37
6871|484|Sitinjo|sitinjo|2026-05-13 22:43:32
2182|141|Galis|galis|2026-05-13 20:32:03
858|70|Air Hangat Timur|air-hangat-timur|2026-05-13 19:53:58
424|35|Kibin|kibin|2026-05-13 19:38:28
4067|285|Lambu|lambu|2026-05-13 21:28:08
1971|125|Karangjambu|karangjambu|2026-05-13 20:25:50
1167|85|Pabedilan|pabedilan|2026-05-13 20:03:12
5943|408|Tinombo Selatan|tinombo-selatan|2026-05-13 22:16:54
5593|382|Bontonompo|bontonompo|2026-05-13 22:07:02
5930|408|Moutong|moutong|2026-05-13 22:16:33
6356|440|Ratahan|ratahan|2026-05-13 22:28:45
5551|379|Libureng|libureng|2026-05-13 22:05:54
799|65|Atinggola|atinggola|2026-05-13 19:52:15
2205|142|Kabat|kabat|2026-05-13 20:32:41
6473|451|Mapat Tunggul|mapat-tunggul|2026-05-13 22:31:47
4776|336|Teminabuan|teminabuan|2026-05-13 21:46:14
3895|269|Telutih|telutih|2026-05-13 21:23:47
1388|93|Pabuaran|pabuaran|2026-05-13 20:09:14
60|5|Kota Bahagia|kota-bahagia|2026-05-13 19:20:57
3743|258|Bandar Negeri Semuong|bandar-negeri-semuong|2026-05-13 21:19:26
1637|107|Purwojati|purwojati|2026-05-13 20:15:17
5741|393|Marioriwawo|marioriwawo|2026-05-13 22:11:06
172|11|Syamtalira Bayu|syamtalira-bayu|2026-05-13 19:26:31
5661|387|Baebunta Selatan|baebunta-selatan|2026-05-13 22:08:55
5042|345|Pronggoli|pronggoli|2026-05-13 21:52:44
2322|147|Kaliwates|kaliwates|2026-05-13 20:36:05
106|8|Pegasing|pegasing|2026-05-13 19:22:43
3368|223|Muara Bengkal|muara-bengkal|2026-05-13 21:08:35
4748|335|Mariat|mariat|2026-05-13 21:45:34
6967|491|Tanjung Pura|tanjung-pura|2026-05-13 22:46:37
4718|334|Misool Barat|misool-barat|2026-05-13 21:44:54
6700|472|Muara Kuang|muara-kuang|2026-05-13 22:38:27
4774|336|Sawiat|sawiat|2026-05-13 21:46:12
4240|297|Tasifetotimur|tasifetotimur|2026-05-13 21:32:24
3084|197|Pandawan|pandawan|2026-05-13 20:59:49
439|35|Waringinkurung|waringinkurung|2026-05-13 19:39:02
4405|310|Kewapante|kewapante|2026-05-13 21:36:57
2529|156|Loceret|loceret|2026-05-13 20:41:48
413|35|Baros|baros|2026-05-13 19:38:04
325|29|Kubu|kubu|2026-05-13 19:34:38
1622|107|Ajibarang|ajibarang|2026-05-13 20:14:52
6161|425|Landawe|landawe|2026-05-13 22:23:17
2687|165|Arjasa|arjasa|2026-05-13 20:46:31
3801|262|Bumi Waras|bumi-waras|2026-05-13 21:21:15
6973|492|Kotanopan|kotanopan|2026-05-13 22:46:50
4584|324|Inggerus|inggerus|2026-05-13 21:41:37
4619|327|Teluk Arguni Atas|teluk-arguni-atas|2026-05-13 21:42:29
5444|370|Payung Sekaki|payung-sekaki|2026-05-13 22:03:11
1406|94|Cibadak|cibadak|2026-05-13 20:09:40
5974|410|Marawola|marawola|2026-05-13 22:17:47
1941|123|Lebakbarang|lebakbarang|2026-05-13 20:24:58
2508|155|Gondang|gondang|2026-05-13 20:41:09
4913|342|Krepkuri|krepkuri|2026-05-13 21:49:31
5799|397|Maniangpajo|maniangpajo|2026-05-13 22:12:38
365|33|Lebakgedong|lebakgedong|2026-05-13 19:36:17
3536|243|Moro|moro|2026-05-13 21:13:30
4094|287|Lembar|lembar|2026-05-13 21:28:49
5766|395|Rantetayo|rantetayo|2026-05-13 22:11:45
7065|497|Lubuk Barumun|lubuk-barumun|2026-05-13 22:49:48
1019|80|Rongga|rongga|2026-05-13 19:58:54
48|4|Krueng Sabee|krueng-sabee|2026-05-13 19:20:31
2524|156|Berbek|berbek|2026-05-13 20:41:39
2084|132|Bulu|bulu|2026-05-13 20:29:19
1889|120|Undaan|undaan|2026-05-13 20:23:18
92|7|Seruway|seruway|2026-05-13 19:22:09
1964|124|Watukumpul|watukumpul|2026-05-13 20:25:36
5191|354|Wania|wania|2026-05-13 21:56:42
71|5|Trumon Timur|trumon-timur|2026-05-13 19:21:22
4869|340|Gupura|gupura|2026-05-13 21:48:25
5558|379|Tanete Riattang|tanete-riattang|2026-05-13 22:06:06
7269|513|Sei Tualang Raso|sei-tualang-raso|2026-05-13 22:56:34
7201|506|Ajibata|ajibata|2026-05-13 22:54:34
1093|83|Cimaragas|cimaragas|2026-05-13 20:01:03
2114|133|Manyaran|manyaran|2026-05-13 20:30:08
4179|295|Amanatun Selatan|amanatun-selatan|2026-05-13 21:30:55
7133|502|Huta Bayu Raja|huta-bayu-raja|2026-05-13 22:52:08
1639|107|Purwokerto Selatan|purwokerto-selatan|2026-05-13 20:15:20
5180|354|Jita|jita|2026-05-13 21:56:27
3640|251|Padang Ratu|padang-ratu|2026-05-13 21:16:20
1080|82|Tajurhalang|tajurhalang|2026-05-13 20:00:39
2006|127|Rembang|rembang|2026-05-13 20:27:07
2056|130|Grogol|grogol|2026-05-13 20:28:30
5328|362|Bangkinang Kota|bangkinang-kota|2026-05-13 22:00:16
5412|367|Rambah Samo|rambah-samo|2026-05-13 22:02:24
5108|348|Mindiptana|mindiptana|2026-05-13 21:54:32
4839|339|Siepkosi|siepkosi|2026-05-13 21:47:41
97|8|Bies|bies|2026-05-13 19:22:21
445|36|Gunung Kaler|gunung-kaler|2026-05-13 19:39:18
6128|423|Wawonii Selatan|wawonii-selatan|2026-05-13 22:22:14
2514|155|Mojosari|mojosari|2026-05-13 20:41:21
1077|82|Sukajaya|sukajaya|2026-05-13 20:00:34
6840|482|Sei Kepayang Barat|sei-kepayang-barat|2026-05-13 22:42:39
3957|276|Bacan Timur|bacan-timur|2026-05-13 21:25:30
1782|115|Kedung|kedung|2026-05-13 20:19:57
5468|372|Mehalaan|mehalaan|2026-05-13 22:03:48
130|10|Idi Rayeuk|idi-rayeuk|2026-05-13 19:24:04
6788|478|Lubuk Linggau Selatan I|lubuk-linggau-selatan-i|2026-05-13 22:41:15
300|25|Tembuku|tembuku|2026-05-13 19:33:35
2728|166|Sapeken|sapeken|2026-05-13 20:47:41
4614|326|Tomage|tomage|2026-05-13 21:42:21
2428|151|Randuagung|randuagung|2026-05-13 20:39:04
4615|326|Wartutin|wartutin|2026-05-13 21:42:23
3659|252|Batanghari Nuban|batanghari-nuban|2026-05-13 21:16:53
2067|131|Bumijawa|bumijawa|2026-05-13 20:28:50
2367|149|Grogol|grogol|2026-05-13 20:37:16
1105|83|Rajadesa|rajadesa|2026-05-13 20:01:23
4348|304|Sano Nggoang|sano-nggoang|2026-05-13 21:35:20
1465|95|Sukasari|sukasari|2026-05-13 20:11:06
2001|127|Kaliori|kaliori|2026-05-13 20:26:56
6979|492|Natal|natal|2026-05-13 22:47:02
1667|109|Cepu|cepu|2026-05-13 20:16:17
7207|506|Lumban Julu|lumban-julu|2026-05-13 22:54:47
7053|496|Sitolu Ori|sitolu-ori|2026-05-13 22:49:23
7199|505|Sipoholon|sipoholon|2026-05-13 22:54:28
3982|276|Pulau Makian|pulau-makian|2026-05-13 21:26:02
6989|492|Sinunukan|sinunukan|2026-05-13 22:47:24
4555|320|Yapen Barat|yapen-barat|2026-05-13 21:40:55
2906|182|Singkup|singkup|2026-05-13 20:53:06
3770|259|Menggala Timur|menggala-timur|2026-05-13 21:20:19
832|68|Batin Xxiv|batin-xxiv|2026-05-13 19:53:12
6780|476|Semendawai Timur|semendawai-timur|2026-05-13 22:41:00
7266|512|Sibolga Utara|sibolga-utara|2026-05-13 22:56:29
1610|106|Pagedongan|pagedongan|2026-05-13 20:14:31
5865|402|Peling Tengah|peling-tengah|2026-05-13 22:14:35
4372|307|Golewa|golewa|2026-05-13 21:36:05
2637|162|Kotaanyar|kotaanyar|2026-05-13 20:44:59
810|66|Dengilo|dengilo|2026-05-13 19:52:33
2245|144|Bojonegoro|bojonegoro|2026-05-13 20:33:44
4644|330|Minyambaouw|minyambaouw|2026-05-13 21:43:14
5041|345|Pasema|pasema|2026-05-13 21:52:42
3898|270|Kei Besar|kei-besar|2026-05-13 21:23:52
4101|288|Jonggat|jonggat|2026-05-13 21:29:01
2237|143|Talun|talun|2026-05-13 20:33:29
2053|130|Bendosari|bendosari|2026-05-13 20:28:25
3787|261|Banjit|banjit|2026-05-13 21:20:48
902|72|Kumpeh Ulu|kumpeh-ulu|2026-05-13 19:55:22
5435|369|Dumai Selatan|dumai-selatan|2026-05-13 22:02:58
5673|387|Sukamaju Selatan|sukamaju-selatan|2026-05-13 22:09:15
734|59|Pasar Minggu|pasar-minggu|2026-05-13 19:50:11
2184|141|Kamal|kamal|2026-05-13 20:32:07
4591|324|Wapoga|wapoga|2026-05-13 21:41:47
2561|158|Arjosari|arjosari|2026-05-13 20:42:36
5829|399|Wara Selatan|wara-selatan|2026-05-13 22:13:28
6666|469|Lalan|lalan|2026-05-13 22:37:22
6688|471|Karang Dapo|karang-dapo|2026-05-13 22:38:05
6030|414|Rumbia|rumbia|2026-05-13 22:19:21
1340|90|Sindang|sindang|2026-05-13 20:08:04
781|64|Batudaa Pantai|batudaa-pantai|2026-05-13 19:51:35
4329|303|Lelak|lelak|2026-05-13 21:34:49
403|34|Patia|patia|2026-05-13 19:37:41
2790|172|Kota|kota|2026-05-13 20:49:56
761|63|Bone|bone|2026-05-13 19:51:00
2277|145|Jambesari Darus Sholah|jambesari-darus-sholah|2026-05-13 20:34:40
1101|83|Panawangan|panawangan|2026-05-13 20:01:16
2888|181|Sukadana|sukadana|2026-05-13 20:52:34
2966|187|Subah|subah|2026-05-13 20:55:32
565|45|Tebat Karai|tebat-karai|2026-05-13 19:44:31
2982|188|Sekayam|sekayam|2026-05-13 20:56:02
5715|391|Dua Pitue|dua-pitue|2026-05-13 22:10:23
1996|126|Pituruh|pituruh|2026-05-13 20:26:43
527|43|Air Padang|air-padang|2026-05-13 19:43:11
2178|141|Arosbaya|arosbaya|2026-05-13 20:31:56
5395|366|Rantau Kopar|rantau-kopar|2026-05-13 22:02:00
2614|161|Jambon|jambon|2026-05-13 20:44:21
3430|231|Malinau Kota|malinau-kota|2026-05-13 21:10:24
6231|430|Wua-Wua|wua-wua|2026-05-13 22:25:08
5986|411|Togean|togean|2026-05-13 22:18:09
81|6|Singkohor|singkohor|2026-05-13 19:21:43
2294|146|Balongpanggang|balongpanggang|2026-05-13 20:35:09
1681|110|Andong|andong|2026-05-13 20:16:45
2901|182|Nanga Tayap|nanga-tayap|2026-05-13 20:52:57
6661|469|Batang Hari Leko|batang-hari-leko|2026-05-13 22:37:13
896|71|Tabir Ulu|tabir-ulu|2026-05-13 19:55:10
423|35|Jawilan|jawilan|2026-05-13 19:38:26
6045|416|Siompu|siompu|2026-05-13 22:19:48
5457|371|Pamboang|pamboang|2026-05-13 22:03:31
6969|492|Batahan|batahan|2026-05-13 22:46:41
4685|333|Aifat|aifat|2026-05-13 21:44:07
4772|336|Saifi|saifi|2026-05-13 21:46:09
870|70|Sitinjau Laut|sitinjau-laut|2026-05-13 19:54:22
1323|90|Cikijing|cikijing|2026-05-13 20:07:37
1818|117|Karanggayam|karanggayam|2026-05-13 20:21:03
974|78|Tanah Kampung|tanah-kampung|2026-05-13 19:57:37
4743|335|Klawak|klawak|2026-05-13 21:45:27
6760|475|Warkuk Ranau Selatan|warkuk-ranau-selatan|2026-05-13 22:40:20
2852|179|Sanggau Ledo|sanggau-ledo|2026-05-13 20:51:34
6457|450|Enam Lingkung|enam-lingkung|2026-05-13 22:31:24
5104|348|Kombut|kombut|2026-05-13 21:54:27
826|67|Kota Selatan|kota-selatan|2026-05-13 19:52:59
4108|288|Pringgarata|pringgarata|2026-05-13 21:29:12
3861|267|Yaru|yaru|2026-05-13 21:22:51
6508|454|Iv Nagari|iv-nagari|2026-05-13 22:32:43
6467|450|V Koto Kampung Dalam|v-koto-kampung-dalam|2026-05-13 22:31:37
3322|220|Teluk Bayur|teluk-bayur|2026-05-13 21:07:15
2980|188|Noyan|noyan|2026-05-13 20:55:58
1809|117|Adimulyo|adimulyo|2026-05-13 20:20:44
4368|306|Wolowae|wolowae|2026-05-13 21:35:57
4384|308|Ndao Nuse|ndao-nuse|2026-05-13 21:36:26
1315|89|Pasawahan|pasawahan|2026-05-13 20:07:24
1194|86|Cikajang|cikajang|2026-05-13 20:03:59
350|33|Bojongmanik|bojongmanik|2026-05-13 19:35:42
4958|343|Oksebang|oksebang|2026-05-13 21:50:40
4962|343|Pepera|pepera|2026-05-13 21:50:45
1536|97|Mandalajati|mandalajati|2026-05-13 20:12:44
4715|334|Kota Waisai|kota-waisai|2026-05-13 21:44:50
4871|340|Kelulome|kelulome|2026-05-13 21:48:28
5915|407|Lembo|lembo|2026-05-13 22:16:06
6097|421|Watunohu|watunohu|2026-05-13 22:21:19
6699|472|Lubuk Keliat|lubuk-keliat|2026-05-13 22:38:25
6547|457|Sungayang|sungayang|2026-05-13 22:33:40
2434|151|Tekung|tekung|2026-05-13 20:39:12
7060|497|Barumun Selatan|barumun-selatan|2026-05-13 22:49:36
956|77|Alam Barajo|alam-barajo|2026-05-13 19:57:10
1754|113|Sayung|sayung|2026-05-13 20:19:03
1792|116|Colomadu|colomadu|2026-05-13 20:20:15
2099|132|Tlogomulyo|tlogomulyo|2026-05-13 20:29:44
5172|353|Ugimba|ugimba|2026-05-13 21:56:16
5807|397|Tempe|tempe|2026-05-13 22:12:54
1078|82|Sukamakmur|sukamakmur|2026-05-13 20:00:36
6806|480|Ilir Timur Tiga|ilir-timur-tiga|2026-05-13 22:41:45
6007|413|Palu Utara|palu-utara|2026-05-13 22:18:45
6000|412|Lampasio|lampasio|2026-05-13 22:18:34
1417|94|Cimanggu|cimanggu|2026-05-13 20:09:55
5481|373|Kalumpang|kalumpang|2026-05-13 22:04:09
2055|130|Gatak|gatak|2026-05-13 20:28:28
996|79|Nagreg|nagreg|2026-05-13 19:58:14
4208|295|Santian|santian|2026-05-13 21:31:39
5892|405|Banawa Selatan|banawa-selatan|2026-05-13 22:15:22
30|3|Kota Jantho|kota-jantho|2026-05-13 19:19:42
4788|337|Kebar Selatan|kebar-selatan|2026-05-13 21:46:31
